keyword,volume,url,kind,deal,property_type,province,district,rank_latest,cate2,cate3,sheet_province,sheet_district
nhà đất,5.400,https://muaban.net/bat-dong-san,cate,,,,,ngoai top 30,Bất động sản,Bất động sản,Toàn quốc,
Mua bán nhà đất,2.900,https://muaban.net/bat-dong-san,cate,,,,,4,Bất động sản,Bất động sản,Toàn quốc,
Mua bán bất động sản,1.000,https://muaban.net/bat-dong-san,cate,,,,,7,Bất động sản,Bất động sản,Toàn quốc,
sang quán cafe dưới 60tr,210,https://muaban.net/tags/sang-quan-cafe-duoi-60-trieu,tag,,,,,2,Tags,Tags,,
sang quán cafe bình thạnh giá rẻ,110,https://muaban.net/tags/sang-quan-cafe-binh-thanh,tag,,,,,8,Tags,Tags,,
sang quán cafe thủ đức,110,https://muaban.net/tags/sang-quan-cafe-thu-duc,tag,,,,,10,Tags,Tags,,
sang quán cơm giá rẻ tphcm,110,https://muaban.net/tags/sang-quan-com-gia-re-tphcm,tag,,,,quan-com-gia,4,Tags,Tags,,
sang tiệm tóc nữ giá rẻ,110,https://muaban.net/tags/sang-tiem-toc-nu-gia-re,tag,,,,,9,Tags,Tags,,
sang tiệm tạp hóa nhỏ,110,https://muaban.net/tags/sang-tiem-tap-hoa-nho,tag,,,,,1,Tags,Tags,,
căn hộ 1 phòng ngủ,720,https://muaban.net/tags/can-ho-1-phong-ngu,tag,,can ho,,,ngoai top 30,Cho thuê nhà đất,Tags,Lâm Đồng,TP. Đà Lạt
căn hộ 2 phòng ngủ,720,https://muaban.net/tags/can-ho-2-phong-ngu,tag,,can ho,,,5,Mua bán nhà đất,Tags,Hà Nội,Quận Hà Đông
chung cư cũ,590,https://muaban.net/tags/chung-cu-cu,tag,,can ho,,,ngoai top 30,Cho thuê nhà đất,Tags,Thừa Thiên Huế,
bán chung cư 3 phòng ngủ,480,https://muaban.net/tags/chung-cu-3-phong-ngu,tag,,can ho,,,9,Tags,Tags,,
chung cư 3 phòng ngủ,480,https://muaban.net/tags/chung-cu-3-phong-ngu,tag,,can ho,,,6,Mua bán nhà đất,Tags,Bắc Ninh,Huyện Thuận Thành
mua chung cư trả góp dưới 1 tỷ,140,https://muaban.net/tags/mua-chung-cu-tra-gop-duoi-1-ty,tag,,can ho,,,17,Tags,Tags,,
mua nhà dưới 300 triệu,880,https://muaban.net/tags/mua-nha-nho-duoi-300-trieu,tag,,nha,,,4,Tags,Tags,,
mua nhà nhỏ dưới 300 triệu,880,https://muaban.net/tags/mua-nha-nho-duoi-300-trieu,tag,,nha,,,8,Mua bán nhà đất,Tags,TPHCM,Huyện Bình Chánh
bán nhà sổ hồng riêng dưới 2 tỷ,480,https://muaban.net/tags/nha-so-hong-rieng-duoi-2-ty,tag,,nha,,,6,Tags,Tags,,
nhà sổ hồng riêng dưới 2 tỷ,480,https://muaban.net/tags/nha-so-hong-rieng-duoi-2-ty,tag,,nha,,,8,Mua bán nhà đất,Tags,Long An,Huyện Cần Đước
mua nhà quận 12 sổ hồng riêng,170,https://muaban.net/tags/mua-nha-quan-12-co-so-hong-rieng,tag,,nha,,quan-12-co,4,Tags,Tags,,
nhà bình tân dưới 2 tỷ,170,https://muaban.net/tags/nha-binh-tan-duoi-2-ty,tag,,nha,,,3,Tags,Tags,,
mua nhà dưới 500 triệu ở quận 8,140,https://muaban.net/tags/mua-nha-duoi-500-trieu-quan-8,tag,,nha,,quan-8,6,Tags,Tags,,
bán nhà hòa xuân đà nẵng dưới 3 tỷ,110,https://muaban.net/tags/nha-phuong-hoa-xuan-quan-cam-le-duoi-3-ty,tag,,nha,,quan-cam-le,5,Tags,Tags,,
mua nhà quận thanh xuân từ 2 đến 3 tỷ,110,https://muaban.net/tags/mua-nha-quan-thanh-xuan-tu-2-den-3-ty,tag,,nha,,quan-thanh-xuan,8,Tags,Tags,,
nhà hẻm xe hơi quận 10,100,https://muaban.net/tags/nha-hem-xe-hoi-quan-10,tag,,nha,,quan-10,9,Tags,Tags,,
cho thuê nhà trọ sinh viên,3.600,https://muaban.net/tags/phong-tro-sinh-vien,tag,,"nha tro, phong tro",,,ngoai top 30,Tags,Tags,,
nhà trọ sinh viên,3.600,https://muaban.net/tags/phong-tro-sinh-vien,tag,,"nha tro, phong tro",,,ngoai top 30,Bất động sản,Tags,Tiền Giang,
phòng trọ giá 800k,720,https://muaban.net/tags/tim-phong-tro-gia-800k,tag,,"nha tro, phong tro",,,10,Tags,Tags,,
tìm phòng trọ giá 800k,720,https://muaban.net/tags/tim-phong-tro-gia-800k,tag,,"nha tro, phong tro",,,10,Bất động sản,Tags,Đồng Tháp,Huyện Cao Lãnh
phòng trọ cao cấp,390,https://muaban.net/tags/phong-tro-cao-cap,tag,,"nha tro, phong tro",,,5,Mua bán nhà đất,Tags,Khánh Hòa,TP. Nha Trang
phòng trọ cao cấp cho thuê,390,https://muaban.net/tags/phong-tro-cao-cap,tag,,"nha tro, phong tro",,,5,Tags,Tags,,
cho thuê phòng trọ giá 600k,320,https://muaban.net/tags/phong-tro-gia-600k,tag,,"nha tro, phong tro",,,3,Tags,Tags,,
cho thuê phòng trọ 500k,260,https://muaban.net/tags/phong-tro-500k,tag,,"nha tro, phong tro",,,4,Tags,Tags,,
phòng trọ cho thuê quận 8 giá 1 triệu,260,https://muaban.net/tags/phong-tro-quan-8-gia-1-trieu,tag,,"nha tro, phong tro",,quan-8-gia,6,Bất động sản,Tags,Hà Nội,Quận Đống Đa
thuê phòng trọ công nhân,210,https://muaban.net/tags/phong-tro-cong-nhan,tag,,"nha tro, phong tro",,,8,Tags,Tags,,
thuê phòng trọ full nội thất,170,https://muaban.net/tags/phong-tro-full-noi-that,tag,,"nha tro, phong tro",,,3,Tags,Tags,,
Căn hộ,9.900,https://muaban.net/bat-dong-san/ban-can-ho,cate,ban,can ho,,,ngoai top 30,Mua bán nhà đất,Bán căn hộ,,
mua chung cư trả góp,1.300,https://muaban.net/tags/ban-chung-cu-tra-gop,tag,ban,can ho,,,ngoai top 30,Mua bán nhà đất,Tags,Đồng Nai,
chung cư 2 phòng ngủ,590,https://muaban.net/tags/ban-chung-cu-2-phong-ngu,tag,ban,can ho,,,4,Cho thuê nhà đất,Tags,Thừa Thiên Huế,
bán chung cư mini,480,https://muaban.net/tags/mua-ban-chung-cu-mini,tag,ban,can ho,,,7,Mua bán nhà đất,Tags,Khánh Hòa,Thị Xã Ninh Hoà
mua bán chung cư mini,480,https://muaban.net/tags/mua-ban-chung-cu-mini,tag,ban,can ho,,,9,Tags,Tags,,
bán chung cư mini giá 300 triệu,210,https://muaban.net/tags/mua-ban-chung-cu-mini-duoi-300-trieu,tag,ban,can ho,,,7,Tags,Tags,,
Chung cư Quận 2 dưới 2 tỷ,170,https://muaban.net/tags/mua-ban-chung-cu-quan-2-tp-thu-duc-duoi-2-ty,tag,ban,can ho,,quan-2-tp,4,Tags,Tags,,
Chung cư Vũng Tàu dưới 1 tỷ,170,https://muaban.net/tags/mua-ban-chung-cu-vung-tau-duoi-1-ty,tag,ban,can ho,,,7,Tags,Tags,,
Chung cư Quận 2 dưới 3 tỷ,110,https://muaban.net/tags/mua-ban-chung-cu-quan-2-tp-thu-duc-duoi-3-ty,tag,ban,can ho,,quan-2-tp,3,Tags,Tags,,
Chung cư Quận 9 dưới 2 tỷ,110,https://muaban.net/tags/mua-ban-chung-cu-quan-9-tp-thu-duc-duoi-2-ty,tag,ban,can ho,,quan-9-tp,7,Tags,Tags,,
bán đất,3.600,https://muaban.net/bat-dong-san/ban-dat,cate,ban,dat,,,ngoai top 30,Mua bán nhà đất,Bán đất,,
bán đất khu dân cư thành hiếu,1.900,https://muaban.net/tags/ban-dat-khu-dan-cu-thanh-hieu,tag,ban,dat,,,ngoai top 30,Mua bán nhà đất,Tags,TPHCM,Huyện Củ Chi
bán đất vườn 100 triệu,880,https://muaban.net/tags/ban-dat-vuon-100-trieu,tag,ban,dat,,,6,Tags,Tags,,
bán đất vườn giá 100 triệu,880,https://muaban.net/tags/ban-dat-vuon-100-trieu,tag,ban,dat,,,6,Mua bán nhà đất,Tags,TPHCM,TP. Thủ Đức
bán đất đấu giá đông anh​,390,https://muaban.net/tags/mua-ban-dat-dau-gia-dong-anh,tag,ban,dat,,,21,Mua bán nhà đất,Tags,TPHCM,Huyện Củ Chi
đất giá rẻ dưới 200 triệu,300,https://muaban.net/tags/mua-ban-dat-gia-re-duoi-200-trieu,tag,ban,dat,,,2,Tags,Tags,,
mua đất nhỏ giá 150 triệu,250,https://muaban.net/tags/mua-ban-dat-gia-150-trieu,tag,ban,dat,,,1,Tags,Tags,,
bán đất long phước quận 9,210,https://muaban.net/tags/ban-dat-long-phuoc-quan-9,tag,ban,dat,,quan-9,10,Tags,Tags,,
bán đất dịch vụ khu c yên nghĩa,170,https://muaban.net/tags/ban-dat-dich-vu-khu-c-yen-nghia,tag,ban,dat,,,5,Tags,Tags,,
bán đất khu dân cư cát lái quận 2,170,https://muaban.net/tags/ban-dat-khu-dan-cu-cat-lai,tag,ban,dat,,,3,Tags,Tags,,
bán đất gia lâm dưới 500 triệu,150,https://muaban.net/tags/mua-ban-dat-huyen-gia-lam-duoi-500-trieu,tag,ban,dat,,huyen-gia-lam,5,Tags,Tags,,
bán đất quận 9 giá 300 triệu,150,https://muaban.net/tags/mua-ban-dat-quan-9-gia-300-trieu,tag,ban,dat,,quan-9-gia,4,Tags,Tags,,
bán đất cao viên thanh oai,140,https://muaban.net/tags/ban-dat-cao-vien-thanh-oai,tag,ban,dat,,,10,Tags,Tags,,
bán đất khu đô thị thanh hà,140,https://muaban.net/tags/ban-dat-khu-do-thi-thanh-ha,tag,ban,dat,,,15,Tags,Tags,,
bán đất minh trí sóc sơn,140,https://muaban.net/tags/ban-dat-minh-tri-soc-son,tag,ban,dat,,,10,Tags,Tags,,
bán đất đấu giá phú lương,140,https://muaban.net/tags/ban-dat-dau-gia-phu-luong,tag,ban,dat,,,ngoai top 30,Mua bán nhà đất,Tags,TPHCM,Huyện Hóc Môn
bán đất nam hòa xuân đường 7m5,110,https://muaban.net/tags/ban-dat-nam-hoa-xuan-duong-7m5,tag,ban,dat,,,22,Mua bán nhà đất,Tags,TPHCM,Quận Tân Phú
bán nhà,3.600,https://muaban.net/bat-dong-san/ban-nha,cate,ban,nha,,,ngoai top 30,Mua bán nhà đất,Bán nhà,,
bán nhà hẻm xe hơi quận 7,590,https://muaban.net/tags/ban-nha-hem-xe-hoi-quan-7,tag,ban,nha,,quan-7,9,Cho thuê nhà đất,Tags,Bà Rịa - Vũng Tàu,TP. Vũng Tàu
bán nhà hẻm xe hơi tại quận 7,590,https://muaban.net/tags/ban-nha-hem-xe-hoi-quan-7,tag,ban,nha,,quan-7,17,Tags,Tags,,
mua nhà dưới 500 triệu,450,https://muaban.net/tags/mua-ban-nha-gia-re-duoi-500-trieu,tag,ban,nha,,,6,Tags,Tags,,
mua nhà giá rẻ dưới 500 triệu,450,https://muaban.net/tags/mua-ban-nha-gia-re-duoi-500-trieu,tag,ban,nha,,,7,Mua bán nhà đất,Tags,Long An,
bán nhà cấp 4,320,https://muaban.net/tags/ban-nha-cap-4,tag,ban,nha,,,3,Tags,Tags,,
nhà bán quận 8 dưới 1 tỷ,260,https://muaban.net/tags/mua-ban-nha-quan-8-duoi-1-ty,tag,ban,nha,,quan-8-duoi,4,Tags,Tags,,
bán nhà tân phú giá dưới 3 tỷ,250,https://muaban.net/tags/mua-ban-nha-quan-tan-phu-duoi-3-ty,tag,ban,nha,,quan-tan-phu,4,Tags,Tags,,
bán nhà cấp 4 dưới 500 triệu,210,https://muaban.net/tags/mua-ban-nha-cap-4-duoi-500-trieu,tag,ban,nha,,,3,Tags,Tags,,
bán nhà quận 12 giá 700 triệu,200,https://muaban.net/tags/mua-ban-nha-quan-12-gia-700-trieu,tag,ban,nha,,quan-12-gia,3,Tags,Tags,,
bán nhà quận 7 giá 1 tỷ,200,https://muaban.net/tags/mua-ban-nha-quan-7-gia-1-ty,tag,ban,nha,,quan-7-gia,3,Tags,Tags,,
bán nhà quận 7 giá dưới 2 tỷ,200,https://muaban.net/tags/mua-ban-nha-quan-7-duoi-2-ty,tag,ban,nha,,quan-7-duoi,4,Tags,Tags,,
bán nhà quận 8 700 triệu,200,https://muaban.net/tags/mua-ban-nha-quan-8-gia-700-trieu,tag,ban,nha,,quan-8-gia,7,Tags,Tags,,
bán nhà quận 9 giá 500 triệu,200,https://muaban.net/tags/mua-ban-nha-quan-9-gia-500-trieu,tag,ban,nha,,quan-9-gia,3,Tags,Tags,,
Bán nhà Vũng Tàu giá 1 tỷ,170,https://muaban.net/tags/mua-ban-nha-vung-tau-1-ty,tag,ban,nha,,,10,Tags,Tags,,
Nhà Quận 2 dưới 2 tỷ,170,https://muaban.net/tags/mua-ban-nha-quan-2-tp-thu-duc-duoi-2-ty,tag,ban,nha,,quan-2-tp,1,Tags,Tags,,
bán nhà quận 12 dưới 1.5 tỷ,170,https://muaban.net/tags/ban-nha-quan-12-duoi-1-5-ty,tag,ban,nha,,quan-12-duoi,5,Tags,Tags,,
bán nhà quận 10 giá 2 đến 3 tỷ,150,https://muaban.net/tags/mua-ban-nha-quan-10-gia-2-den-3-ty,tag,ban,nha,,quan-10-gia,3,Tags,Tags,,
bán nhà quận 12 giá 800 triệu,150,https://muaban.net/tags/mua-ban-nha-quan-12-gia-800-trieu,tag,ban,nha,,quan-12-gia,3,Tags,Tags,,
bán nhà quận tân bình giá 4 tỷ,150,https://muaban.net/tags/mua-ban-nha-quan-tan-binh-gia-4-ty,tag,ban,nha,,quan-tan-binh,4,Tags,Tags,,
bán nhà tân phú giá dưới 2 tỷ,150,https://muaban.net/tags/mua-ban-nha-quan-tan-phu-duoi-2-ty,tag,ban,nha,,quan-tan-phu,3,Tags,Tags,,
mua nhà cấp 4 giá rẻ dalat dưới 700 triệu,150,https://muaban.net/tags/mua-ban-nha-cap-4-tp-da-lat-duoi-700-trieu,tag,ban,nha,,tp-da-lat,3,Tags,Tags,,
mua nhà cấp 4 giá rẻ đà lạt dưới 700 triệu,150,https://muaban.net/tags/mua-ban-nha-cap-4-tp-da-lat-duoi-700-trieu,tag,ban,nha,,tp-da-lat,2,Tags,Tags,,
mua bán nhà Quận 2 dưới 5 tỷ,140,https://muaban.net/tags/mua-ban-nha-quan-2-tp-thu-duc-duoi-5-ty,tag,ban,nha,,quan-2-tp,9,Tags,Tags,,
Bán nhà dưới 1 tỷ,120,https://muaban.net/tags/mua-ban-nha-duoi-1-ty,tag,ban,nha,,,14,Tags,Tags,,
bán nhà gò vấp giá 1 tỷ​,110,https://muaban.net/tags/ban-nha-go-vap-gia-1-ty,tag,ban,nha,,,3,Tags,Tags,,
bán nhà khu him lam quận 7,110,https://muaban.net/tags/mua-ban-nha-tai-khu-him-lam-quan-7,tag,ban,nha,,quan-7,7,Tags,Tags,,
bán nhà ngõ 105 láng hạ,110,https://muaban.net/tags/ban-nha-ngo-105-lang-ha,tag,ban,nha,,,20,Tags,Tags,,
bán nhà ngõ 279 đội cấn,110,https://muaban.net/tags/ban-nha-ngo-279-doi-can,tag,ban,nha,,,ngoai top 30,Tags,Tags,,
bán nhà ngõ gốc đề,110,https://muaban.net/tags/ban-nha-ngo-goc-de,tag,ban,nha,,,9,Tags,Tags,,
bán nhà quận 5 giá 2 đến 3 tỷ,110,https://muaban.net/tags/ban-nha-quan-5-gia-2-den-3-ty,tag,ban,nha,,quan-5-gia,3,Tags,Tags,,
bán nhà tập thể 700 triệu,110,https://muaban.net/tags/mua-ban-nha-tap-the-700-trieu,tag,ban,nha,,,2,Tags,Tags,,
mua nhà cấp 4 giá rẻ quận 9,110,https://muaban.net/tags/ban-nha-cap-4-quan-9-tp-thu-duc,tag,ban,nha,,quan-9-tp,5,Tags,Tags,,
nhà bán tại pleiku giá 400t,110,https://muaban.net/tags/nha-ban-tai-pleiku-gia-400t,tag,ban,nha,,,3,Tags,Tags,,
bán nhà cấp 4 dưới 200 triệu,100,https://muaban.net/tags/mua-ban-nha-cap-4-duoi-200-trieu,tag,ban,nha,,,8,Tags,Tags,,
bán nhà mặt ngõ kinh doanh giá 3 tỷ,100,https://muaban.net/tags/mua-ban-nha-mat-ngo-kinh-doanh-gia-3-ty,tag,ban,nha,,,4,Tags,Tags,,
bán nhà quận bình thạnh giá 2 tỷ,100,https://muaban.net/tags/mua-ban-nha-quan-binh-thanh-gia-2-ty,tag,ban,nha,,quan-binh-thanh,3,Tags,Tags,,
bán nhà quận bình tân giá 1 tỷ,100,https://muaban.net/tags/mua-ban-nha-quan-binh-tan-gia-1-ty,tag,ban,nha,,quan-binh-tan,10,Tags,Tags,,
bán nhà quận tân bình giá dưới 2 tỷ,100,https://muaban.net/tags/mua-ban-nha-quan-tan-binh-gia-duoi-2-ty,tag,ban,nha,,quan-tan-binh,3,Tags,Tags,,
bán nhà trong ngõ giá 1 tỷ,100,https://muaban.net/tags/mua-ban-nha-trong-ngo-gia-1-ty,tag,ban,nha,,,12,Tags,Tags,,
mua nhà quận 7 giá 700 triệu,100,https://muaban.net/tags/mua-ban-nha-quan-7-gia-700-trieu,tag,ban,nha,,quan-7-gia,9,Tags,Tags,,
nha ban duoi 2 ty,100,https://muaban.net/tags/mua-ban-nha-duoi-2-ty,tag,ban,nha,,,9,Tags,Tags,,
nhà bán quận 6 giá 700 triệu,100,https://muaban.net/tags/mua-ban-nha-quan-6-gia-700-trieu,tag,ban,nha,,quan-6-gia,2,Tags,Tags,,
Nhà đất Vũng Tàu dưới 3 tỷ,210,https://muaban.net/tags/mua-ban-nha-dat-vung-tau-duoi-3-ty,tag,ban,nha dat,,,6,Tags,Tags,,
Bán nhà đất dưới 300 triệu,110,https://muaban.net/tags/mua-ban-nha-dat-duoi-300-trieu,tag,ban,nha dat,,,4,Tags,Tags,,
Bán nhà đất giá dưới 300 triệu,110,https://muaban.net/tags/mua-ban-nha-dat-duoi-300-trieu,tag,ban,nha dat,,,4,Sang nhượng cửa hàng,Tags,TPHCM,Quận 6
Nhà đất Vũng Tàu dưới 2 tỷ,110,https://muaban.net/tags/mua-ban-nha-dat-vung-tau-duoi-2-ty,tag,ban,nha dat,,,7,Tags,Tags,,
thuê phòng trọ có ban công,110,https://muaban.net/tags/phong-tro-co-ban-cong,tag,ban,"nha tro, phong tro",,,3,Tags,Tags,,
cho thuê trang trại nhỏ,210,https://muaban.net/tags/cho-thue-trang-trai-nho,tag,cho thue,,,,10,Tags,Tags,,
dãy trọ cho thuê,110,https://muaban.net/tags/day-tro-cho-thue,tag,cho thue,,,,2,Tags,Tags,,
cho thuê trang trại,100,https://muaban.net/tags/cho-thue-trang-trai,tag,cho thue,,,,4,Tags,Tags,,
cho thuê nhà mega village,110,https://muaban.net/tags/cho-thue-nha-mega-village,tag,cho thue,"biet thu, villa",,,8,Tags,Tags,,
cho thuê chung cư mini,1.000,https://muaban.net/tags/thue-chung-cu-mini,tag,cho thue,can ho,,,7,Mua bán nhà đất,Tags,Đà Nẵng,
Thuê chung cư mini giá 2 triệu,480,https://muaban.net/tags/cho-thue-chung-cu-mini-gia-2-trieu,tag,cho thue,can ho,,,8,Tags,Tags,,
Thuê chung cư mini giá 2tr,480,https://muaban.net/tags/cho-thue-chung-cu-mini-gia-2-trieu,tag,cho thue,can ho,,,8,Cho thuê nhà đất,Tags,TPHCM,Quận 9 (TP. Thủ Đức)
thuê chung cư 1 phòng ngủ,480,https://muaban.net/tags/cho-thue-chung-cu-1-phong-ngu,tag,cho thue,can ho,,,7,Cho thuê nhà đất,Tags,Đà Nẵng,
tìm thuê chung cư 1 phòng ngủ,480,https://muaban.net/tags/cho-thue-chung-cu-1-phong-ngu,tag,cho thue,can ho,,,5,Tags,Tags,,
Thuê chung cư 2 phòng ngủ,320,https://muaban.net/tags/cho-thue-chung-cu-2-phong-ngu,tag,cho thue,can ho,,,4,Tags,Tags,,
thuê chung cư 2 phòng ngủ giá 6 triệu,150,https://muaban.net/tags/cho-thue-chung-cu-gia-6-trieu,tag,cho thue,can ho,,,4,Tags,Tags,Bạc Liêu,Thành Phố Bạc Liêu
Cho thuê chung cư Quận 2 giá 4 triệu,110,https://muaban.net/tags/cho-thue-chung-cu-mini-quan-2-tp-thu-duc-gia-4-trieu,tag,cho thue,can ho,,quan-2-tp,10,Tags,Tags,,
Thuê chung cư 3 phòng ngủ,110,https://muaban.net/tags/cho-thue-chung-cu-3-phong-ngu,tag,cho thue,can ho,,,8,Tags,Tags,,
cho thuê mặt bằng chung cư,100,https://muaban.net/tags/cho-thue-mat-bang-tai-chung-cu,tag,cho thue,can ho,,,2,Tags,Tags,,
cho thuê đất trồng cây lâu năm,480,https://muaban.net/tags/cho-thue-dat-trong-cay-lau-nam,tag,cho thue,dat,,,6,Bất động sản,Tags,Hải Dương,
cho thuê đất vườn,260,https://muaban.net/tags/cho-thue-dat-vuon,tag,cho thue,dat,,,10,Tags,Tags,,
cho thuê đất vườn hóc môn,140,https://muaban.net/tags/cho-thue-dat-vuon-huyen-hoc-mon,tag,cho thue,dat,,huyen-hoc-mon,6,Tags,Tags,,
cho thuê đất vườn bình chánh,110,https://muaban.net/tags/cho-thue-dat-vuon-huyen-binh-chanh,tag,cho thue,dat,,huyen-binh-chanh,7,Tags,Tags,,
thuê mặt bằng gần chợ,880,https://muaban.net/tags/cho-thue-mat-bang-gan-cho,tag,cho thue,"mat bang, cua hang",,,2,Tags,Tags,,
thuê mặt bằng gần chợ giá rẻ,880,https://muaban.net/tags/cho-thue-mat-bang-gan-cho,tag,cho thue,"mat bang, cua hang",,,2,Mua bán nhà đất,Tags,Sóc Trăng,
cho thuê cửa hàng giá 3 đến 5 triệu,390,https://muaban.net/tags/cho-thue-cua-hang-tu-3-den-5-trieu,tag,cho thue,"mat bang, cua hang",,,6,Tags,Tags,,
cho thuê cửa hàng từ 3 đến 5 triệu,390,https://muaban.net/tags/cho-thue-cua-hang-tu-3-den-5-trieu,tag,cho thue,"mat bang, cua hang",,,6,Mua bán nhà đất,Tags,TPHCM,Huyện Bình Chánh
Cho thuê cửa hàng dưới 10 triệu,320,https://muaban.net/tags/cho-thue-cua-hang-duoi-10-trieu,tag,cho thue,"mat bang, cua hang",,,4,Tags,Tags,,
Cho thuê cửa hàng từ 10 đến 15 triệu,260,https://muaban.net/tags/cho-thue-cua-hang-tu-10-den-15-trieu,tag,cho thue,"mat bang, cua hang",,,2,Tags,Tags,,
cho thuê mặt bằng vỉa hè,210,https://muaban.net/tags/cho-thue-mat-bang-via-he,tag,cho thue,"mat bang, cua hang",,,5,Tags,Tags,,
cho thuê shophouse,200,https://muaban.net/bat-dong-san/cho-thue-cua-hang-shophouse,cate,cho thue,"mat bang, cua hang",,,7,Cho thuê nhà đất,"Cho thuê cửa hàng, shophouse",,
mặt bằng cho thuê quận bình tân giá 3-5 triệu,200,https://muaban.net/tags/cho-thue-mat-bang-quan-binh-tan-gia-3-5-trieu,tag,cho thue,"mat bang, cua hang",,quan-binh-tan,1,Tags,Tags,,
thuê mặt bằng quận 8 tạ quang bửu,170,https://muaban.net/tags/thue-mat-bang-quan-8-ta-quang-buu,tag,cho thue,"mat bang, cua hang",,quan-8-ta,4,Tags,Tags,,
cho thuê mặt bằng quận bình tân dưới 10 triệu,140,https://muaban.net/tags/cho-thue-mat-bang-quan-binh-tan-duoi-10-trieu,tag,cho thue,"mat bang, cua hang",,quan-binh-tan,3,Tags,Tags,,
mặt bằng cho thuê dưới 5 triệu ở vũng tàu,140,https://muaban.net/tags/cho-thue-mat-bang-tp-vung-tau-duoi-5-trieu,tag,cho thue,"mat bang, cua hang",,tp-vung-tau,1,Tags,Tags,,
Cho thuê mặt bằng 4 triệu,120,https://muaban.net/tags/cho-thue-mat-bang-4-trieu,tag,cho thue,"mat bang, cua hang",,,3,Bất động sản,Tags,Sóc Trăng,
cho thuê cửa hàng dưới 5 triệu,110,https://muaban.net/tags/cho-thue-cua-hang-duoi-5-trieu,tag,cho thue,"mat bang, cua hang",,,5,Tags,Tags,,
cho thuê mặt bằng bán hàng ăn,110,https://muaban.net/tags/cho-thue-mat-bang-ban-hang-an,tag,cho thue,"mat bang, cua hang",,,9,Bất động sản,Tags,Lâm Đồng,Huyện Đức Trọng
cho thuê mặt bằng cafe,110,https://muaban.net/tags/cho-thue-mat-bang-cafe,tag,cho thue,"mat bang, cua hang",,,3,Bất động sản,Tags,Hải Phòng,
cho thuê mặt bằng cao lỗ quận 8,110,https://muaban.net/tags/cho-thue-mat-bang-cao-lo-quan-8,tag,cho thue,"mat bang, cua hang",,quan-8,7,Tags,Tags,,
cho thuê mặt bằng chiều tối,110,https://muaban.net/tags/cho-thue-mat-bang-chieu-toi,tag,cho thue,"mat bang, cua hang",,,5,Mua bán nhà đất,Tags,Bình Phước,
cho thuê mặt bằng dĩ an 5tr,110,https://muaban.net/tags/cho-thue-mat-bang-di-an-5tr,tag,cho thue,"mat bang, cua hang",,,4,Tags,Tags,,
cho thuê mặt bằng ngay chợ,110,https://muaban.net/tags/cho-thue-mat-bang-gan-cho,tag,cho thue,"mat bang, cua hang",,,2,Mua bán nhà đất,Tags,Cần Thơ,
cho thuê mặt bằng quận 2 giá dưới 5 triệu,110,https://muaban.net/tags/cho-thue-mat-bang-quan-2-duoi-5-trieu,tag,cho thue,"mat bang, cua hang",,quan-2-duoi,4,Tags,Tags,,
cho thuê mặt bằng trung tâm thương mại aeon,110,https://muaban.net/tags/cho-thue-mat-bang-trung-tam-thuong-mai-aeon,tag,cho thue,"mat bang, cua hang",,,14,Bất động sản,Tags,Thái Bình,Huyện Vũ Thư
mặt bằng cho thuê dưới 5 triệu ở vũng tàu,110,https://muaban.net/tags/mat-bang-cho-thue-duoi-5-trieu-o-vung-tau,tag,cho thue,"mat bang, cua hang",,,1,Bất động sản,Tags,Bình Định,Huyện Tuy Phước
thuê mặt bằng bán tạp hóa,110,https://muaban.net/tags/cho-thue-mat-bang-ban-tap-hoa,tag,cho thue,"mat bang, cua hang",,,1,Tags,Tags,,
thuê mặt bằng quận 9 dưới 5 triệu,110,https://muaban.net/tags/cho-thue-mat-bang-quan-9-duoi-5-trieu,tag,cho thue,"mat bang, cua hang",,quan-9-duoi,2,Tags,Tags,,
thuê mặt bằng shop thời trang,110,https://muaban.net/tags/thue-mat-bang-shop-thoi-trang,tag,cho thue,"mat bang, cua hang",,,5,Mua bán nhà đất,Tags,Phú Yên,
thuê mặt bằng sản xuất,110,https://muaban.net/tags/thue-mat-bang-san-xuat,tag,cho thue,"mat bang, cua hang",,,22,Bất động sản,Tags,Bắc Ninh,Huyện Tiên Du
thuê mặt bằng vỉa hè quận bình thạnh,110,https://muaban.net/tags/thue-mat-bang-via-he-quan-binh-thanh,tag,cho thue,"mat bang, cua hang",,quan-binh-thanh,5,Mua bán nhà đất,Tags,Hải Phòng,Huyện An Lão
cho thuê mặt bằng d2,100,https://muaban.net/tags/cho-thue-mat-bang-tai-d2,tag,cho thue,"mat bang, cua hang",,,7,Tags,Tags,,
cho thuê mặt bằng quận 7 giá 5 triệu,100,https://muaban.net/tags/cho-thue-mat-bang-quan-7-gia-5-trieu,tag,cho thue,"mat bang, cua hang",,quan-7-gia,3,Tags,Tags,,
cho thuê mặt bằng rửa xe tphcm,100,https://muaban.net/tags/cho-thue-mat-bang-rua-xe-tai-tphcm,tag,cho thue,"mat bang, cua hang",,,3,Tags,Tags,,
cho thuê nhà nguyên căn 2 triệu,2.000,https://muaban.net/tags/cho-thue-nha-nguyen-can-gia-2-trieu,tag,cho thue,nha,,,7,Bất động sản,Tags,Đồng Tháp,
cho thuê nhà nguyên căn giá 2 triệu,2.000,https://muaban.net/tags/cho-thue-nha-nguyen-can-gia-2-trieu,tag,cho thue,nha,,,4,Tags,Tags,,
nhà cho thuê bình tân giá 3-5 triệu mới nhất,1.300,https://muaban.net/tags/cho-thue-nha-quan-binh-tan-gia-tu-3-den-5-trieu,tag,cho thue,nha,,quan-binh-tan,3,Mua bán nhà đất,Tags,Đồng Nai,
nhà cho thuê quận bình tân giá 3-5 triệu mới nhất,1.300,https://muaban.net/tags/cho-thue-nha-quan-binh-tan-gia-tu-3-den-5-trieu,tag,cho thue,nha,,quan-binh-tan,3,Tags,Tags,,
thuê nhà gò vấp giá từ 3-5 triệu,800,https://muaban.net/tags/cho-thue-nha-quan-go-vap-gia-tu-3-den-5-trieu,tag,cho thue,nha,,quan-go-vap,2,Mua bán nhà đất,Tags,Đồng Tháp,Huyện Cao Lãnh
thuê nhà nguyên căn gò vấp giá từ 3-5 triệu,800,https://muaban.net/tags/cho-thue-nha-quan-go-vap-gia-tu-3-den-5-trieu,tag,cho thue,nha,,quan-go-vap,3,Tags,Tags,,
thuê nhà nguyên căn từ 3 đến 5 triệu,600,https://muaban.net/tags/cho-thue-nha-nguyen-can-gia-tu-3-den-5-trieu,tag,cho thue,nha,,,4,Tags,Tags,,
nhà nguyên căn bình thạnh giá từ 3-5 triệu,500,https://muaban.net/tags/cho-thue-nha-quan-binh-thanh-gia-tu-3-den-5-trieu,tag,cho thue,nha,,quan-binh-thanh,6,Tags,Tags,,
thuê nhà nguyên căn bình thạnh giá từ 3-5 triệu,500,https://muaban.net/tags/cho-thue-nha-quan-binh-thanh-gia-tu-3-den-5-trieu,tag,cho thue,nha,,quan-binh-thanh,7,Mua bán nhà đất,Tags,Lâm Đồng,Huyện Bảo Lâm
nhà nguyên căn quận 12 giá 3 triệu,480,https://muaban.net/tags/thue-nha-nguyen-can-quan-12-gia-3-trieu,tag,cho thue,nha,,quan-12-gia,8,Tags,Tags,,
thuê nhà nguyên căn quận 12 giá 3 triệu,480,https://muaban.net/tags/thue-nha-nguyen-can-quan-12-gia-3-trieu,tag,cho thue,nha,,quan-12-gia,6,Mua bán nhà đất,Tags,TPHCM,Huyện Nhà Bè
cho thuê nhà quận 6 giá 3-5 triệu,400,https://muaban.net/tags/cho-thue-nha-quan-6-gia-tu-3-den-5-trieu,tag,cho thue,nha,,quan-6-gia,4,Tags,Tags,,
nhà cho thuê quận 6 giá 3-5 triệu,400,https://muaban.net/tags/cho-thue-nha-quan-6-gia-tu-3-den-5-trieu,tag,cho thue,nha,,quan-6-gia,4,Bất động sản,Tags,Bắc Ninh,Huyện Quế Võ
Thuê nhà nguyên căn Quận 9 giá dưới 5 triệu,320,https://muaban.net/tags/cho-thue-nha-quan-9-tp-thu-duc-duoi-5-trieu,tag,cho thue,nha,,quan-9-tp,6,Tags,Tags,,
nhà cho thuê vĩnh lộc b giá 2 triệu,320,https://muaban.net/tags/thue-nha-gia-2-trieu-vinh-loc-b,tag,cho thue,nha,,,7,Tags,Tags,,
thuê nhà nguyên căn quận 7 giá 6 triệu,320,https://muaban.net/tags/thue-nha-nguyen-can-quan-7-gia-6-trieu,tag,cho thue,nha,,quan-7-gia,4,Tags,Tags,,
thuê nhà nguyên căn giá từ 2 đến 3 triệu,300,https://muaban.net/tags/cho-thue-nha-nguyen-can-gia-tu-2-den-3-trieu,tag,cho thue,nha,,,2,Tags,Tags,,
nhà cho thuê vĩnh lộc a giá 2 triệu,260,https://muaban.net/tags/thue-nha-gia-2-trieu-vinh-loc-a,tag,cho thue,nha,,,10,Tags,Tags,,
thuê nhà nguyên căn bình tân dưới 5 triệu,260,https://muaban.net/tags/thue-nha-nguyen-can-duoi-5-trieu-quan-tan-binh,tag,cho thue,nha,,quan-tan-binh,3,Tags,Tags,,
thuê nhà nguyên căn q7 giá 3 triệu,260,https://muaban.net/tags/thue-nha-nguyen-can-gia-3-trieu-quan-7,tag,cho thue,nha,,quan-7,5,Tags,Tags,,
thuê nhà nguyên căn tân phú dưới 10 triệu,260,https://muaban.net/tags/thue-nha-quan-tan-phu-duoi-10-trieu,tag,cho thue,nha,,quan-tan-phu,4,Tags,Tags,,
nhà cho thuê quận 6 giá 3-5tr mới nhất,250,https://muaban.net/tags/cho-thue-nha-quan-6-gia-tu-3-den-5-trieu,tag,cho thue,nha,,quan-6-gia,4,Tags,Tags,,
thuê nhà nguyên căn quận 8 giá 3 triệu,250,https://muaban.net/tags/cho-thue-nha-nguyen-can-quan-8-gia-3-trieu,tag,cho thue,nha,,quan-8-gia,3,Tags,Tags,,
thuê nhà nguyên căn quận 9 giá 3 triệu,250,https://muaban.net/tags/cho-thue-nha-nguyen-can-quan-9-gia-3-trieu,tag,cho thue,nha,,quan-9-gia,5,Tags,Tags,,
cho thuê nhà cấp 4,210,https://muaban.net/tags/cho-thue-nha-cap-4,tag,cho thue,nha,,,10,Tags,Tags,,
thuê nhà nguyên căn giá 7 triệu,210,https://muaban.net/tags/cho-thue-nha-gia-7-trieu,tag,cho thue,nha,,,6,Tags,Tags,,
thuê nhà nguyên căn quận gò vấp giá 4 triệu,210,https://muaban.net/tags/thue-nha-nguyen-can-quan-go-vap-gia-4-trieu,tag,cho thue,nha,,quan-go-vap,2,Tags,Tags,,
thuê nhà nguyên căn giá 6 triệu,200,https://muaban.net/tags/cho-thue-nha-nguyen-can-gia-6-trieu,tag,cho thue,nha,,,4,Tags,Tags,,
thuê nhà nguyên căn quận 3 giá 4 triệu,200,https://muaban.net/tags/cho-thue-nha-nguyen-can-quan-3-gia-4-trieu,tag,cho thue,nha,,quan-3-gia,3,Tags,Tags,,
thuê nhà nguyên căn quận 8 giá 4 triệu,200,https://muaban.net/tags/cho-thue-nha-quan-8-gia-4-trieu,tag,cho thue,nha,,quan-8-gia,5,Tags,Tags,,
thuê nhà nguyên căn tân bình giá từ 3-5 triệu,200,https://muaban.net/tags/cho-thue-nha-quan-tan-binh-gia-tu-3-den-5-trieu,tag,cho thue,nha,,quan-tan-binh,4,Tags,Tags,,
thuê nhà quận 12 giá dưới 3 triệu,200,https://muaban.net/tags/cho-thue-nha-quan-12-duoi-3-trieu,tag,cho thue,nha,,quan-12-duoi,5,Tags,Tags,,
cho thuê nhà nguyên căn bình thạnh dưới 5 triệu,170,https://muaban.net/tags/thue-nha-nguyen-can-duoi-5-trieu-quan-binh-thanh,tag,cho thue,nha,,quan-binh-thanh,2,Tags,Tags,,
cho thuê nhà nguyên căn để buôn bán,170,https://muaban.net/tags/cho-thue-nha-nguyen-can-de-buon-ban,tag,cho thue,nha,,,8,Tags,Tags,,
cho thuê nhà vườn,170,https://muaban.net/tags/cho-thue-nha-vuon,tag,cho thue,nha,,,6,Tags,Tags,,
thuê nhà nguyên căn 2tr,170,https://muaban.net/tags/thue-nha-nguyen-can-2tr,tag,cho thue,nha,,,6,Tags,Tags,,
thuê nhà nguyên căn quận 10 giá 4 triệu,170,https://muaban.net/tags/thue-nha-quan-10-gia-4-trieu,tag,cho thue,nha,,quan-10-gia,7,Tags,Tags,,
thuê nhà nguyên căn quận bình thạnh giá 3 triệu,170,https://muaban.net/tags/thue-nha-nguyen-can-quan-binh-thanh-gia-3-trieu,tag,cho thue,nha,,quan-binh-thanh,8,Tags,Tags,,
thuê nhà nguyên căn quận gò vấp giá 2 triệu,170,https://muaban.net/tags/thue-nha-nguyen-can-quan-go-vap-gia-2-trieu,tag,cho thue,nha,,quan-go-vap,5,Tags,Tags,,
thuê nhà nguyên căn đà lạt giá 3 triệu,170,https://muaban.net/tags/thue-nha-nguyen-can-gia-3-trieu-tp-da-lat,tag,cho thue,nha,,tp-da-lat,3,Tags,Tags,,
nhà cho thuê quận 11 giá 3-5 triệu,150,https://muaban.net/tags/cho-thue-nha-quan-11-gia-tu-3-den-5-trieu,tag,cho thue,nha,,quan-11-gia,3,Tags,Tags,,
thuê nhà nguyên căn giá từ 3-5 triệu,150,https://muaban.net/tags/cho-thue-nha-nguyen-can-gia-tu-3-den-5-trieu,tag,cho thue,nha,,,3,Tags,Tags,,
thuê nhà nguyên căn quận 10 giá 5 triệu,150,https://muaban.net/tags/cho-thue-nha-nguyen-can-quan-10-gia-5-trieu,tag,cho thue,nha,,quan-10-gia,5,Tags,Tags,,
thuê nhà nguyên căn quận 12 giá 4 triệu,150,https://muaban.net/tags/cho-thue-nha-nguyen-can-quan-12-gia-4-trieu,tag,cho thue,nha,,quan-12-gia,4,Tags,Tags,,
thuê nhà nguyên căn quận phú nhuận giá 5 triệu,150,https://muaban.net/tags/cho-thue-nha-quan-phu-nhuan-gia-5-trieu,tag,cho thue,nha,,quan-phu-nhuan,5,Tags,Tags,,
Thuê nhà nguyên căn Quận 2 giá 3 triệu,140,https://muaban.net/tags/cho-thue-nha-quan-2-tp-thu-duc-gia-3-trieu,tag,cho thue,nha,,quan-2-tp,4,Tags,Tags,,
Thuê nhà nguyên căn Quận 2 giá 4 triệu,140,https://muaban.net/tags/cho-thue-nha-quan-2-tp-thu-duc-gia-4-trieu,tag,cho thue,nha,,quan-2-tp,9,Tags,Tags,,
nhà cho thuê quận 11 dưới 10 triệu,140,https://muaban.net/tags/thue-nha-duoi-10-trieu-quan-11,tag,cho thue,nha,,quan-11,7,Tags,Tags,,
thuê nhà nguyên căn dưới 3 triệu,140,https://muaban.net/tags/cho-thue-nha-duoi-3-trieu,tag,cho thue,nha,,,2,Tags,Tags,,
thuê nhà nguyên căn quận 6 dưới 10 triệu,140,https://muaban.net/tags/thue-nha-quan-6-duoi-10-trieu,tag,cho thue,nha,,quan-6-duoi,4,Tags,Tags,,
Cho thuê nhà nguyên căn Quận 2 giá 6 triệu,110,https://muaban.net/tags/cho-thue-nha-quan-2-tp-thu-duc-gia-6-trieu,tag,cho thue,nha,,quan-2-tp,10,Tags,Tags,,
thuê nhà nguyên căn giá 6 triệu tphcm,110,https://muaban.net/tags/thue-nha-nguyen-can-gia-6-trieu-tphcm,tag,cho thue,nha,,,4,Tags,Tags,,
thuê nhà quận tân bình giá 5 triệu,110,https://muaban.net/tags/thue-nha-quan-tan-binh-gia-5-trieu,tag,cho thue,nha,,quan-tan-binh,4,Tags,Tags,,
phòng trọ,49.500,https://muaban.net/bat-dong-san/cho-thue-nha-tro-phong-tro,cate,cho thue,"nha tro, phong tro",,,30,Cho thuê nhà đất,"Nhà trọ, Phòng trọ",,
cho thuê phòng trọ,6.600,https://muaban.net/bat-dong-san/cho-thue-nha-tro-phong-tro,cate,cho thue,"nha tro, phong tro",,,ngoai top 30,Cho thuê nhà đất,"Nhà trọ, Phòng trọ",,
thuê phòng trọ,2.400,https://muaban.net/bat-dong-san/cho-thue-nha-tro-phong-tro,cate,cho thue,"nha tro, phong tro",,,ngoai top 30,Cho thuê nhà đất,"Nhà trọ, Phòng trọ",,
tìm phòng trọ,2.400,https://muaban.net/bat-dong-san/cho-thue-nha-tro-phong-tro,cate,cho thue,"nha tro, phong tro",,,ngoai top 30,Cho thuê nhà đất,"Nhà trọ, Phòng trọ",,
phòng trọ giá rẻ,1.900,https://muaban.net/bat-dong-san/cho-thue-nha-tro-phong-tro,cate,cho thue,"nha tro, phong tro",,,9,Cho thuê nhà đất,"Nhà trọ, Phòng trọ",,
phòng trọ giá rẻ dưới 1 triệu,700,https://muaban.net/tags/cho-thue-phong-tro-gia-re-duoi-1-trieu,tag,cho thue,"nha tro, phong tro",,,5,Tags,Tags,,
tìm phòng trọ giá rẻ dưới 1 triệu,700,https://muaban.net/tags/cho-thue-phong-tro-gia-re-duoi-1-trieu,tag,cho thue,"nha tro, phong tro",,,7,Cho thuê nhà đất,Tags,Bình Dương,
phòng trọ 1 người ở,590,https://muaban.net/tags/cho-thue-phong-tro-1-nguoi-o,tag,cho thue,"nha tro, phong tro",,,4,Bất động sản,Tags,Nam Định,
thuê phòng trọ 1 người ở,590,https://muaban.net/tags/cho-thue-phong-tro-1-nguoi-o,tag,cho thue,"nha tro, phong tro",,,3,Tags,Tags,,
phòng trọ giá rẻ dưới 2 triệu,400,https://muaban.net/tags/cho-thue-phong-tro-gia-re-duoi-2-trieu,tag,cho thue,"nha tro, phong tro",,,5,Tags,Tags,,
tìm phòng trọ giá rẻ dưới 2 triệu,400,https://muaban.net/tags/cho-thue-phong-tro-gia-re-duoi-2-trieu,tag,cho thue,"nha tro, phong tro",,,4,Mua bán nhà đất,Tags,TPHCM,Quận Bình Tân
phòng trọ gò vấp dưới 3 triệu,390,https://muaban.net/tags/cho-thue-phong-tro-quan-go-vap-duoi-3-trieu,tag,cho thue,"nha tro, phong tro",,quan-go-vap,2,Mua bán nhà đất,Tags,Cần Thơ,
thuê phòng trọ gò vấp dưới 3 triệu,390,https://muaban.net/tags/cho-thue-phong-tro-quan-go-vap-duoi-3-trieu,tag,cho thue,"nha tro, phong tro",,quan-go-vap,2,Tags,Tags,,
phòng trọ bình thạnh dưới 3 triệu,320,https://muaban.net/tags/cho-thue-phong-tro-quan-binh-thanh-duoi-3-trieu,tag,cho thue,"nha tro, phong tro",,quan-binh-thanh,6,Tags,Tags,,
phòng trọ gò vấp dưới 2 triệu,300,https://muaban.net/tags/cho-thue-phong-tro-quan-go-vap-duoi-2-trieu,tag,cho thue,"nha tro, phong tro",,quan-go-vap,4,Tags,Tags,,
thuê phòng trọ quận 7 giá 2 triệu,290,https://muaban.net/tags/thue-phong-tro-quan-7-2-trieu,tag,cho thue,"nha tro, phong tro",,quan-7-2,4,Cho thuê nhà đất,Tags,TPHCM,Quận 9 (TP. Thủ Đức)
tìm phòng trọ quận 7 giá 2 triệu,290,https://muaban.net/tags/thue-phong-tro-quan-7-2-trieu,tag,cho thue,"nha tro, phong tro",,quan-7-2,4,Tags,Tags,,
phòng trọ quận 6 dưới 2 triệu,260,https://muaban.net/tags/cho-thue-phong-tro-quan-6-duoi-2-trieu,tag,cho thue,"nha tro, phong tro",,quan-6-duoi,5,Tags,Tags,,
phòng trọ quận bình tân giá dưới 2 triệu,260,https://muaban.net/tags/cho-thue-phong-tro-quan-binh-tan-duoi-2-trieu,tag,cho thue,"nha tro, phong tro",,quan-binh-tan,5,Tags,Tags,,
phòng trọ quận 7 giá dưới 2 triệu,250,https://muaban.net/tags/cho-thue-phong-tro-quan-7-duoi-2-trieu,tag,cho thue,"nha tro, phong tro",,quan-7-duoi,4,Tags,Tags,,
phòng trọ quận 8 giá dưới 2 triệu,250,https://muaban.net/tags/cho-thue-phong-tro-quan-8-duoi-2-trieu,tag,cho thue,"nha tro, phong tro",,quan-8-duoi,5,Tags,Tags,,
phòng trọ bình thạnh 2 triệu,210,https://muaban.net/tags/cho-thue-phong-tro-quan-binh-thanh-gia-2-trieu,tag,cho thue,"nha tro, phong tro",,quan-binh-thanh,10,Tags,Tags,,
thuê phòng trọ có gác xép,210,https://muaban.net/tags/cho-thue-phong-tro-co-gac,tag,cho thue,"nha tro, phong tro",,,9,Tags,Tags,,
phòng trọ quận 7 giá 1 triệu,200,https://muaban.net/tags/cho-thue-phong-tro-quan-7-gia-1-trieu,tag,cho thue,"nha tro, phong tro",,quan-7-gia,6,Tags,Tags,,
tìm phòng trọ quận bình thạnh giá 1 triệu,200,https://muaban.net/tags/cho-thue-phong-tro-quan-binh-thanh-gia-1-trieu,tag,cho thue,"nha tro, phong tro",,quan-binh-thanh,8,Tags,Tags,,
Phòng trọ Quận 2 giá 2 triệu,170,https://muaban.net/tags/cho-thue-phong-tro-quan-2-tp-thu-duc-gia-2-trieu,tag,cho thue,"nha tro, phong tro",,quan-2-tp,8,Tags,Tags,,
phòng trọ quận 10 giá dưới 3 triệu,170,https://muaban.net/tags/cho-thue-phong-tro-quan-10-duoi-3-trieu,tag,cho thue,"nha tro, phong tro",,quan-10-duoi,9,Tags,Tags,,
phòng trọ quận tân bình giá dưới 2 triệu,170,https://muaban.net/tags/thue-phong-tro-quan-tan-binh-gia-duoi-2-trieu,tag,cho thue,"nha tro, phong tro",,quan-tan-binh,4,Tags,Tags,,
phòng trọ thủ đức dưới 1 triệu rưỡi,170,https://muaban.net/tags/thue-phong-tro-quan-thu-duc-duoi-1-trieu-ruoi,tag,cho thue,"nha tro, phong tro",,quan-thu-duc,3,Tags,Tags,,
phòng trọ quận 10 giá dưới 2 triệu,150,https://muaban.net/tags/cho-thue-phong-tro-quan-10-duoi-2-trieu,tag,cho thue,"nha tro, phong tro",,quan-10-duoi,7,Tags,Tags,,
phòng trọ quận 2 giá 1 triệu,150,https://muaban.net/tags/cho-thue-phong-tro-quan-2-gia-1-trieu,tag,cho thue,"nha tro, phong tro",,quan-2-gia,10,Tags,Tags,,
phòng trọ quận 9 giá 1 triệu,150,https://muaban.net/tags/cho-thue-phong-tro-quan-9-gia-1-trieu,tag,cho thue,"nha tro, phong tro",,quan-9-gia,7,Tags,Tags,,
phòng trọ quận 9 giá từ 1 đến 2 triệu,150,https://muaban.net/tags/cho-thue-phong-tro-quan-9-gia-tu-1-den-2-trieu,tag,cho thue,"nha tro, phong tro",,quan-9-gia,5,Tags,Tags,,
phòng trọ quận tân phú giá dưới 2 triệu,150,https://muaban.net/tags/cho-thue-phong-tro-quan-tan-phu-duoi-2-trieu,tag,cho thue,"nha tro, phong tro",,quan-tan-phu,5,Tags,Tags,,
phòng trọ bình thạnh dưới 2 triệu gần hutech,140,https://muaban.net/tags/thue-phong-tro-duoi-2-trieu-gan-truong-hutech-quan-binh-thanh,tag,cho thue,"nha tro, phong tro",,quan-binh-thanh,10,Tags,Tags,,
phòng trọ gần aeon tân phú,140,https://muaban.net/tags/thue-phong-tro-gan-aeon-quan-tan-phu,tag,cho thue,"nha tro, phong tro",,quan-tan-phu,10,Tags,Tags,,
phòng trọ gần trường nguyễn tất thành quận 12,140,https://muaban.net/tags/thue-phong-tro-gan-truong-nguyen-tat-thanh-quan-12,tag,cho thue,"nha tro, phong tro",,quan-12,6,Tags,Tags,,
phòng trọ sinh viên giá rẻ ở huế​,140,https://muaban.net/tags/thue-phong-tro-sinh-vien-gia-re-hue,tag,cho thue,"nha tro, phong tro",,,10,Mua bán nhà đất,Tags,Hà Nội,Quận Hoàng Mai
Phòng trọ 20m2 có gác lửng,110,https://muaban.net/tags/cho-thue-phong-tro-20m2-co-gac,tag,cho thue,"nha tro, phong tro",,,13,Tags,Tags,,
thuê phòng trọ quy nhơn giá rẻ 500k,110,https://muaban.net/tags/thue-phong-tro-500k-tp-quy-nhon,tag,cho thue,"nha tro, phong tro",,tp-quy-nhon,4,Tags,Tags,,
thuê phòng trọ quận 3 dưới 2 triệu,110,https://muaban.net/tags/thue-phong-tro-quan-3-duoi-2-trieu,tag,cho thue,"nha tro, phong tro",,quan-3-duoi,8,Tags,Tags,,
sang quán cafe giá 10 triệu,150,https://muaban.net/tags/sang-nhuong-quan-cafe-gia-10-trieu,tag,sang nhuong,,,,2,Tags,Tags,,
sang shop quần áo,140,https://muaban.net/tags/sang-nhuong-shop-quan-ao,tag,sang nhuong,,,quan-ao,7,Tags,Tags,,
Sang quán cafe 30 triệu,480,https://muaban.net/tags/sang-nhuong-quan-ca-phe-30-trieu,tag,sang nhuong,sang nhuong quan,,,2,Cho thuê nhà đất,Tags,Đà Nẵng,
Sang quán cafe giá 30 triệu,480,https://muaban.net/tags/sang-nhuong-quan-ca-phe-30-trieu,tag,sang nhuong,sang nhuong quan,,,2,Tags,Tags,,
Sang quán cafe dưới 100 triệu,210,https://muaban.net/tags/sang-nhuong-quan-ca-phe-duoi-100-trieu,tag,sang nhuong,sang nhuong quan,,,2,Tags,Tags,,
nhà đất an giang,480,https://muaban.net/bat-dong-san/an-giang,cate,,,an-giang,,ngoai top 30,Bất động sản,Bất động sản,An Giang,
nhà đất long xuyên,260,https://muaban.net/bat-dong-san/tp-long-xuyen-an-giang,cate,,,an-giang,tp-long-xuyen,22,Bất động sản,Bất động sản,An Giang,TP. Long Xuyên
mua bán nhà đất an giang,140,https://muaban.net/bat-dong-san/an-giang,cate,,,an-giang,,29,Bất động sản,Bất động sản,An Giang,
bán đất ruộng an giang,110,https://muaban.net/bat-dong-san/ban-dat-an-giang,cate,ban,dat,an-giang,,9,Mua bán nhà đất,Bán đất,An Giang,
bán đất an giang,90,https://muaban.net/bat-dong-san/ban-dat-an-giang,cate,ban,dat,an-giang,,27,Mua bán nhà đất,Bán đất,An Giang,
Bán nhà giá 200 triệu tại An Giang,210,https://muaban.net/tags/mua-ban-nha-an-giang-200-trieu,tag,ban,nha,an-giang,,2,Tags,Tags,,
bán nhà giá 200 triệu an giang,110,https://muaban.net/bat-dong-san/ban-nha-an-giang,cate,ban,nha,an-giang,,2,Mua bán nhà đất,Bán nhà,An Giang,
mua nhà giá 400 triệu an giang,110,https://muaban.net/tags/mua-ban-nha-an-giang-duoi-400-trieu,tag,ban,nha,an-giang,,6,Tags,Tags,,
nhà trọ long xuyên,320,https://muaban.net/bat-dong-san/cho-thue-nha-tro-phong-tro-tp-long-xuyen-an-giang,cate,cho thue,"nha tro, phong tro",an-giang,tp-long-xuyen,18,Cho thuê nhà đất,"Nhà trọ, Phòng trọ",An Giang,TP. Long Xuyên
bất động sản vũng tàu,480,https://muaban.net/bat-dong-san/tp-vung-tau-ba-ria-vung-tau,cate,,,ba-ria-vung-tau,tp-vung-tau,22,Bất động sản,Bất động sản,Bà Rịa - Vũng Tàu,TP. Vũng Tàu
nhà đất bà rịa vũng tàu,320,https://muaban.net/bat-dong-san/ba-ria-vung-tau,cate,,,ba-ria-vung-tau,,7,Bất động sản,Bất động sản,Bà Rịa - Vũng Tàu,
thuê villa vũng tàu,1.000,https://muaban.net/bat-dong-san/biet-thu-villa-than-pho-ba-ria-ba-ria-vung-tau,cate,,"biet thu, villa",ba-ria-vung-tau,,ngoai top 30,Cho thuê nhà đất,Thuê nhà,Bà Rịa - Vũng Tàu,Thành phố Bà Rịa
thuê biệt thự vũng tàu,170,https://muaban.net/bat-dong-san/biet-thu-villa-tp-vung-tau-ba-ria-vung-tau,cate,,"biet thu, villa",ba-ria-vung-tau,tp-vung-tau,ngoai top 30,Cho thuê nhà đất,Thuê nhà,Bà Rịa - Vũng Tàu,TP. Vũng Tàu
cho thuê villa vũng tàu,140,https://muaban.net/bat-dong-san/biet-thu-villa-than-pho-ba-ria-ba-ria-vung-tau,cate,,"biet thu, villa",ba-ria-vung-tau,,ngoai top 30,Cho thuê nhà đất,Thuê nhà,Bà Rịa - Vũng Tàu,Thành phố Bà Rịa
chung cư vũng tàu,880,https://muaban.net/bat-dong-san/ban-can-ho-tp-vung-tau-ba-ria-vung-tau,cate,ban,can ho,ba-ria-vung-tau,tp-vung-tau,ngoai top 30,Mua bán nhà đất,Bán căn hộ,Bà Rịa - Vũng Tàu,TP. Vũng Tàu
bán chung cư vũng tàu,170,https://muaban.net/bat-dong-san/ban-can-ho-tp-vung-tau-ba-ria-vung-tau,cate,ban,can ho,ba-ria-vung-tau,tp-vung-tau,10,Mua bán nhà đất,Bán căn hộ,Bà Rịa - Vũng Tàu,TP. Vũng Tàu
bán chung cư vũng tàu dưới 1 tỷ,170,https://muaban.net/bat-dong-san/ban-can-ho-tp-vung-tau-ba-ria-vung-tau,cate,ban,can ho,ba-ria-vung-tau,tp-vung-tau,7,Mua bán nhà đất,Bán căn hộ,Bà Rịa - Vũng Tàu,TP. Vũng Tàu
bán đất vũng tàu,390,https://muaban.net/bat-dong-san/ban-dat-ba-ria-vung-tau,cate,ban,dat,ba-ria-vung-tau,,16,Mua bán nhà đất,Bán đất,Bà Rịa - Vũng Tàu,
bán đất phú mỹ,260,https://muaban.net/bat-dong-san/ban-dat-thi-xa-phu-my-ba-ria-vung-tau,cate,ban,dat,ba-ria-vung-tau,thi-xa-phu-my,18,Mua bán nhà đất,Bán đất,Bà Rịa - Vũng Tàu,Thị Xã Phú Mỹ
đất vũng tàu,260,https://muaban.net/bat-dong-san/ban-dat-ba-ria-vung-tau,cate,ban,dat,ba-ria-vung-tau,,6,Mua bán nhà đất,Bán đất,Bà Rịa - Vũng Tàu,
bán đất bà rịa,210,https://muaban.net/bat-dong-san/ban-dat-than-pho-ba-ria-ba-ria-vung-tau,cate,ban,dat,ba-ria-vung-tau,,17,Mua bán nhà đất,Bán đất,Bà Rịa - Vũng Tàu,Thành phố Bà Rịa
bán đất bà rịa vũng tàu,170,https://muaban.net/bat-dong-san/ban-dat-ba-ria-vung-tau,cate,ban,dat,ba-ria-vung-tau,,6,Mua bán nhà đất,Bán đất,Bà Rịa - Vũng Tàu,
mua đất vũng tàu,140,https://muaban.net/bat-dong-san/ban-dat-ba-ria-vung-tau,cate,ban,dat,ba-ria-vung-tau,,16,Mua bán nhà đất,Bán đất,Bà Rịa - Vũng Tàu,
bán đất châu đức,110,https://muaban.net/bat-dong-san/ban-dat-huyen-chau-duc-ba-ria-vung-tau,cate,ban,dat,ba-ria-vung-tau,huyen-chau-duc,3,Mua bán nhà đất,Bán đất,Bà Rịa - Vũng Tàu,Huyện Châu Đức
bán đất côn đảo,110,https://muaban.net/bat-dong-san/ban-dat-huyen-con-dao-ba-ria-vung-tau,cate,ban,dat,ba-ria-vung-tau,huyen-con-dao,15,Mua bán nhà đất,Bán đất,Bà Rịa - Vũng Tàu,Huyện Côn Đảo
bán đất xuyên mộc,110,https://muaban.net/bat-dong-san/ban-dat-huyen-xuyen-moc-ba-ria-vung-tau,cate,ban,dat,ba-ria-vung-tau,huyen-xuyen-moc,8,Mua bán nhà đất,Bán đất,Bà Rịa - Vũng Tàu,Huyện Xuyên Mộc
bán đất thị trấn đất đỏ,100,https://muaban.net/bat-dong-san/ban-dat-huyen-dat-do-ba-ria-vung-tau,cate,ban,dat,ba-ria-vung-tau,huyen-dat-do,16,Mua bán nhà đất,Bán đất,Bà Rịa - Vũng Tàu,Huyện Đất Đỏ
bán đất đất đỏ,100,https://muaban.net/bat-dong-san/ban-dat-huyen-dat-do-ba-ria-vung-tau,cate,ban,dat,ba-ria-vung-tau,huyen-dat-do,10,Mua bán nhà đất,Bán đất,Bà Rịa - Vũng Tàu,Huyện Đất Đỏ
bán nhà thị xã phú mỹ,110,https://muaban.net/bat-dong-san/ban-nha-thi-xa-phu-my-ba-ria-vung-tau,cate,ban,nha,ba-ria-vung-tau,thi-xa-phu-my,11,Mua bán nhà đất,Bán nhà,Bà Rịa - Vũng Tàu,Thị Xã Phú Mỹ
bán nhà thị xã phú mỹ bà rịa vũng tàu,110,https://muaban.net/bat-dong-san/ban-nha-thi-xa-phu-my-ba-ria-vung-tau,cate,ban,nha,ba-ria-vung-tau,thi-xa-phu-my,11,Mua bán nhà đất,Bán nhà,Bà Rịa - Vũng Tàu,Thị Xã Phú Mỹ
thuê căn hộ vũng tàu,260,https://muaban.net/bat-dong-san/cho-thue-can-ho-chung-cu-tp-vung-tau-ba-ria-vung-tau,cate,cho thue,can ho,ba-ria-vung-tau,tp-vung-tau,ngoai top 30,Cho thuê nhà đất,Cho thuê căn hộ,Bà Rịa - Vũng Tàu,TP. Vũng Tàu
căn hộ cho thuê vũng tàu,210,https://muaban.net/bat-dong-san/cho-thue-can-ho-chung-cu-tp-vung-tau-ba-ria-vung-tau,cate,cho thue,can ho,ba-ria-vung-tau,tp-vung-tau,ngoai top 30,Cho thuê nhà đất,Cho thuê căn hộ,Bà Rịa - Vũng Tàu,TP. Vũng Tàu
thuê chung cư vũng tàu,210,https://muaban.net/bat-dong-san/cho-thue-can-ho-chung-cu-ba-ria-vung-tau,cate,cho thue,can ho,ba-ria-vung-tau,,19,Cho thuê nhà đất,Cho thuê căn hộ,Bà Rịa - Vũng Tàu,
cho thuê mặt bằng vũng tàu,260,https://muaban.net/bat-dong-san/cho-thue-mat-bang-kinh-doanh-tp-vung-tau-ba-ria-vung-tau,cate,cho thue,"mat bang, cua hang",ba-ria-vung-tau,tp-vung-tau,5,Cho thuê nhà đất,"Mặt bằng, Cửa hàng, Shop",Bà Rịa - Vũng Tàu,TP. Vũng Tàu
thuê nhà vũng tàu,480,https://muaban.net/bat-dong-san/cho-thue-nha-ba-ria-vung-tau,cate,cho thue,nha,ba-ria-vung-tau,,ngoai top 30,Cho thuê nhà đất,Thuê nhà,Bà Rịa - Vũng Tàu,
phòng trọ vũng tàu,720,https://muaban.net/bat-dong-san/cho-thue-nha-tro-phong-tro-ba-ria-vung-tau,cate,cho thue,"nha tro, phong tro",ba-ria-vung-tau,,23,Cho thuê nhà đất,"Nhà trọ, Phòng trọ",Bà Rịa - Vũng Tàu,
nhà trọ vũng tàu,390,https://muaban.net/bat-dong-san/cho-thue-nha-tro-phong-tro-ba-ria-vung-tau,cate,cho thue,"nha tro, phong tro",ba-ria-vung-tau,,24,Cho thuê nhà đất,"Nhà trọ, Phòng trọ",Bà Rịa - Vũng Tàu,
cho thuê phòng trọ vũng tàu,140,https://muaban.net/bat-dong-san/cho-thue-nha-tro-phong-tro-ba-ria-vung-tau,cate,cho thue,"nha tro, phong tro",ba-ria-vung-tau,,22,Cho thuê nhà đất,"Nhà trọ, Phòng trọ",Bà Rịa - Vũng Tàu,
thuê phòng trọ vũng tàu,110,https://muaban.net/bat-dong-san/cho-thue-nha-tro-phong-tro-ba-ria-vung-tau,cate,cho thue,"nha tro, phong tro",ba-ria-vung-tau,,23,Cho thuê nhà đất,"Nhà trọ, Phòng trọ",Bà Rịa - Vũng Tàu,
phòng trọ giá rẻ vũng tàu,100,https://muaban.net/bat-dong-san/cho-thue-nha-tro-phong-tro-ba-ria-vung-tau,cate,cho thue,"nha tro, phong tro",ba-ria-vung-tau,,21,Cho thuê nhà đất,"Nhà trọ, Phòng trọ",Bà Rịa - Vũng Tàu,
bất động sản bắc giang,480,https://muaban.net/bat-dong-san/tp-bac-giang-bac-giang,cate,,,bac-giang,,ngoai top 30,Bất động sản,Bất động sản,Bắc Giang,TP. Bắc Giang
nhà đất bắc giang,390,https://muaban.net/bat-dong-san/tp-bac-giang-bac-giang,cate,,,bac-giang,,30,Bất động sản,Bất động sản,Bắc Giang,TP. Bắc Giang
mua bán nhà đất bắc giang,260,https://muaban.net/bat-dong-san/tp-bac-giang-bac-giang,cate,,,bac-giang,,ngoai top 30,Bất động sản,Bất động sản,Bắc Giang,TP. Bắc Giang
bán đất bắc giang,210,https://muaban.net/bat-dong-san/tp-bac-giang-bac-giang,cate,,,bac-giang,,28,Bất động sản,Bất động sản,Bắc Giang,TP. Bắc Giang
bán đất hiệp hòa bắc giang,100,https://muaban.net/bat-dong-san/huyen-hiep-hoa-bac-giang,cate,,,bac-giang,huyen-hiep-hoa,16,Bất động sản,Bất động sản,Bắc Giang,Huyện Hiệp Hoà
chung cư bắc giang,390,https://muaban.net/bat-dong-san/ban-can-ho-bac-giang,cate,ban,can ho,bac-giang,,ngoai top 30,Mua bán nhà đất,Bán căn hộ,Bắc Giang,
mua đất bắc giang,110,https://muaban.net/bat-dong-san/ban-dat-bac-giang,cate,ban,dat,bac-giang,,15,Mua bán nhà đất,Bán đất,Bắc Giang,
mua bán đất bắc giang,70,https://muaban.net/bat-dong-san/ban-dat-bac-giang,cate,ban,dat,bac-giang,,ngoai top 30,Mua bán nhà đất,Bán đất,Bắc Giang,
pác nặm,1.000,https://muaban.net/bat-dong-san/ban-dat-huyen-pac-nam-bac-kan,cate,ban,dat,bac-kan,huyen-pac-nam,ngoai top 30,Mua bán nhà đất,Bán đất,Bắc Kạn,Huyện Pác Nặm
nhà đất bạc liêu,170,https://muaban.net/bat-dong-san/thanh-pho-bac-lieu-bac-lieu,cate,,,bac-lieu,,24,Bất động sản,Bất động sản,Bạc Liêu,Thành Phố Bạc Liêu
mua bán nhà đất bạc liêu,90,https://muaban.net/bat-dong-san/bac-lieu,cate,,,bac-lieu,,22,Bất động sản,Bất động sản,Bạc Liêu,
mua ban nha dat bac lieu,50,https://muaban.net/bat-dong-san/thanh-pho-bac-lieu-bac-lieu,cate,,,bac-lieu,,24,Bất động sản,Bất động sản,Bạc Liêu,Thành Phố Bạc Liêu
nhà đất bắc ninh,1.000,https://muaban.net/bat-dong-san/bac-ninh,cate,,,bac-ninh,,22,Bất động sản,Bất động sản,Bắc Ninh,
bán đất thuận thành bắc ninh,210,https://muaban.net/bat-dong-san/huyen-thuan-thanh-bac-ninh,cate,,,bac-ninh,huyen-thuan-thanh,ngoai top 30,Bất động sản,Bất động sản,Bắc Ninh,Huyện Thuận Thành
bán đất từ sơn bắc ninh,210,https://muaban.net/bat-dong-san/thi-xa-tu-son-bac-ninh,cate,,,bac-ninh,thi-xa-tu-son,21,Bất động sản,Bất động sản,Bắc Ninh,Thị Xã Từ Sơn
mua bán nhà đất bắc ninh,170,https://muaban.net/bat-dong-san/bac-ninh,cate,,,bac-ninh,,21,Bất động sản,Bất động sản,Bắc Ninh,
bán đất thành phố bắc ninh,140,https://muaban.net/bat-dong-san/tp-bac-ninh-bac-ninh,cate,,,bac-ninh,,23,Bất động sản,Bất động sản,Bắc Ninh,TP. Bắc Ninh
bán đất yên phong bắc ninh,140,https://muaban.net/bat-dong-san/huyen-yen-phong-bac-ninh,cate,,,bac-ninh,huyen-yen-phong,18,Bất động sản,Bất động sản,Bắc Ninh,Huyện Yên Phong
bán đất gia bình bắc ninh,110,https://muaban.net/bat-dong-san/huyen-gia-binh-bac-ninh,cate,,,bac-ninh,huyen-gia-binh,22,Bất động sản,Bất động sản,Bắc Ninh,Huyện Gia Bình
bán đất lương tài bắc ninh,90,https://muaban.net/bat-dong-san/huyen-luong-tai-bac-ninh,cate,,,bac-ninh,huyen-luong-tai,ngoai top 30,Bất động sản,Bất động sản,Bắc Ninh,Huyện Lương Tài
nhà đất bắc ninh dưới 900 triệu,70,https://muaban.net/bat-dong-san/bac-ninh,cate,,,bac-ninh,,ngoai top 30,Bất động sản,Bất động sản,Bắc Ninh,
chung cư bắc ninh,880,https://muaban.net/bat-dong-san/ban-can-ho-bac-ninh,cate,ban,can ho,bac-ninh,,ngoai top 30,Mua bán nhà đất,Bán căn hộ,Bắc Ninh,
bán đất bắc ninh,390,https://muaban.net/bat-dong-san/ban-dat-bac-ninh,cate,ban,dat,bac-ninh,,30,Mua bán nhà đất,Bán đất,Bắc Ninh,
giá đất bắc ninh,210,https://muaban.net/bat-dong-san/ban-dat-bac-ninh,cate,ban,dat,bac-ninh,,ngoai top 30,Mua bán nhà đất,Bán đất,Bắc Ninh,
mua đất bắc ninh,170,https://muaban.net/bat-dong-san/ban-dat-bac-ninh,cate,ban,dat,bac-ninh,,28,Mua bán nhà đất,Bán đất,Bắc Ninh,
bán đất tiên du bắc ninh,110,https://muaban.net/bat-dong-san/ban-dat-huyen-tien-du-bac-ninh,cate,ban,dat,bac-ninh,huyen-tien-du,12,Mua bán nhà đất,Bán đất,Bắc Ninh,Huyện Tiên Du
bán đất từ sơn,110,https://muaban.net/bat-dong-san/ban-dat-thi-xa-tu-son-bac-ninh,cate,ban,dat,bac-ninh,thi-xa-tu-son,ngoai top 30,Mua bán nhà đất,Bán đất,Bắc Ninh,Thị Xã Từ Sơn
bán đất quế võ bắc ninh,90,https://muaban.net/bat-dong-san/ban-dat-huyen-que-vo-bac-ninh,cate,ban,dat,bac-ninh,huyen-que-vo,23,Mua bán nhà đất,Bán đất,Bắc Ninh,Huyện Quế Võ
Nhà đất Bắc Ninh 500 đến 700 triệu,170,https://muaban.net/tags/mua-ban-nha-dat-bac-ninh-tu-500-den-700-trieu,tag,ban,nha dat,bac-ninh,,6,Mua bán nhà đất,Tags,Hải Phòng,
Nhà đất Bắc Ninh giá 500 đến 700 triệu,170,https://muaban.net/tags/mua-ban-nha-dat-bac-ninh-tu-500-den-700-trieu,tag,ban,nha dat,bac-ninh,,6,Tags,Tags,,
thuê nhà bắc ninh,140,https://muaban.net/bat-dong-san/cho-thue-nha-bac-ninh,cate,cho thue,nha,bac-ninh,,ngoai top 30,Cho thuê nhà đất,Thuê nhà,Bắc Ninh,
cho thuê nhà bắc ninh,110,https://muaban.net/bat-dong-san/cho-thue-nha-bac-ninh,cate,cho thue,nha,bac-ninh,,ngoai top 30,Cho thuê nhà đất,Thuê nhà,Bắc Ninh,
nhà đất bến tre,590,https://muaban.net/bat-dong-san/ben-tre,cate,,,ben-tre,,12,Bất động sản,Bất động sản,Bến Tre,
mua bán nhà đất bến tre,140,https://muaban.net/bat-dong-san/ben-tre,cate,,,ben-tre,,10,Bất động sản,Bất động sản,Bến Tre,
bán đất châu thành bến tre,100,https://muaban.net/bat-dong-san/huyen-chau-thanh-ben-tre-ben-tre,cate,,,ben-tre,huyen-chau-thanh,23,Bất động sản,Bất động sản,Bến Tre,Huyện Châu Thành
bán đất bến tre,260,https://muaban.net/bat-dong-san/ban-dat-ben-tre,cate,ban,dat,ben-tre,,14,Mua bán nhà đất,Bán đất,Bến Tre,
đất bến tre,210,https://muaban.net/bat-dong-san/ban-dat-ben-tre,cate,ban,dat,ben-tre,,17,Mua bán nhà đất,Bán đất,Bến Tre,
Bán đất vườn Bến Tre,110,https://muaban.net/bat-dong-san/ban-dat-tho-cu-ben-tre,cate,ban,dat,ben-tre,,7,Mua bán nhà đất,Bán đất,Bến Tre,
đất nền bến tre,110,https://muaban.net/bat-dong-san/ban-dat-ben-tre,cate,ban,dat,ben-tre,,11,Mua bán nhà đất,Bán đất,Bến Tre,
bán nhà bến tre 200 triệu,210,https://muaban.net/tags/mua-ban-nha-ben-tre-200-trieu,tag,ban,nha,ben-tre,,3,Tags,Tags,,
mua bán nhà bến tre 200 triệu,170,https://muaban.net/bat-dong-san/ban-nha-ben-tre,cate,ban,nha,ben-tre,,3,Mua bán nhà đất,Bán nhà,Bến Tre,
bán nhà bến tre,110,https://muaban.net/bat-dong-san/ban-nha-ben-tre,cate,ban,nha,ben-tre,,11,Mua bán nhà đất,Bán nhà,Bến Tre,
nhà trọ bến tre,170,https://muaban.net/bat-dong-san/cho-thue-nha-tro-phong-tro-ben-tre,cate,cho thue,"nha tro, phong tro",ben-tre,,16,Cho thuê nhà đất,"Nhà trọ, Phòng trọ",Bến Tre,
nhà đất quy nhơn,2.400,https://muaban.net/bat-dong-san/tp-quy-nhon-binh-dinh,cate,,,binh-dinh,tp-quy-nhon,19,Bất động sản,Bất động sản,Bình Định,TP. Quy Nhơn
mua bán nhà đất quy nhơn,1.300,https://muaban.net/bat-dong-san/tp-quy-nhon-binh-dinh,cate,,,binh-dinh,tp-quy-nhon,18,Bất động sản,Bất động sản,Bình Định,TP. Quy Nhơn
bán đất quy nhơn,260,https://muaban.net/bat-dong-san/tp-quy-nhon-binh-dinh,cate,,,binh-dinh,tp-quy-nhon,17,Bất động sản,Bất động sản,Bình Định,TP. Quy Nhơn
nhà đất bình định,210,https://muaban.net/bat-dong-san/binh-dinh,cate,,,binh-dinh,,20,Bất động sản,Bất động sản,Bình Định,
bán đất quy nhơn giá rẻ,100,https://muaban.net/bat-dong-san/tp-quy-nhon-binh-dinh,cate,,,binh-dinh,tp-quy-nhon,13,Bất động sản,Bất động sản,Bình Định,TP. Quy Nhơn
villa quy nhơn,320,https://muaban.net/bat-dong-san/ban-biet-thu-villa-penthouse-tp-quy-nhon-binh-dinh,cate,ban,"biet thu, villa",binh-dinh,tp-quy-nhon,ngoai top 30,Mua bán nhà đất,Bán nhà,Bình Định,TP. Quy Nhơn
chung cư quy nhơn,390,https://muaban.net/bat-dong-san/ban-can-ho-tp-quy-nhon-binh-dinh,cate,ban,can ho,binh-dinh,tp-quy-nhon,ngoai top 30,Mua bán nhà đất,Bán căn hộ,Bình Định,TP. Quy Nhơn
căn hộ quy nhơn,210,https://muaban.net/bat-dong-san/ban-can-ho-tp-quy-nhon-binh-dinh,cate,ban,can ho,binh-dinh,tp-quy-nhon,ngoai top 30,Mua bán nhà đất,Bán căn hộ,Bình Định,TP. Quy Nhơn
bán đất vân canh,260,https://muaban.net/bat-dong-san/ban-dat-huyen-van-canh-binh-dinh,cate,ban,dat,binh-dinh,huyen-van-canh,ngoai top 30,Mua bán nhà đất,Bán đất,Bình Định,Huyện Vân Canh
bán đất phú cát,110,https://muaban.net/bat-dong-san/ban-dat-huyen-phu-cat-binh-dinh,cate,ban,dat,binh-dinh,huyen-phu-cat,29,Mua bán nhà đất,Bán đất,Bình Định,Huyện Phù Cát
thuê nhà quy nhơn,170,https://muaban.net/bat-dong-san/cho-thue-nha-tp-quy-nhon-binh-dinh,cate,cho thue,nha,binh-dinh,tp-quy-nhon,25,Cho thuê nhà đất,Thuê nhà,Bình Định,TP. Quy Nhơn
cho thuê nhà quy nhơn,140,https://muaban.net/bat-dong-san/cho-thue-nha-tp-quy-nhon-binh-dinh,cate,cho thue,nha,binh-dinh,tp-quy-nhon,20,Cho thuê nhà đất,Thuê nhà,Bình Định,TP. Quy Nhơn
phòng trọ quy nhơn,210,https://muaban.net/bat-dong-san/cho-thue-nha-tro-phong-tro-tp-quy-nhon-binh-dinh,cate,cho thue,"nha tro, phong tro",binh-dinh,tp-quy-nhon,7,Cho thuê nhà đất,"Nhà trọ, Phòng trọ",Bình Định,TP. Quy Nhơn
nhà trọ quy nhơn,140,https://muaban.net/bat-dong-san/cho-thue-nha-tro-phong-tro-tp-quy-nhon-binh-dinh,cate,cho thue,"nha tro, phong tro",binh-dinh,tp-quy-nhon,10,Cho thuê nhà đất,"Nhà trọ, Phòng trọ",Bình Định,TP. Quy Nhơn
nhà đất bình dương,1.100,https://muaban.net/bat-dong-san/binh-duong,cate,,,binh-duong,,20,Bất động sản,Bất động sản,Bình Dương,
nhà đất dĩ an bình dương,320,https://muaban.net/bat-dong-san/thi-xa-di-an-binh-duong,cate,,,binh-duong,thi-xa-di-an,16,Mua bán nhà đất,Bán nhà,Hà Nội,Quận Hà Đông
mua bán nhà đất dĩ an bình dương,260,https://muaban.net/bat-dong-san/thi-xa-di-an-binh-duong,cate,,,binh-duong,thi-xa-di-an,10,Mua bán nhà đất,Bán nhà,Kiên Giang,Huyện Phú Quốc
bán nhà đất dĩ an bình dương,210,https://muaban.net/bat-dong-san/binh-duong,cate,,,binh-duong,,7,Bất động sản,Bất động sản,Kiên Giang,TP. Rạch Giá
mua nhà đất dĩ an bình dương,210,https://muaban.net/bat-dong-san/thi-xa-di-an-binh-duong,cate,,,binh-duong,thi-xa-di-an,9,Cho thuê nhà đất,"Nhà trọ, Phòng trọ",Lâm Đồng,TP. Đà Lạt
mua bán nhà đất bình dương,170,https://muaban.net/bat-dong-san/binh-duong,cate,,,binh-duong,,18,Cho thuê nhà đất,"Nhà trọ, Phòng trọ",Đồng Nai,TP. Biên Hoà
nhà đất thuận an bình dương,170,https://muaban.net/bat-dong-san/tp-thuan-an-binh-duong,cate,,,binh-duong,tp-thuan-an,20,Bất động sản,Bất động sản,Nam Định,
nhà đất thủ dầu một,140,https://muaban.net/bat-dong-san/thanh-pho-thu-dau-mot-binh-duong,cate,,,binh-duong,thanh-pho-thu-dau,10,Bất động sản,Bất động sản,Bình Dương,Thành phố thủ Dầu Một
nhà đất bình dương giá dưới 300 triệu,110,https://muaban.net/bat-dong-san/binh-duong,cate,,,binh-duong,,7,Bất động sản,Bất động sản,Bình Dương,
nhà đất bến cát bình dương,110,https://muaban.net/bat-dong-san/thi-xa-ben-cat-binh-duong,cate,,,binh-duong,thi-xa-ben-cat,18,Bất động sản,Bất động sản,Bình Dương,Thị Xã Bến Cát
nhà ở xã hội bình dương,880,https://muaban.net/tags/nha-o-xa-hoi-binh-duong,tag,,nha,binh-duong,,ngoai top 30,Mua bán nhà đất,Tags,Hà Nội,Quận Cầu Giấy
cho thue nha mat tien binh duong,100,https://muaban.net/bat-dong-san/nha-mat-tien-binh-duong,cate,,nha mat tien,binh-duong,,14,Cho thuê nhà đất,Thuê nhà,Bình Dương,
chung cư bình dương,880,https://muaban.net/bat-dong-san/ban-can-ho-binh-duong,cate,ban,can ho,binh-duong,,27,Mua bán nhà đất,Bán căn hộ,Bình Dương,
chung cư dĩ an,480,https://muaban.net/bat-dong-san/ban-can-ho-thi-xa-di-an-binh-duong,cate,ban,can ho,binh-duong,thi-xa-di-an,ngoai top 30,Mua bán nhà đất,Bán căn hộ,Bình Dương,Thành Phố Dĩ An
chung cư thuận an bình dương,320,https://muaban.net/bat-dong-san/ban-can-ho-tp-thuan-an-binh-duong,cate,ban,can ho,binh-duong,tp-thuan-an,17,Mua bán nhà đất,Bán căn hộ,Bình Dương,Thành Phố Thuận An
chung cư thuận an,260,https://muaban.net/bat-dong-san/ban-can-ho-tp-thuan-an-binh-duong,cate,ban,can ho,binh-duong,tp-thuan-an,ngoai top 30,Mua bán nhà đất,Bán căn hộ,Bình Dương,Thành Phố Thuận An
chung cư dĩ an bình dương,210,https://muaban.net/bat-dong-san/ban-can-ho-thi-xa-di-an-binh-duong,cate,ban,can ho,binh-duong,thi-xa-di-an,ngoai top 30,Mua bán nhà đất,Bán căn hộ,Bình Dương,Thành Phố Dĩ An
chung cư thủ dầu một,210,https://muaban.net/bat-dong-san/ban-can-ho-thanh-pho-thu-dau-mot-binh-duong,cate,ban,can ho,binh-duong,thanh-pho-thu-dau,7,Mua bán nhà đất,Bán căn hộ,Bình Dương,Thành phố thủ Dầu Một
bán nhà tân uyên bình dương,140,https://muaban.net/bat-dong-san/ban-nha-dat-chung-cu-huyen-bac-tan-uyen-binh-duong,cate,ban,can ho,binh-duong,huyen-bac-tan,9,Bất động sản,Bất động sản,Ninh Bình,
cho thuê nhà xưởng bình dương,140,https://muaban.net/bat-dong-san/ban-nha-dat-chung-cu-binh-duong,cate,ban,can ho,binh-duong,,ngoai top 30,Cho thuê nhà đất,Thuê nhà,Tây Ninh,
đất nền bình dương,880,https://muaban.net/bat-dong-san/ban-dat-binh-duong,cate,ban,dat,binh-duong,,22,Mua bán nhà đất,Bán đất,Bình Dương,
bán đất bình dương,590,https://muaban.net/bat-dong-san/ban-dat-binh-duong,cate,ban,dat,binh-duong,,20,Mua bán nhà đất,Bán đất,Bình Dương,
bán đất dĩ an,390,https://muaban.net/bat-dong-san/ban-dat-thi-xa-di-an-binh-duong,cate,ban,dat,binh-duong,thi-xa-di-an,6,Mua bán nhà đất,Bán đất,Bình Dương,Thành Phố Dĩ An
mua đất bình dương,320,https://muaban.net/bat-dong-san/ban-dat-binh-duong,cate,ban,dat,binh-duong,,17,Mua bán nhà đất,Bán đất,Bình Dương,
bán đất dĩ an bình dương,210,https://muaban.net/bat-dong-san/ban-dat-thi-xa-di-an-binh-duong,cate,ban,dat,binh-duong,thi-xa-di-an,7,Mua bán nhà đất,Bán đất,Bình Dương,Thành Phố Dĩ An
bán đất thủ dầu một,170,https://muaban.net/bat-dong-san/ban-dat-thanh-pho-thu-dau-mot-binh-duong,cate,ban,dat,binh-duong,thanh-pho-thu-dau,13,Mua bán nhà đất,Bán đất,Bình Dương,Thành phố thủ Dầu Một
bán đất bến cát bình dương,140,https://muaban.net/bat-dong-san/ban-dat-thi-xa-ben-cat-binh-duong,cate,ban,dat,binh-duong,thi-xa-ben-cat,10,Mua bán nhà đất,Bán đất,Bình Dương,Thị Xã Bến Cát
bán đất thuận an,140,https://muaban.net/bat-dong-san/ban-dat-tp-thuan-an-binh-duong,cate,ban,dat,binh-duong,tp-thuan-an,10,Mua bán nhà đất,Bán đất,Bình Dương,Thành Phố Thuận An
bán đất thuận an bình dương,140,https://muaban.net/bat-dong-san/ban-dat-tp-thuan-an-binh-duong,cate,ban,dat,binh-duong,tp-thuan-an,9,Mua bán nhà đất,Bán đất,Bình Dương,Thành Phố Thuận An
đất phú giáo bình dương,140,https://muaban.net/bat-dong-san/ban-dat-huyen-phu-giao-binh-duong,cate,ban,dat,binh-duong,huyen-phu-giao,12,Mua bán nhà đất,Bán đất,Bình Dương,Huyện Phú Giáo
bán đất tân uyên,120,https://muaban.net/bat-dong-san/ban-dat-thi-xa-tan-uyen-binh-duong,cate,ban,dat,binh-duong,thi-xa-tan-uyen,9,Mua bán nhà đất,Bán đất,Bình Dương,Thị xã Tân Uyên
bán đất bến cát,110,https://muaban.net/bat-dong-san/ban-dat-thi-xa-ben-cat-binh-duong,cate,ban,dat,binh-duong,thi-xa-ben-cat,8,Mua bán nhà đất,Bán đất,Bình Dương,Thị Xã Bến Cát
bán đất dầu tiếng,110,https://muaban.net/bat-dong-san/ban-dat-huyen-dau-tieng-binh-duong,cate,ban,dat,binh-duong,huyen-dau-tieng,24,Mua bán nhà đất,Bán đất,Bình Dương,Huyện Dầu Tiếng
bán đất tân uyên bình dương,110,https://muaban.net/bat-dong-san/ban-dat-thi-xa-tan-uyen-binh-duong,cate,ban,dat,binh-duong,thi-xa-tan-uyen,7,Mua bán nhà đất,Bán đất,Bình Dương,Thị xã Tân Uyên
mua bán đất bình dương,110,https://muaban.net/bat-dong-san/ban-dat-binh-duong,cate,ban,dat,binh-duong,,18,Mua bán nhà đất,Bán đất,Bình Dương,
mua đất bến cát,110,https://muaban.net/bat-dong-san/ban-dat-thi-xa-ben-cat-binh-duong,cate,ban,dat,binh-duong,thi-xa-ben-cat,9,Mua bán nhà đất,Bán đất,Bình Dương,Thị Xã Bến Cát
Bán đất vườn Bình Dương,100,https://muaban.net/bat-dong-san/ban-dat-tho-cu-binh-duong,cate,ban,dat,binh-duong,,10,Mua bán nhà đất,Bán đất,Bình Dương,
bán đất phú giáo bình dương,90,https://muaban.net/bat-dong-san/ban-dat-huyen-phu-giao-binh-duong,cate,ban,dat,binh-duong,huyen-phu-giao,9,Mua bán nhà đất,Bán đất,Bình Dương,Huyện Phú Giáo
bán đất tp mới bình dương,90,https://muaban.net/bat-dong-san/ban-dat-binh-duong,cate,ban,dat,binh-duong,,14,Mua bán nhà đất,Bán đất,Bình Dương,
bán nhà bình dương,480,https://muaban.net/bat-dong-san/ban-nha-binh-duong,cate,ban,nha,binh-duong,,ngoai top 30,Mua bán nhà đất,Bán nhà,Bình Dương,
bán nhà bình dương giá rẻ,260,https://muaban.net/bat-dong-san/ban-nha-binh-duong,cate,ban,nha,binh-duong,,ngoai top 30,Bất động sản,Bất động sản,Bình Dương,
mua nhà bình dương,260,https://muaban.net/bat-dong-san/ban-nha-binh-duong,cate,ban,nha,binh-duong,,22,Mua bán nhà đất,Bán đất,Bắc Ninh,TP. Bắc Ninh
nhà dĩ an dưới 2 tỷ,260,https://muaban.net/tags/mua-ban-nha-tp-di-an-binh-duong-duoi-2-ty,tag,ban,nha,binh-duong,tp-di-an,5,Tags,Tags,,
bán nhà dĩ an bình dương,210,https://muaban.net/bat-dong-san/ban-nha-thi-xa-di-an-binh-duong,cate,ban,nha,binh-duong,thi-xa-di-an,8,Bất động sản,Bất động sản,Quảng Ninh,TP. Hạ Long
bán nhà trọ bình dương,210,https://muaban.net/tags/ban-nha-tro-binh-duong,tag,ban,nha,binh-duong,,7,Tags,Tags,,
mua nhà bình dương dưới 1 tỷ,210,https://muaban.net/bat-dong-san/ban-nha-binh-duong,cate,ban,nha,binh-duong,,19,Cho thuê nhà đất,Thuê nhà,Hải Phòng,
mua bán nhà bình dương,200,https://muaban.net/bat-dong-san/ban-nha-binh-duong,cate,ban,nha,binh-duong,,17,Mua bán nhà đất,Bán nhà,Bình Dương,
bán nhà phường phú lợi,140,https://muaban.net/bat-dong-san/ban-nha-phuong-phu-loi-thanh-pho-thu-dau-mot-binh-duong,cate,ban,nha,binh-duong,thanh-pho-thu-dau,ngoai top 30,Mua bán nhà đất,Bán nhà,Long An,
mua nhà dĩ an bình dương,140,https://muaban.net/bat-dong-san/ban-nha-binh-duong,cate,ban,nha,binh-duong,,9,Cho thuê nhà đất,"Nhà trọ, Phòng trọ",Đà Nẵng,Quận Cẩm Lệ
mua nhà ở xã hội bình dương,140,https://muaban.net/bat-dong-san/ban-nha-binh-duong,cate,ban,nha,binh-duong,,ngoai top 30,Cho thuê nhà đất,Thuê nhà,Kiên Giang,Huyện Phú Quốc
bán nhà thành phố dĩ an dưới 1 tỷ,100,https://muaban.net/tags/mua-ban-nha-thi-xa-di-an-binh-duong-duoi-1-ty,tag,ban,nha,binh-duong,thi-xa-di-an,4,Tags,Tags,,
nhà phố bình dương,260,https://muaban.net/bat-dong-san/ban-nha-mat-tien-binh-duong,cate,ban,nha mat tien,binh-duong,,19,Mua bán nhà đất,Bán nhà,TPHCM,Quận 12
thuê chung cư thủ dầu một,50,https://muaban.net/bat-dong-san/cho-thue-can-ho-chung-cu-thanh-pho-thu-dau-mot-binh-duong,cate,cho thue,can ho,binh-duong,thanh-pho-thu-dau,6,Bất động sản,Cho thuê căn hộ,Cà Mau,
thuê mặt bằng bình dương,120,https://muaban.net/bat-dong-san/cho-thue-mat-bang-kinh-doanh-binh-duong,cate,cho thue,"mat bang, cua hang",binh-duong,,10,Cho thuê nhà đất,"Mặt bằng, Cửa hàng, Shop",Bình Dương,
cho thuê mặt bằng dĩ an,110,https://muaban.net/bat-dong-san/cho-thue-mat-bang-kinh-doanh-thi-xa-di-an-binh-duong,cate,cho thue,"mat bang, cua hang",binh-duong,thi-xa-di-an,6,Cho thuê nhà đất,"Mặt bằng, Cửa hàng, Shop",Bình Dương,Thành Phố Dĩ An
cho thuê mặt bằng bình dương,100,https://muaban.net/bat-dong-san/cho-thue-mat-bang-kinh-doanh-binh-duong,cate,cho thue,"mat bang, cua hang",binh-duong,,13,Cho thuê nhà đất,"Mặt bằng, Cửa hàng, Shop",Bình Dương,
Cho thuê nhà nguyên căn giá 2tr Bình Dương,590,https://muaban.net/tags/cho-thue-nha-binh-duong-gia-2-trieu,tag,cho thue,nha,binh-duong,,4,Mua bán nhà đất,Tags,Lâm Đồng,Huyện Đức Trọng
cho thuê nhà nguyên căn bình dương giá 2 triệu,590,https://muaban.net/tags/cho-thue-nha-binh-duong-gia-2-trieu,tag,cho thue,nha,binh-duong,,4,Mua bán nhà đất,Tags,TPHCM,Quận 7
cho thuê nhà nguyên căn giá 2 triệu bình dương,590,https://muaban.net/bat-dong-san/cho-thue-nha-binh-duong,cate,cho thue,nha,binh-duong,,5,Cho thuê nhà đất,Thuê nhà,Bình Dương,
thuê nhà nguyên căn giá 2tr Bình Dương,590,https://muaban.net/tags/cho-thue-nha-binh-duong-gia-2-trieu,tag,cho thue,nha,binh-duong,,4,Tags,Tags,,
nhà bình dương,390,https://muaban.net/bat-dong-san/cho-thue-nha-binh-duong,cate,cho thue,nha,binh-duong,,17,Mua bán nhà đất,Bán đất,Gia Lai,
thuê nhà dĩ an,260,https://muaban.net/bat-dong-san/cho-thue-nha-thi-xa-di-an-binh-duong,cate,cho thue,nha,binh-duong,thi-xa-di-an,17,Cho thuê nhà đất,Thuê nhà,Bình Dương,Thành Phố Dĩ An
thuê nhà bình dương,210,https://muaban.net/bat-dong-san/cho-thue-nha-binh-duong,cate,cho thue,nha,binh-duong,,6,Mua bán nhà đất,Bán đất,TPHCM,Quận 2 (TP. Thủ Đức)
cho thuê nhà dĩ an,170,https://muaban.net/bat-dong-san/cho-thue-nha-thi-xa-di-an-binh-duong,cate,cho thue,nha,binh-duong,thi-xa-di-an,17,Cho thuê nhà đất,Thuê nhà,Bình Dương,Thành Phố Dĩ An
nhà cho thuê bình dương,170,https://muaban.net/bat-dong-san/cho-thue-nha-binh-duong,cate,cho thue,nha,binh-duong,,4,Cho thuê nhà đất,"Nhà trọ, Phòng trọ",Cần Thơ,Quận Ninh Kiều
thuê nhà nguyên căn thuận an bình dương,170,https://muaban.net/bat-dong-san/cho-thue-nha-tp-thuan-an-binh-duong,cate,cho thue,nha,binh-duong,tp-thuan-an,10,Bất động sản,Bất động sản,Khánh Hòa,Huyện Khánh Vĩnh
thuê nhà nguyên căn dĩ an,150,https://muaban.net/bat-dong-san/cho-thue-nha-thi-xa-di-an-binh-duong,cate,cho thue,nha,binh-duong,thi-xa-di-an,10,Cho thuê nhà đất,Thuê nhà,,
cho thuê nhà bình dương,140,https://muaban.net/bat-dong-san/cho-thue-nha-binh-duong,cate,cho thue,nha,binh-duong,,10,Mua bán nhà đất,Bán nhà,TPHCM,Quận 12
cho thuê nhà thuận an bình dương,140,https://muaban.net/bat-dong-san/cho-thue-nha-tp-thuan-an-binh-duong,cate,cho thue,nha,binh-duong,tp-thuan-an,10,Mua bán nhà đất,Bán nhà,Hà Nội,
thuê nhà thủ dầu một,140,https://muaban.net/bat-dong-san/cho-thue-nha-thanh-pho-thu-dau-mot-binh-duong,cate,cho thue,nha,binh-duong,thanh-pho-thu-dau,14,Cho thuê nhà đất,Thuê nhà,Bình Dương,Thành phố thủ Dầu Một
cho thuê nhà thủ dầu một,110,https://muaban.net/bat-dong-san/cho-thue-nha-thanh-pho-thu-dau-mot-binh-duong,cate,cho thue,nha,binh-duong,thanh-pho-thu-dau,17,Cho thuê nhà đất,Thuê nhà,Bình Dương,Thành phố thủ Dầu Một
thuê nhà nguyên căn bình dương,110,https://muaban.net/bat-dong-san/cho-thue-nha-binh-duong,cate,cho thue,nha,binh-duong,,5,Cho thuê nhà đất,Thuê nhà,Bình Dương,
thuê nhà nguyên căn thủ dầu một,110,https://muaban.net/bat-dong-san/cho-thue-nha-thanh-pho-thu-dau-mot-binh-duong,cate,cho thue,nha,binh-duong,thanh-pho-thu-dau,13,Cho thuê nhà đất,Thuê nhà,Bình Dương,Thành phố thủ Dầu Một
cho thuê nhà nguyên căn bình dương,100,https://muaban.net/bat-dong-san/cho-thue-nha-binh-duong,cate,cho thue,nha,binh-duong,,12,Cho thuê nhà đất,Thuê nhà,Bình Dương,
thuê nhà nguyên căn dĩ an bình dương,90,https://muaban.net/bat-dong-san/cho-thue-nha-thi-xa-di-an-binh-duong,cate,cho thue,nha,binh-duong,thi-xa-di-an,12,Cho thuê nhà đất,Thuê nhà,Bình Dương,Thành Phố Dĩ An
nhà trọ bình dương,880,https://muaban.net/bat-dong-san/cho-thue-nha-tro-phong-tro-binh-duong,cate,cho thue,"nha tro, phong tro",binh-duong,,18,Cho thuê nhà đất,"Nhà trọ, Phòng trọ",Bình Dương,
phòng trọ bình dương,390,https://muaban.net/bat-dong-san/cho-thue-nha-tro-phong-tro-binh-duong,cate,cho thue,"nha tro, phong tro",binh-duong,,17,Cho thuê nhà đất,"Nhà trọ, Phòng trọ",Bình Dương,
phòng trọ dĩ an,390,https://muaban.net/bat-dong-san/cho-thue-nha-tro-phong-tro-thi-xa-di-an-binh-duong,cate,cho thue,"nha tro, phong tro",binh-duong,thi-xa-di-an,6,Cho thuê nhà đất,"Nhà trọ, Phòng trọ",Bình Dương,Thành Phố Dĩ An
phòng trọ thủ dầu một,260,https://muaban.net/bat-dong-san/cho-thue-nha-tro-phong-tro-thanh-pho-thu-dau-mot-binh-duong,cate,cho thue,"nha tro, phong tro",binh-duong,thanh-pho-thu-dau,19,Cho thuê nhà đất,"Nhà trọ, Phòng trọ",Bình Dương,Thành phố thủ Dầu Một
phòng trọ mới xây dĩ an,210,https://muaban.net/bat-dong-san/cho-thue-nha-tro-phong-tro-thi-xa-di-an-binh-duong,cate,cho thue,"nha tro, phong tro",binh-duong,thi-xa-di-an,10,Cho thuê nhà đất,"Nhà trọ, Phòng trọ",Bình Dương,Thành Phố Dĩ An
phòng trọ thuận an bình dương,170,https://muaban.net/bat-dong-san/cho-thue-nha-tro-phong-tro-tp-thuan-an-binh-duong,cate,cho thue,"nha tro, phong tro",binh-duong,tp-thuan-an,10,Cho thuê nhà đất,"Nhà trọ, Phòng trọ",Bình Dương,Thành Phố Thuận An
nhà trọ thuận an bình dương,110,https://muaban.net/bat-dong-san/cho-thue-nha-tro-phong-tro-tp-thuan-an-binh-duong,cate,cho thue,"nha tro, phong tro",binh-duong,tp-thuan-an,17,Cho thuê nhà đất,"Nhà trọ, Phòng trọ",Bình Dương,Thành Phố Thuận An
thuê phòng trọ mới xây Dĩ An,110,https://muaban.net/tags/cho-thue-phong-tro-moi-xay-di-an-binh-duong,tag,cho thue,"nha tro, phong tro",binh-duong,,8,Tags,Tags,,
tìm phòng trọ thuận an bình dương,80,https://muaban.net/bat-dong-san/cho-thue-nha-tro-phong-tro-tp-thuan-an-binh-duong,cate,cho thue,"nha tro, phong tro",binh-duong,tp-thuan-an,16,Cho thuê nhà đất,"Nhà trọ, Phòng trọ",Bình Dương,Thành Phố Thuận An
nhà trọ thủ dầu một bình dương,50,https://muaban.net/bat-dong-san/cho-thue-nha-tro-phong-tro-thanh-pho-thu-dau-mot-binh-duong,cate,cho thue,"nha tro, phong tro",binh-duong,thanh-pho-thu-dau,20,Cho thuê nhà đất,"Nhà trọ, Phòng trọ",Bình Dương,Thành phố thủ Dầu Một
thuê phòng trọ dĩ an bình dương,50,https://muaban.net/bat-dong-san/cho-thue-nha-tro-phong-tro-thi-xa-di-an-binh-duong,cate,cho thue,"nha tro, phong tro",binh-duong,thi-xa-di-an,15,Cho thuê nhà đất,"Nhà trọ, Phòng trọ",Bình Dương,Thành Phố Dĩ An
nhà đất bình phước,1.000,https://muaban.net/bat-dong-san/binh-phuoc,cate,,,binh-phuoc,,15,Bất động sản,Bất động sản,Bình Phước,
bán đất chơn thành,210,https://muaban.net/bat-dong-san/huyen-chon-thanh-binh-phuoc,cate,,,binh-phuoc,huyen-chon-thanh,18,Bất động sản,Bất động sản,Bình Phước,Huyện Chơn Thành
bán đất chơn thành bình phước,140,https://muaban.net/bat-dong-san/huyen-chon-thanh-binh-phuoc,cate,,,binh-phuoc,huyen-chon-thanh,17,Bất động sản,Bất động sản,Bình Phước,Huyện Chơn Thành
nhà đất đồng xoài,110,https://muaban.net/bat-dong-san/thi-xa-dong-xoai-binh-phuoc,cate,,,binh-phuoc,thi-xa-dong-xoai,22,Bất động sản,Bất động sản,Bình Phước,Thành phố Đồng Xoài
bán đất đồng phú bình phước,90,https://muaban.net/bat-dong-san/huyen-dong-phu-binh-phuoc,cate,,,binh-phuoc,huyen-dong-phu,14,Bất động sản,Bất động sản,Bình Phước,Huyện Đồng Phú
đất bình phước,1.600,https://muaban.net/bat-dong-san/ban-dat-binh-phuoc,cate,ban,dat,binh-phuoc,,18,Mua bán nhà đất,Bán đất,Bình Phước,
đất nền bình phước,1.300,https://muaban.net/bat-dong-san/ban-dat-binh-phuoc,cate,ban,dat,binh-phuoc,,23,Mua bán nhà đất,Bán đất,Bình Phước,
bán đất bình phước,880,https://muaban.net/bat-dong-san/ban-dat-binh-phuoc,cate,ban,dat,binh-phuoc,,17,Mua bán nhà đất,Bán đất,Bình Phước,
đất bán bình phước,880,https://muaban.net/bat-dong-san/ban-dat-binh-phuoc,cate,ban,dat,binh-phuoc,,17,Mua bán nhà đất,Bán đất,Bình Phước,
mua ban dat binh phuoc,260,https://muaban.net/bat-dong-san/ban-dat-binh-phuoc,cate,ban,dat,binh-phuoc,,16,Mua bán nhà đất,Bán đất,Bình Phước,
mua đất bình phước,170,https://muaban.net/bat-dong-san/ban-dat-binh-phuoc,cate,ban,dat,binh-phuoc,,8,Mua bán nhà đất,Bán đất,Bình Phước,
bán đất bình phước 200 triệu,150,https://muaban.net/tags/mua-ban-dat-binh-phuoc-gia-200-trieu,tag,ban,dat,binh-phuoc,,3,Tags,Tags,,
bán đất bù đốp bình phước,100,https://muaban.net/bat-dong-san/ban-dat-huyen-bu-dop-binh-phuoc,cate,ban,dat,binh-phuoc,huyen-bu-dop,19,Mua bán nhà đất,Bán đất,Bình Phước,Huyện Bù Đốp
bán đất tại bình phước,100,https://muaban.net/bat-dong-san/ban-dat-binh-phuoc,cate,ban,dat,binh-phuoc,,9,Mua bán nhà đất,Bán đất,Bình Phước,
đất giá rẻ bình phước,90,https://muaban.net/bat-dong-san/ban-dat-binh-phuoc,cate,ban,dat,binh-phuoc,,8,Mua bán nhà đất,Bán đất,Bình Phước,
bán đất đồng xoài,80,https://muaban.net/bat-dong-san/ban-dat-thi-xa-dong-xoai-binh-phuoc,cate,ban,dat,binh-phuoc,thi-xa-dong-xoai,25,Mua bán nhà đất,Bán đất,Bình Phước,Thành phố Đồng Xoài
bán đất bình phước giá rẻ,70,https://muaban.net/bat-dong-san/ban-dat-binh-phuoc,cate,ban,dat,binh-phuoc,,14,Mua bán nhà đất,Bán đất,Bình Phước,
nhà đất phan thiết,210,https://muaban.net/bat-dong-san/tp-phan-thiet-binh-thuan,cate,,,binh-thuan,tp-phan-thiet,30,Bất động sản,Bất động sản,Bình Thuận,TP. Phan Thiết
bán đất phan thiết,140,https://muaban.net/bat-dong-san/tp-phan-thiet-binh-thuan,cate,,,binh-thuan,tp-phan-thiet,20,Bất động sản,Bất động sản,Bình Thuận,TP. Phan Thiết
bất động sản phan thiết,140,https://muaban.net/bat-dong-san/tp-phan-thiet-binh-thuan,cate,,,binh-thuan,tp-phan-thiet,25,Bất động sản,Bất động sản,Bình Thuận,TP. Phan Thiết
nhà đất bình thuận,140,https://muaban.net/bat-dong-san/binh-thuan,cate,,,binh-thuan,,10,Bất động sản,Bất động sản,Bình Thuận,
bán đất lagi,110,https://muaban.net/bat-dong-san/thi-xa-lagi-binh-thuan,cate,,,binh-thuan,thi-xa-lagi,4,Bất động sản,Bất động sản,Bình Thuận,Thị Xã LaGi
đất bình thuận,320,https://muaban.net/bat-dong-san/ban-dat-binh-thuan,cate,ban,dat,binh-thuan,,9,Mua bán nhà đất,Bán đất,Bình Thuận,
bán đất bình thuận,210,https://muaban.net/bat-dong-san/ban-dat-binh-thuan,cate,ban,dat,binh-thuan,,10,Mua bán nhà đất,Bán đất,Bình Thuận,
đất bình thuận giá rẻ,100,https://muaban.net/bat-dong-san/ban-dat-binh-thuan,cate,ban,dat,binh-thuan,,16,Mua bán nhà đất,Bán đất,Bình Thuận,
bán nhà phan thiết,110,https://muaban.net/bat-dong-san/ban-nha-tp-phan-thiet-binh-thuan,cate,ban,nha,binh-thuan,tp-phan-thiet,22,Mua bán nhà đất,Bán nhà,Bình Thuận,TP. Phan Thiết
bán đất nông nghiệp bình thuận,100,https://muaban.net/bat-dong-san/ban-dat-nong-nghiep-kho-bai-binh-thuan,cate,ban,"nha xuong, kho",binh-thuan,,17,Mua bán nhà đất,Bán đất,Bình Thuận,
nhà trọ phan thiết,140,https://muaban.net/bat-dong-san/cho-thue-nha-tro-phong-tro-tp-phan-thiet-binh-thuan,cate,cho thue,"nha tro, phong tro",binh-thuan,tp-phan-thiet,27,Cho thuê nhà đất,"Nhà trọ, Phòng trọ",Bình Thuận,TP. Phan Thiết
phòng trọ phan thiết,90,https://muaban.net/bat-dong-san/cho-thue-nha-tro-phong-tro-tp-phan-thiet-binh-thuan,cate,cho thue,"nha tro, phong tro",binh-thuan,tp-phan-thiet,25,Cho thuê nhà đất,"Nhà trọ, Phòng trọ",Bình Thuận,TP. Phan Thiết
nhà đất cà mau,320,https://muaban.net/bat-dong-san/ca-mau,cate,,,ca-mau,,21,Bất động sản,Bất động sản,Cà Mau,
mua bán nhà đất cà mau,110,https://muaban.net/bat-dong-san/ca-mau,cate,,,ca-mau,,19,Bất động sản,Bất động sản,Cà Mau,
đất cà mau,390,https://muaban.net/bat-dong-san/ban-dat-ca-mau,cate,ban,dat,ca-mau,,ngoai top 30,Mua bán nhà đất,Bán đất,Cà Mau,
đất nền cà mau,390,https://muaban.net/bat-dong-san/ban-dat-ca-mau,cate,ban,dat,ca-mau,,19,Mua bán nhà đất,Bán đất,Cà Mau,
bán đất cà mau,170,https://muaban.net/bat-dong-san/ban-dat-ca-mau,cate,ban,dat,ca-mau,,26,Mua bán nhà đất,Bán đất,Cà Mau,
đất cà mau giá 150 đến 200 triệu,170,https://muaban.net/tags/mua-ban-dat-ca-mau-gia-tu-150-den-200-trieu,tag,ban,dat,ca-mau,,8,Tags,Tags,,
nhà đất cần thơ giá rẻ,1.900,https://muaban.net/bat-dong-san/can-tho,cate,,,can-tho,,ngoai top 30,Bất động sản,Bất động sản,Cần Thơ,
nha dat can tho,590,https://muaban.net/bat-dong-san/can-tho,cate,,,can-tho,,29,Bất động sản,Bất động sản,Cần Thơ,
mua bán nhà đất cần thơ,320,https://muaban.net/bat-dong-san/can-tho,cate,,,can-tho,,20,Bất động sản,Bất động sản,Cần Thơ,
nhà đất cần thơ cần bán gấp,210,https://muaban.net/bat-dong-san/can-tho,cate,,,can-tho,,23,Bất động sản,Bất động sản,Cần Thơ,
chung cư cần thơ,480,https://muaban.net/bat-dong-san/ban-can-ho-can-tho,cate,ban,can ho,can-tho,,ngoai top 30,Mua bán nhà đất,Bán căn hộ,Cần Thơ,
bán đất cần thơ,320,https://muaban.net/bat-dong-san/ban-dat-can-tho,cate,ban,dat,can-tho,,ngoai top 30,Mua bán nhà đất,Bán đất,Cần Thơ,
bán đất vườn bình thủy cần thơ giá 120 triệu,210,https://muaban.net/tags/mua-ban-dat-vuon-quan-binh-thuy-can-tho-gia-120-trieu,tag,ban,dat,can-tho,quan-binh-thuy,2,Tags,Tags,,
đất nền cần thơ,210,https://muaban.net/bat-dong-san/ban-dat-can-tho,cate,ban,dat,can-tho,,22,Mua bán nhà đất,Bán đất,Cần Thơ,
bán đất cần thơ 150 triệu,110,https://muaban.net/bat-dong-san/ban-dat-can-tho,cate,ban,dat,can-tho,,4,Mua bán nhà đất,Bán đất,Cần Thơ,
mua bán đất cần thơ,110,https://muaban.net/bat-dong-san/ban-dat-can-tho,cate,ban,dat,can-tho,,22,Mua bán nhà đất,Bán đất,Cần Thơ,
bán đất nền cần thơ,100,https://muaban.net/bat-dong-san/ban-dat-can-tho,cate,ban,dat,can-tho,,17,Mua bán nhà đất,Bán đất,Cần Thơ,
bán nhà cấp 4 giá rẻ tại cần thơ,320,https://muaban.net/tags/ban-nha-cap-4-gia-re-tai-can-tho,tag,ban,nha,can-tho,,9,Mua bán nhà đất,Tags,TPHCM,Quận Tân Phú
bán nhà cần thơ,320,https://muaban.net/bat-dong-san/ban-nha-can-tho,cate,ban,nha,can-tho,,29,Mua bán nhà đất,Bán nhà,Cần Thơ,
Bán nhà đất Cần Thơ dưới 1 tỷ,150,https://muaban.net/tags/mua-ban-nha-dat-can-tho-duoi-1-ty,tag,ban,nha dat,can-tho,,9,Tags,Tags,,
Nhà đất Cần Thơ giá 200 triệu,140,https://muaban.net/tags/mua-ban-nha-dat-can-tho-200-trieu,tag,ban,nha dat,can-tho,,6,Tags,Tags,,
Nhà đất Cần Thơ giá dưới 200 triệu,140,https://muaban.net/tags/mua-ban-nha-dat-can-tho-200-trieu,tag,ban,nha dat,can-tho,,4,Mua bán nhà đất,Tags,TPHCM,Quận 12
Nhà đất Cần Thơ giá rẻ dưới 500 triệu,140,https://muaban.net/tags/mua-ban-nha-dat-can-tho-duoi-500-trieu,tag,ban,nha dat,can-tho,,ngoai top 30,Mua bán nhà đất,Tags,TPHCM,Quận 12
cho thuê mặt bằng cần thơ,210,https://muaban.net/bat-dong-san/cho-thue-mat-bang-kinh-doanh-can-tho,cate,cho thue,"mat bang, cua hang",can-tho,,12,Cho thuê nhà đất,"Mặt bằng, Cửa hàng, Shop",Cần Thơ,
thuê mặt bằng cần thơ,140,https://muaban.net/bat-dong-san/cho-thue-mat-bang-kinh-doanh-can-tho,cate,cho thue,"mat bang, cua hang",can-tho,,14,Cho thuê nhà đất,"Mặt bằng, Cửa hàng, Shop",Cần Thơ,
cho thuê mặt bằng nhỏ tại cần thơ,110,https://muaban.net/bat-dong-san/cho-thue-mat-bang-kinh-doanh-can-tho,cate,cho thue,"mat bang, cua hang",can-tho,,7,Bất động sản,Tags,Phú Thọ,TP. Việt Trì
thuê nhà cần thơ,480,https://muaban.net/bat-dong-san/cho-thue-nha-can-tho,cate,cho thue,nha,can-tho,,7,Cho thuê nhà đất,Thuê nhà,Cần Thơ,
nhà cho thuê cần thơ,390,https://muaban.net/bat-dong-san/cho-thue-nha-can-tho,cate,cho thue,nha,can-tho,,8,Cho thuê nhà đất,Thuê nhà,Cần Thơ,
cho thuê nhà cần thơ,320,https://muaban.net/bat-dong-san/cho-thue-nha-can-tho,cate,cho thue,nha,can-tho,,9,Cho thuê nhà đất,Thuê nhà,Cần Thơ,
thuê nhà nguyên căn cần thơ,140,https://muaban.net/bat-dong-san/cho-thue-nha-can-tho,cate,cho thue,nha,can-tho,,8,Cho thuê nhà đất,Thuê nhà,Cần Thơ,
nhà thuê cần thơ,70,https://muaban.net/bat-dong-san/cho-thue-nha-can-tho,cate,cho thue,nha,can-tho,,9,Cho thuê nhà đất,Thuê nhà,Cần Thơ,
nhà trọ cần thơ,1.300,https://muaban.net/bat-dong-san/cho-thue-nha-tro-phong-tro-can-tho,cate,cho thue,"nha tro, phong tro",can-tho,,ngoai top 30,Cho thuê nhà đất,"Nhà trọ, Phòng trọ",Cần Thơ,
phòng trọ cần thơ,260,https://muaban.net/bat-dong-san/cho-thue-nha-tro-phong-tro-can-tho,cate,cho thue,"nha tro, phong tro",can-tho,,30,Cho thuê nhà đất,"Nhà trọ, Phòng trọ",Cần Thơ,
nhà trọ sinh viên cần thơ,210,https://muaban.net/bat-dong-san/cho-thue-nha-tro-phong-tro-can-tho,cate,cho thue,"nha tro, phong tro",can-tho,,ngoai top 30,Cho thuê nhà đất,"Nhà trọ, Phòng trọ",Cần Thơ,
nhà trọ giá rẻ cần thơ,140,https://muaban.net/bat-dong-san/cho-thue-nha-tro-phong-tro-can-tho,cate,cho thue,"nha tro, phong tro",can-tho,,30,Cho thuê nhà đất,"Nhà trọ, Phòng trọ",Cần Thơ,
nhà trọ sinh viên giá rẻ cần thơ,70,https://muaban.net/bat-dong-san/cho-thue-nha-tro-phong-tro-can-tho,cate,cho thue,"nha tro, phong tro",can-tho,,ngoai top 30,Cho thuê nhà đất,"Nhà trọ, Phòng trọ",Cần Thơ,
bất động sản đà nẵng,3.600,https://muaban.net/bat-dong-san/da-nang,cate,,,da-nang,,ngoai top 30,Bất động sản,Bất động sản,Đà Nẵng,
nhà đất đà nẵng,2.900,https://muaban.net/bat-dong-san/da-nang,cate,,,da-nang,,20,Bất động sản,Bất động sản,Đà Nẵng,
mua bán nhà đất đà nẵng,1.300,https://muaban.net/bat-dong-san/da-nang,cate,,,da-nang,,16,Bất động sản,Bất động sản,Đà Nẵng,
bds đà nẵng,1.000,https://muaban.net/bat-dong-san/da-nang,cate,,,da-nang,,ngoai top 30,Bất động sản,Bất động sản,Đà Nẵng,
nhà đất đà nẵng giá rẻ,110,https://muaban.net/bat-dong-san/da-nang,cate,,,da-nang,,9,Bất động sản,Bất động sản,Đà Nẵng,
cho thuê biệt thự đà nẵng,170,https://muaban.net/bat-dong-san/biet-thu-villa-da-nang,cate,,"biet thu, villa",da-nang,,23,Cho thuê nhà đất,Thuê nhà,Đà Nẵng,
cho thuê văn phòng đà nẵng,480,https://muaban.net/bat-dong-san/van-phong-da-nang,cate,,van phong,da-nang,,ngoai top 30,Cho thuê nhà đất,Cho thuê văn phòng,Đà Nẵng,
thuê văn phòng đà nẵng,320,https://muaban.net/bat-dong-san/van-phong-da-nang,cate,,van phong,da-nang,,ngoai top 30,Cho thuê nhà đất,Cho thuê văn phòng,Đà Nẵng,
văn phòng cho thuê đà nẵng,210,https://muaban.net/bat-dong-san/van-phong-da-nang,cate,,van phong,da-nang,,ngoai top 30,Cho thuê nhà đất,Cho thuê văn phòng,Đà Nẵng,
Bán biệt thự Đà Nẵng,720,https://muaban.net/bat-dong-san/ban-biet-thu-villa-penthouse-da-nang,cate,ban,"biet thu, villa",da-nang,,11,Mua bán nhà đất,Bán nhà,Đà Nẵng,Đà Nẵng
chung cư đà nẵng,1.900,https://muaban.net/bat-dong-san/ban-can-ho-da-nang,cate,ban,can ho,da-nang,,ngoai top 30,Mua bán nhà đất,Bán căn hộ,Đà Nẵng,
căn hộ đà nẵng,1.300,https://muaban.net/bat-dong-san/ban-can-ho-da-nang,cate,ban,can ho,da-nang,,ngoai top 30,Mua bán nhà đất,Bán căn hộ,Đà Nẵng,
bán chung cư đà nẵng,390,https://muaban.net/bat-dong-san/ban-can-ho-da-nang,cate,ban,can ho,da-nang,,20,Mua bán nhà đất,Bán căn hộ,Đà Nẵng,
bán đất đà nẵng,2.400,https://muaban.net/bat-dong-san/ban-dat-da-nang,cate,ban,dat,da-nang,,ngoai top 30,Bất động sản,Bất động sản,Đà Nẵng,
mua bán đất đà nẵng,480,https://muaban.net/bat-dong-san/ban-dat-da-nang,cate,ban,dat,da-nang,,9,Mua bán nhà đất,Bán đất,Đà Nẵng,
đất ngũ hành sơn,320,https://muaban.net/bat-dong-san/ban-dat-quan-ngu-hanh-son-da-nang,cate,ban,dat,da-nang,quan-ngu-hanh,16,Mua bán nhà đất,Bán đất,Đà Nẵng,Quận Ngũ Hành Sơn
bán đất liên chiểu,170,https://muaban.net/bat-dong-san/ban-dat-quan-lien-chieu-da-nang,cate,ban,dat,da-nang,quan-lien-chieu,21,Mua bán nhà đất,Bán đất,Đà Nẵng,Quận Liên Chiểu
đất hòa xuân dưới 2 tỷ,150,https://muaban.net/tags/mua-ban-dat-phuong-hoa-xuan-quan-cam-le-da-nang-duoi-2-ty,tag,ban,dat,da-nang,quan-cam-le,4,Tags,Tags,,
bán đất an thượng đà nẵng,110,https://muaban.net/tags/ban-dat-an-thuong-da-nang,tag,ban,dat,da-nang,,ngoai top 30,Tags,Tags,,
bán đất hòa vang đà nẵng,110,https://muaban.net/bat-dong-san/ban-dat-huyen-hoa-vang-da-nang,cate,ban,dat,da-nang,huyen-hoa-vang,10,Mua bán nhà đất,Bán đất,Đà Nẵng,Huyện Hoà Vang
bán đất ngũ hành sơn,110,https://muaban.net/bat-dong-san/ban-dat-quan-ngu-hanh-son-da-nang,cate,ban,dat,da-nang,quan-ngu-hanh,17,Mua bán nhà đất,Bán đất,Đà Nẵng,Quận Ngũ Hành Sơn
bán đất đường xuân thủy đà nẵng,110,https://muaban.net/bat-dong-san/ban-dat-duong-xuan-thuy-quan-cam-le-da-nang,cate,ban,dat,da-nang,quan-cam-le,9,Mua bán nhà đất,Bán nhà,TPHCM,TP. Thủ Đức
Bán đất vườn đà nẵng,100,https://muaban.net/bat-dong-san/ban-dat-tho-cu-da-nang,cate,ban,dat,da-nang,,11,Mua bán nhà đất,Bán đất,Đà Nẵng,
bán đất nền đà nẵng,100,https://muaban.net/bat-dong-san/ban-dat-da-nang,cate,ban,dat,da-nang,,11,Mua bán nhà đất,Bán đất,Đà Nẵng,
bán đất đà nẵng giá rẻ,100,https://muaban.net/bat-dong-san/ban-dat-da-nang,cate,ban,dat,da-nang,,10,Mua bán nhà đất,Bán đất,Đà Nẵng,
bán đất quận liên chiểu đà nẵng,90,https://muaban.net/bat-dong-san/ban-dat-quan-lien-chieu-da-nang,cate,ban,dat,da-nang,quan-lien-chieu,20,Mua bán nhà đất,Bán đất,Đà Nẵng,Quận Liên Chiểu
bán đất quận liên chiểu,70,https://muaban.net/bat-dong-san/ban-dat-quan-lien-chieu-da-nang,cate,ban,dat,da-nang,quan-lien-chieu,ngoai top 30,Mua bán nhà đất,Bán đất,Đà Nẵng,Quận Liên Chiểu
bán nhà đà nẵng,2.400,https://muaban.net/bat-dong-san/ban-nha-da-nang,cate,ban,nha,da-nang,,10,Mua bán nhà đất,Bán nhà,Đà Nẵng,
bán nhà đà nẵng dưới 2 tỷ,480,https://muaban.net/bat-dong-san/ban-nha-da-nang,cate,ban,nha,da-nang,,10,Mua bán nhà đất,Bán nhà,Đà Nẵng,
bán gấp nhà cấp 4 tại đà nẵng,320,https://muaban.net/tags/ban-nha-cap-4-da-nang,tag,ban,nha,da-nang,,9,Tags,Tags,,
bán nhà quận hải châu đà nẵng,320,https://muaban.net/bat-dong-san/ban-nha-quan-hai-chau-da-nang,cate,ban,nha,da-nang,quan-hai-chau,15,Mua bán nhà đất,Bán nhà,Đà Nẵng,Quận Hải Châu
mua bán nhà đà nẵng,260,https://muaban.net/bat-dong-san/ban-nha-da-nang,cate,ban,nha,da-nang,,14,Mua bán nhà đất,Bán nhà,Đà Nẵng,
bán nhà đường phạm phú tiết đà nẵng,170,https://muaban.net/bat-dong-san/ban-nha-duong-pham-phu-tiet-quan-cam-le-da-nang,cate,ban,nha,da-nang,quan-cam-le,10,Cho thuê nhà đất,Bán nhà,TPHCM,TP. Thủ Đức
bán nhà đà nẵng dưới 3 tỷ,140,https://muaban.net/tags/mua-ban-nha-da-nang-duoi-3-ty,tag,ban,nha,da-nang,,6,Tags,Tags,,
bán nhà trọ đà nẵng,110,https://muaban.net/tags/mua-ban-nha-tro-da-nang,tag,ban,nha,da-nang,,18,Tags,Tags,,
cần bán nhà gấp tại đà nẵng,110,https://muaban.net/bat-dong-san/ban-nha-da-nang,cate,ban,nha,da-nang,,13,Mua bán nhà đất,Bán nhà,Đà Nẵng,
mua nhà cấp 4 liên chiểu đà nẵng,100,https://muaban.net/bat-dong-san/ban-nha-hem-ngo-quan-lien-chieu-da-nang,cate,ban,nha,da-nang,quan-lien-chieu,7,Mua bán nhà đất,Bán nhà,,
bán nhà đà nẵng dưới 1 tỷ,50,https://muaban.net/bat-dong-san/ban-nha-da-nang,cate,ban,nha,da-nang,,8,Mua bán nhà đất,Bán nhà,Đà Nẵng,
bán nhà mặt tiền đà nẵng,110,https://muaban.net/bat-dong-san/ban-nha-mat-tien-da-nang,cate,ban,nha mat tien,da-nang,,17,Mua bán nhà đất,Bán nhà,Đà Nẵng,
thuê chung cư đà nẵng,480,https://muaban.net/bat-dong-san/cho-thue-can-ho-chung-cu-da-nang,cate,cho thue,can ho,da-nang,,27,Cho thuê nhà đất,Cho thuê căn hộ,Đà Nẵng,
cho thuê mặt bằng đà nẵng,390,https://muaban.net/bat-dong-san/cho-thue-mat-bang-kinh-doanh-da-nang,cate,cho thue,"mat bang, cua hang",da-nang,,19,Cho thuê nhà đất,"Mặt bằng, Cửa hàng, Shop",Đà Nẵng,
thuê mặt bằng đà nẵng,320,https://muaban.net/bat-dong-san/cho-thue-mat-bang-kinh-doanh-da-nang,cate,cho thue,"mat bang, cua hang",da-nang,,19,Cho thuê nhà đất,"Mặt bằng, Cửa hàng, Shop",Đà Nẵng,
thuê mặt bằng giá 3 triệu tại đà nẵng,210,https://muaban.net/tags/cho-thue-mat-bang-da-nang-gia-3-trieu,tag,cho thue,"mat bang, cua hang",da-nang,,5,Tags,Tags,,
mặt bằng cho thuê đà nẵng,140,https://muaban.net/bat-dong-san/cho-thue-mat-bang-kinh-doanh-da-nang,cate,cho thue,"mat bang, cua hang",da-nang,,16,Cho thuê nhà đất,"Mặt bằng, Cửa hàng, Shop",Đà Nẵng,
thuê nhà đà nẵng,1.600,https://muaban.net/bat-dong-san/cho-thue-nha-da-nang,cate,cho thue,nha,da-nang,,16,Cho thuê nhà đất,Thuê nhà,Đà Nẵng,
cho thuê nhà đà nẵng,1.000,https://muaban.net/bat-dong-san/cho-thue-nha-da-nang,cate,cho thue,nha,da-nang,,18,Cho thuê nhà đất,Thuê nhà,Đà Nẵng,
cho thuê nhà giá 2 triệu đà nẵng,720,https://muaban.net/tags/cho-thue-nha-nguyen-can-gia-2-trieu-da-nang,tag,cho thue,nha,da-nang,,10,Tags,Tags,,
cho thuê nhà nguyên căn giá 2 triệu đà nẵng,720,https://muaban.net/tags/cho-thue-nha-nguyen-can-gia-2-trieu-da-nang,tag,cho thue,nha,da-nang,,8,Cho thuê nhà đất,Tags,Đồng Nai,TP. Biên Hoà
thuê nhà nguyên căn đà nẵng,590,https://muaban.net/bat-dong-san/cho-thue-nha-da-nang,cate,cho thue,nha,da-nang,,13,Cho thuê nhà đất,Thuê nhà,Đà Nẵng,
nhà cho thuê đà nẵng,390,https://muaban.net/bat-dong-san/cho-thue-nha-da-nang,cate,cho thue,nha,da-nang,,ngoai top 30,Cho thuê nhà đất,Thuê nhà,Đà Nẵng,
cho thuê nhà nguyên căn đà nẵng,260,https://muaban.net/bat-dong-san/cho-thue-nha-da-nang,cate,cho thue,nha,da-nang,,13,Cho thuê nhà đất,Thuê nhà,Đà Nẵng,
nhà cho thuê đà nẵng 2 triệu,260,https://muaban.net/tags/cho-thue-nha-da-nang-duoi-2-trieu,tag,cho thue,nha,da-nang,,11,Tags,Tags,,
thuê nhà cấp 4 giá rẻ sơn trà đà nẵng,110,https://muaban.net/tags/cho-thue-nha-cap-4-quan-son-tra-da-nang,tag,cho thue,nha,da-nang,quan-son-tra,15,Tags,Tags,,
cho thuê nhà cấp 4 sơn trà đà nẵng,70,https://muaban.net/bat-dong-san/cho-thue-nha-quan-son-tra-da-nang,cate,cho thue,nha,da-nang,quan-son-tra,15,Cho thuê nhà đất,Thuê nhà,Đà Nẵng,Quận Sơn Trà
phòng trọ đà nẵng,2.400,https://muaban.net/bat-dong-san/cho-thue-nha-tro-phong-tro-da-nang,cate,cho thue,"nha tro, phong tro",da-nang,,17,Cho thuê nhà đất,"Nhà trọ, Phòng trọ",Đà Nẵng,
trọ đà nẵng,880,https://muaban.net/bat-dong-san/cho-thue-nha-tro-phong-tro-da-nang,cate,cho thue,"nha tro, phong tro",da-nang,,15,Cho thuê nhà đất,"Nhà trọ, Phòng trọ",Đà Nẵng,
nhà trọ đà nẵng,590,https://muaban.net/bat-dong-san/cho-thue-nha-tro-phong-tro-da-nang,cate,cho thue,"nha tro, phong tro",da-nang,,10,Cho thuê nhà đất,"Nhà trọ, Phòng trọ",Đà Nẵng,
cho thuê phòng trọ đà nẵng,480,https://muaban.net/bat-dong-san/cho-thue-nha-tro-phong-tro-da-nang,cate,cho thue,"nha tro, phong tro",da-nang,,17,Cho thuê nhà đất,"Nhà trọ, Phòng trọ",Đà Nẵng,
thuê trọ đà nẵng,390,https://muaban.net/bat-dong-san/cho-thue-nha-tro-phong-tro-da-nang,cate,cho thue,"nha tro, phong tro",da-nang,,15,Cho thuê nhà đất,"Nhà trọ, Phòng trọ",Đà Nẵng,
phòng trọ liên chiểu đà nẵng,260,https://muaban.net/bat-dong-san/cho-thue-nha-tro-phong-tro-quan-lien-chieu-da-nang,cate,cho thue,"nha tro, phong tro",da-nang,quan-lien-chieu,23,Cho thuê nhà đất,"Nhà trọ, Phòng trọ",Đà Nẵng,Quận Liên Chiểu
thuê phòng trọ đà nẵng,260,https://muaban.net/bat-dong-san/cho-thue-nha-tro-phong-tro-da-nang,cate,cho thue,"nha tro, phong tro",da-nang,,17,Cho thuê nhà đất,"Nhà trọ, Phòng trọ",Đà Nẵng,
tìm trọ đà nẵng,210,https://muaban.net/bat-dong-san/cho-thue-nha-tro-phong-tro-da-nang,cate,cho thue,"nha tro, phong tro",da-nang,,15,Cho thuê nhà đất,"Nhà trọ, Phòng trọ",Đà Nẵng,
tìm phòng trọ đà nẵng,170,https://muaban.net/bat-dong-san/cho-thue-nha-tro-phong-tro-da-nang,cate,cho thue,"nha tro, phong tro",da-nang,,19,Cho thuê nhà đất,"Nhà trọ, Phòng trọ",Đà Nẵng,
phòng trọ giá rẻ đà nẵng,140,https://muaban.net/bat-dong-san/cho-thue-nha-tro-phong-tro-da-nang,cate,cho thue,"nha tro, phong tro",da-nang,,18,Cho thuê nhà đất,"Nhà trọ, Phòng trọ",Đà Nẵng,
phòng trọ quận thanh khê đà nẵng,110,https://muaban.net/bat-dong-san/cho-thue-nha-tro-phong-tro-quan-thanh-khe-da-nang,cate,cho thue,"nha tro, phong tro",da-nang,quan-thanh-khe,14,Cho thuê nhà đất,"Nhà trọ, Phòng trọ",Đà Nẵng,Quận Thanh Khê
cho thuê phòng trọ đà nẵng mới nhất,100,https://muaban.net/bat-dong-san/cho-thue-nha-tro-phong-tro-da-nang,cate,cho thue,"nha tro, phong tro",da-nang,,15,Cho thuê nhà đất,"Nhà trọ, Phòng trọ",Đà Nẵng,
cho thuê phòng trọ ở đà nẵng,70,https://muaban.net/bat-dong-san/cho-thue-nha-tro-phong-tro-da-nang,cate,cho thue,"nha tro, phong tro",da-nang,,18,Cho thuê nhà đất,"Nhà trọ, Phòng trọ",Đà Nẵng,
nhà đất buôn ma thuột,320,https://muaban.net/bat-dong-san/tp-buon-ma-thuot-dak-lak,cate,,,dak-lak,tp-buon-ma,20,Bất động sản,Bất động sản,Đắk Lắk,TP. Buôn Ma Thuột
nhà đất đắk lắk,90,https://muaban.net/bat-dong-san/dak-lak,cate,,,dak-lak,,13,Bất động sản,Bất động sản,Đắk Lắk,
bán đất daklak,300,https://muaban.net/bat-dong-san/ban-dat-dak-lak,cate,ban,dat,dak-lak,,15,Mua bán nhà đất,Bán đất,Đắk Lắk,
bán đất buôn ma thuột,260,https://muaban.net/bat-dong-san/ban-dat-tp-buon-ma-thuot-dak-lak,cate,ban,dat,dak-lak,tp-buon-ma,17,Mua bán nhà đất,Bán đất,Đắk Lắk,TP. Buôn Ma Thuột
mua đất ở buôn ma thuột dưới 1 tỷ,170,https://muaban.net/tags/mua-ban-dat-tp-buon-ma-thuot-dak-lak-duoi-1-ty,tag,ban,dat,dak-lak,tp-buon-ma,5,Tags,Tags,,
mua đất buôn ma thuột,90,https://muaban.net/bat-dong-san/ban-dat-tp-buon-ma-thuot-dak-lak,cate,ban,dat,dak-lak,tp-buon-ma,15,Mua bán nhà đất,Bán đất,Đắk Lắk,TP. Buôn Ma Thuột
phòng trọ bmt,260,https://muaban.net/bat-dong-san/cho-thue-nha-tro-phong-tro-tp-buon-ma-thuot-dak-lak,cate,cho thue,"nha tro, phong tro",dak-lak,tp-buon-ma,ngoai top 30,Cho thuê nhà đất,"Nhà trọ, Phòng trọ",Đắk Lắk,TP. Buôn Ma Thuột
nhà đất đắk nông,110,https://muaban.net/bat-dong-san/dak-nong,cate,,,dak-nong,,8,Bất động sản,Bất động sản,Đắk Nông,
bán đất đắk nông giá rẻ,110,https://muaban.net/bat-dong-san/ban-dat-dak-nong,cate,ban,dat,dak-nong,,7,Mua bán nhà đất,Bán đất,Đắk Nông,
mua bán đất đắk nông,110,https://muaban.net/bat-dong-san/ban-dat-dak-nong,cate,ban,dat,dak-nong,,7,Mua bán nhà đất,Bán đất,Đắk Nông,
ban dat dak nong,100,https://muaban.net/bat-dong-san/ban-dat-dak-nong,cate,ban,dat,dak-nong,,7,Mua bán nhà đất,Bán đất,Đắk Nông,
đất đắk nông giá rẻ,100,https://muaban.net/bat-dong-san/ban-dat-dak-nong,cate,ban,dat,dak-nong,,4,Mua bán nhà đất,Bán đất,Đắk Nông,
đất đắk nông,70,https://muaban.net/bat-dong-san/ban-dat-dak-nong,cate,ban,dat,dak-nong,,9,Mua bán nhà đất,Bán đất,Đắk Nông,
nhà đất đồng nai,320,https://muaban.net/bat-dong-san/dong-nai,cate,,,dong-nai,,8,Bất động sản,Bất động sản,Đồng Nai,
mua bán nhà đất đồng nai,100,https://muaban.net/bat-dong-san/dong-nai,cate,,,dong-nai,,15,Bất động sản,Bất động sản,Đồng Nai,
chung cư biên hoà,260,https://muaban.net/bat-dong-san/ban-can-ho-tp-bien-hoa-dong-nai,cate,ban,can ho,dong-nai,tp-bien-hoa,30,Mua bán nhà đất,Bán căn hộ,Đồng Nai,TP. Biên Hoà
chung cư biên hòa giá 400 triệu,90,https://muaban.net/bat-dong-san/ban-can-ho-tp-bien-hoa-dong-nai,cate,ban,can ho,dong-nai,tp-bien-hoa,ngoai top 30,Mua bán nhà đất,Bán căn hộ,Đồng Nai,TP. Biên Hoà
bán đất nhơn trạch,720,https://muaban.net/bat-dong-san/ban-dat-huyen-nhon-trach-dong-nai,cate,ban,dat,dong-nai,huyen-nhon-trach,7,Mua bán nhà đất,Bán đất,Đồng Nai,Huyện Nhơn Trạch
đất long thành,480,https://muaban.net/bat-dong-san/ban-dat-huyen-long-thanh-dong-nai,cate,ban,dat,dong-nai,huyen-long-thanh,24,Mua bán nhà đất,Bán đất,Đồng Nai,Huyện Long Thành
bán đất đồng nai,390,https://muaban.net/bat-dong-san/ban-dat-dong-nai,cate,ban,dat,dong-nai,,9,Mua bán nhà đất,Bán đất,Đồng Nai,
bán đất biên hòa dưới 1 tỷ,320,https://muaban.net/tags/mua-ban-dat-tp-bien-hoa-dong-nai-duoi-1-ty,tag,ban,dat,dong-nai,tp-bien-hoa,7,Tags,Tags,,
bán đất long thành,320,https://muaban.net/bat-dong-san/ban-dat-huyen-long-thanh-dong-nai,cate,ban,dat,dong-nai,huyen-long-thanh,ngoai top 30,Mua bán nhà đất,Bán đất,Đồng Nai,Huyện Long Thành
giá đất đồng nai,320,https://muaban.net/bat-dong-san/ban-dat-dong-nai,cate,ban,dat,dong-nai,,ngoai top 30,Mua bán nhà đất,Bán đất,Đồng Nai,
bán đất biên hòa,170,https://muaban.net/bat-dong-san/ban-dat-tp-bien-hoa-dong-nai,cate,ban,dat,dong-nai,tp-bien-hoa,8,Mua bán nhà đất,Bán đất,Đồng Nai,TP. Biên Hoà
bán đất nhơn trạch đồng nai,170,https://muaban.net/bat-dong-san/ban-dat-huyen-nhon-trach-dong-nai,cate,ban,dat,dong-nai,huyen-nhon-trach,7,Mua bán nhà đất,Bán đất,Đồng Nai,Huyện Nhơn Trạch
bán đất long khánh,140,https://muaban.net/bat-dong-san/ban-dat-thi-xa-long-khanh-dong-nai,cate,ban,dat,dong-nai,thi-xa-long-khanh,ngoai top 30,Mua bán nhà đất,Bán đất,Đồng Nai,Thành phố Long Khánh
bán đất định quán đồng nai,140,https://muaban.net/bat-dong-san/ban-dat-huyen-dinh-quan-dong-nai,cate,ban,dat,dong-nai,huyen-dinh-quan,ngoai top 30,Mua bán nhà đất,Bán đất,Đồng Nai,Huyện Định Quán
bán đất cẩm mỹ,110,https://muaban.net/bat-dong-san/ban-dat-huyen-cam-my-dong-nai,cate,ban,dat,dong-nai,huyen-cam-my,9,Mua bán nhà đất,Bán đất,Đồng Nai,Huyện Cẩm Mỹ
bán đất cẩm mỹ đồng nai,110,https://muaban.net/bat-dong-san/ban-dat-huyen-cam-my-dong-nai,cate,ban,dat,dong-nai,huyen-cam-my,14,Mua bán nhà đất,Bán đất,Đồng Nai,Huyện Cẩm Mỹ
mua bán đất nhơn trạch,110,https://muaban.net/bat-dong-san/ban-dat-huyen-nhon-trach-dong-nai,cate,ban,dat,dong-nai,huyen-nhon-trach,8,Mua bán nhà đất,Bán đất,Đồng Nai,Huyện Nhơn Trạch
mua đất đồng nai,110,https://muaban.net/bat-dong-san/ban-dat-dong-nai,cate,ban,dat,dong-nai,,26,Mua bán nhà đất,Bán đất,Đồng Nai,
đất long khánh,110,https://muaban.net/bat-dong-san/ban-dat-thi-xa-long-khanh-dong-nai,cate,ban,dat,dong-nai,thi-xa-long-khanh,23,Mua bán nhà đất,Bán đất,Đồng Nai,Thành phố Long Khánh
bán đất xuân lộc đồng nai,90,https://muaban.net/bat-dong-san/ban-dat-huyen-xuan-loc-dong-nai,cate,ban,dat,dong-nai,huyen-xuan-loc,16,Mua bán nhà đất,Bán đất,Đồng Nai,Huyện Xuân Lộc
bán đất tân phú đồng nai,80,https://muaban.net/bat-dong-san/ban-dat-huyen-tan-phu-dong-nai,cate,ban,dat,dong-nai,huyen-tan-phu,ngoai top 30,Mua bán nhà đất,Bán đất,Đồng Nai,Huyện Tân Phú
đất định quán đồng nai,60,https://muaban.net/bat-dong-san/ban-dat-huyen-dinh-quan-dong-nai,cate,ban,dat,dong-nai,huyen-dinh-quan,19,Mua bán nhà đất,Bán đất,Đồng Nai,Huyện Định Quán
bán đất trảng bom,50,https://muaban.net/bat-dong-san/ban-dat-huyen-trang-bom-dong-nai,cate,ban,dat,dong-nai,huyen-trang-bom,ngoai top 30,Mua bán nhà đất,Bán đất,Đồng Nai,Huyện Trảng Bom
bán đất vĩnh cửu đồng nai,50,https://muaban.net/bat-dong-san/ban-dat-huyen-vinh-cuu-dong-nai,cate,ban,dat,dong-nai,huyen-vinh-cuu,18,Mua bán nhà đất,Bán đất,Đồng Nai,Huyện Vĩnh Cửu
bán nhà cấp 4 biên hòa giá rẻ,140,https://muaban.net/tags/ban-nha-cap-4-tp-bien-hoa-dong-nai,tag,ban,nha,dong-nai,tp-bien-hoa,4,Tags,Tags,,
ban nha cho tot dong nai,90,https://muaban.net/bat-dong-san/ban-nha-dong-nai,cate,ban,nha,dong-nai,,12,Mua bán nhà đất,Bán nhà,Đồng Nai,
thuê chung cư biên hòa,110,https://muaban.net/bat-dong-san/cho-thue-can-ho-chung-cu-tp-bien-hoa-dong-nai,cate,cho thue,can ho,dong-nai,tp-bien-hoa,27,Cho thuê nhà đất,Cho thuê căn hộ,Đồng Nai,TP. Biên Hoà
cho thuê mặt bằng biên hòa,100,https://muaban.net/bat-dong-san/cho-thue-mat-bang-kinh-doanh-tp-bien-hoa-dong-nai,cate,cho thue,"mat bang, cua hang",dong-nai,tp-bien-hoa,7,Cho thuê nhà đất,"Mặt bằng, Cửa hàng, Shop",Đồng Nai,TP. Biên Hoà
cho thuê nhà biên hoà,210,https://muaban.net/bat-dong-san/cho-thue-nha-tp-bien-hoa-dong-nai,cate,cho thue,nha,dong-nai,tp-bien-hoa,9,Cho thuê nhà đất,Thuê nhà,Đồng Nai,TP. Biên Hoà
thuê nhà biên hòa,210,https://muaban.net/bat-dong-san/cho-thue-nha-tp-bien-hoa-dong-nai,cate,cho thue,nha,dong-nai,tp-bien-hoa,16,Cho thuê nhà đất,Thuê nhà,Đồng Nai,TP. Biên Hoà
nhà trọ biên hòa,110,https://muaban.net/bat-dong-san/cho-thue-nha-tro-phong-tro-tp-bien-hoa-dong-nai,cate,cho thue,"nha tro, phong tro",dong-nai,tp-bien-hoa,11,Cho thuê nhà đất,"Nhà trọ, Phòng trọ",Đồng Nai,TP. Biên Hoà
nhà đất đồng tháp,210,https://muaban.net/bat-dong-san/dong-thap,cate,,,dong-thap,,25,Bất động sản,Bất động sản,Đồng Tháp,
bán nhà đất cao lãnh,170,https://muaban.net/bat-dong-san/huyen-cao-lanh-dong-thap,cate,,,dong-thap,huyen-cao-lanh,26,Bất động sản,Bất động sản,Đồng Tháp,Huyện Cao Lãnh
nhà đất cao lãnh,170,https://muaban.net/bat-dong-san/huyen-cao-lanh-dong-thap,cate,,,dong-thap,huyen-cao-lanh,ngoai top 30,Bất động sản,Bất động sản,Đồng Tháp,Huyện Cao Lãnh
nhà đất sa đéc,90,https://muaban.net/bat-dong-san/tp-sa-dec-dong-thap,cate,,,dong-thap,tp-sa-dec,23,Bất động sản,Bất động sản,Đồng Tháp,TP. Sa Đéc
nhà đất lai vung,80,https://muaban.net/bat-dong-san/huyen-lai-vung-dong-thap,cate,,,dong-thap,huyen-lai-vung,28,Bất động sản,Bất động sản,Đồng Tháp,Huyện Lai Vung
bán đất đồng tháp,100,https://muaban.net/bat-dong-san/ban-dat-dong-thap,cate,ban,dat,dong-thap,,24,Mua bán nhà đất,Bán đất,Đồng Tháp,
nhà đất gia lai,590,https://muaban.net/bat-dong-san/gia-lai,cate,,,gia-lai,,18,Bất động sản,Bất động sản,Gia Lai,
mua bán nhà đất gia lai,90,https://muaban.net/bat-dong-san/gia-lai,cate,,,gia-lai,,19,Bất động sản,Bất động sản,Gia Lai,
bán đất đấu giá tại lai xá​,210,https://muaban.net/tags/ban-dat-dau-gia-lai-xa,tag,ban,dat,gia-lai,,ngoai top 30,Mua bán nhà đất,Tags,TPHCM,Huyện Hóc Môn
bán đất gia lai,170,https://muaban.net/bat-dong-san/ban-dat-gia-lai,cate,ban,dat,gia-lai,,26,Mua bán nhà đất,Bán đất,Gia Lai,
đất gia lai,170,https://muaban.net/bat-dong-san/ban-dat-gia-lai,cate,ban,dat,gia-lai,,27,Mua bán nhà đất,Bán đất,Gia Lai,
bán đất pleiku,110,https://muaban.net/bat-dong-san/ban-dat-tp-pleiku-gia-lai,cate,ban,dat,gia-lai,tp-pleiku,26,Mua bán nhà đất,Bán đất,Gia Lai,TP. Pleiku
bán đất ở gia lai,100,https://muaban.net/bat-dong-san/ban-dat-gia-lai,cate,ban,dat,gia-lai,,29,Mua bán nhà đất,Bán đất,Gia Lai,
bán nhà gia lai,100,https://muaban.net/bat-dong-san/ban-nha-gia-lai,cate,ban,nha,gia-lai,,19,Mua bán nhà đất,Bán nhà,Gia Lai,
bán đất hà giang,100,https://muaban.net/bat-dong-san/ban-dat-ha-giang,cate,ban,dat,ha-giang,,ngoai top 30,Mua bán nhà đất,Bán đất,Hà Giang,
nhà đất hà nam,170,https://muaban.net/bat-dong-san/ha-nam,cate,,,ha-nam,,15,Bất động sản,Bất động sản,Hà Nam,
bán đất phủ lý hà nam,140,https://muaban.net/bat-dong-san/thanh-pho-phu-ly-ha-nam,cate,,,ha-nam,thanh-pho-phu-ly,21,Bất động sản,Bất động sản,Hà Nam,Thành phố Phủ Lý
bán đất duy tiên hà nam,110,https://muaban.net/bat-dong-san/huyen-duy-tien-ha-nam,cate,,,ha-nam,huyen-duy-tien,ngoai top 30,Bất động sản,Bất động sản,Hà Nam,Huyện Duy Tiên
bán đất hà nam,260,https://muaban.net/bat-dong-san/ban-dat-ha-nam,cate,ban,dat,ha-nam,,27,Mua bán nhà đất,Bán đất,Hà Nam,
bán đất hà nam 300 triệu,170,https://muaban.net/bat-dong-san/ban-dat-ha-nam,cate,ban,dat,ha-nam,,ngoai top 30,Mua bán nhà đất,Bán đất,Hà Nam,
hội mua bán nhà đất phủ lý,100,https://muaban.net/bat-dong-san/ban-nha-thanh-pho-phu-ly-ha-nam,cate,ban,nha,ha-nam,thanh-pho-phu-ly,ngoai top 30,Mua bán nhà đất,Bán nhà,Hà Nam,Thành phố Phủ Lý
mua bán nhà đất phủ lý hà nam,50,https://muaban.net/bat-dong-san/ban-nha-thanh-pho-phu-ly-ha-nam,cate,ban,nha,ha-nam,thanh-pho-phu-ly,19,Mua bán nhà đất,Bán nhà,Hà Nam,Thành phố Phủ Lý
bất động sản hà nội,8.100,https://muaban.net/bat-dong-san/ha-noi,cate,,,ha-noi,,19,Bất động sản,Bất động sản,Hà Nội,
mua bán nhà đất hà nội,5.400,https://muaban.net/bat-dong-san/ha-noi,cate,,,ha-noi,,4,Bất động sản,Bất động sản,Hà Nội,
nhà đất hà nội,2.900,https://muaban.net/bat-dong-san/ha-noi,cate,,,ha-noi,,9,Bất động sản,Bất động sản,Hà Nội,
bds hà nội,1.600,https://muaban.net/bat-dong-san/ha-noi,cate,,,ha-noi,,20,Bất động sản,Bất động sản,Hà Nội,
nhà đất long biên,1.000,https://muaban.net/bat-dong-san/quan-long-bien-ha-noi,cate,,,ha-noi,quan-long-bien,4,Bất động sản,Bất động sản,Hà Nội,Quận Long Biên
bất động sản hà đông,720,https://muaban.net/bat-dong-san/quan-ha-dong-ha-noi,cate,,,ha-noi,quan-ha-dong,19,Bất động sản,Bất động sản,Hà Nội,Quận Hà Đông
bất động sản long biên,480,https://muaban.net/bat-dong-san/quan-long-bien-ha-noi,cate,,,ha-noi,quan-long-bien,9,Bất động sản,Bất động sản,Hà Nội,Quận Long Biên
nhà đất cầu giấy,390,https://muaban.net/bat-dong-san/quan-cau-giay-ha-noi,cate,,,ha-noi,quan-cau-giay,11,Bất động sản,Bất động sản,Hà Nội,Quận Cầu Giấy
mua bán nhà đất hà đông,320,https://muaban.net/bat-dong-san/quan-ha-dong-ha-noi,cate,,,ha-noi,quan-ha-dong,12,Bất động sản,Bất động sản,Hà Nội,Quận Hà Đông
mua bán nhà đất hà nội chính chủ,260,https://muaban.net/bat-dong-san/ha-noi,cate,,,ha-noi,,ngoai top 30,Bất động sản,Bất động sản,Hà Nội,
nhà đất bắc từ liêm,260,https://muaban.net/bat-dong-san/quan-bac-tu-liem-ha-noi,cate,,,ha-noi,quan-bac-tu,6,Bất động sản,Bất động sản,Hà Nội,Quận Bắc Từ Liêm
bds hà đông,210,https://muaban.net/bat-dong-san/quan-ha-dong-ha-noi,cate,,,ha-noi,quan-ha-dong,17,Bất động sản,Bất động sản,Hà Nội,Quận Hà Đông
nhà đất đống đa,210,https://muaban.net/bat-dong-san/quan-dong-da-ha-noi,cate,,,ha-noi,quan-dong-da,8,Bất động sản,Bất động sản,Hà Nội,Quận Đống Đa
nhà đất ba đình,170,https://muaban.net/bat-dong-san/quan-ba-dinh-ha-noi,cate,,,ha-noi,quan-ba-dinh,3,Bất động sản,Bất động sản,Hà Nội,Quận Ba Đình
nhà đất hai bà trưng,170,https://muaban.net/bat-dong-san/quan-hai-ba-trung-ha-noi,cate,,,ha-noi,quan-hai-ba,9,Bất động sản,Bất động sản,Hà Nội,Quận Hai Bà Trưng
nhà đất nam từ liêm,170,https://muaban.net/bat-dong-san/quan-nam-tu-liem-ha-noi,cate,,,ha-noi,quan-nam-tu,10,Bất động sản,Bất động sản,Hà Nội,Quận Nam Từ Liêm
nhà đất quận hoàng mai,170,https://muaban.net/bat-dong-san/quan-hoang-mai-ha-noi,cate,,,ha-noi,quan-hoang-mai,6,Bất động sản,Bất động sản,Hà Nội,Quận Hoàng Mai
nhà đất quận long biên,170,https://muaban.net/bat-dong-san/quan-long-bien-ha-noi,cate,,,ha-noi,quan-long-bien,8,Bất động sản,Bất động sản,Hà Nội,Quận Long Biên
nhà đất quận đống đa,170,https://muaban.net/bat-dong-san/quan-dong-da-ha-noi,cate,,,ha-noi,quan-dong-da,6,Bất động sản,Bất động sản,Hà Nội,Quận Đống Đa
mua bán nhà đất quận ba đình,110,https://muaban.net/bat-dong-san/quan-ba-dinh-ha-noi,cate,,,ha-noi,quan-ba-dinh,4,Bất động sản,Bất động sản,Hà Nội,Quận Ba Đình
mua bán nhà đất quận cầu giấy,110,https://muaban.net/bat-dong-san/quan-cau-giay-ha-noi,cate,,,ha-noi,quan-cau-giay,12,Bất động sản,Bất động sản,Hà Nội,Quận Cầu Giấy
mua bán nhà đất quận hoàn kiếm,110,https://muaban.net/bat-dong-san/quan-hoan-kiem-ha-noi,cate,,,ha-noi,quan-hoan-kiem,4,Bất động sản,Bất động sản,Hà Nội,Quận Hoàn Kiếm
mua bán nhà đất quận nam từ liêm,110,https://muaban.net/bat-dong-san/quan-nam-tu-liem-ha-noi,cate,,,ha-noi,quan-nam-tu,8,Bất động sản,Bất động sản,Hà Nội,Quận Nam Từ Liêm
mua bán nhà đất quận đống đa,110,https://muaban.net/bat-dong-san/quan-dong-da-ha-noi,cate,,,ha-noi,quan-dong-da,7,Bất động sản,Bất động sản,Hà Nội,Quận Đống Đa
nhà đất quận ba đình,110,https://muaban.net/bat-dong-san/quan-ba-dinh-ha-noi,cate,,,ha-noi,quan-ba-dinh,2,Bất động sản,Bất động sản,Hà Nội,Quận Ba Đình
nhà đất quận hai bà trưng,110,https://muaban.net/bat-dong-san/quan-hai-ba-trung-ha-noi,cate,,,ha-noi,quan-hai-ba,7,Bất động sản,Bất động sản,Hà Nội,Quận Hai Bà Trưng
bán nhà ngọc hà,100,https://muaban.net/bat-dong-san/duong-ngoc-ha-quan-ba-dinh-ha-noi,cate,,,ha-noi,quan-ba-dinh,8,Bất động sản,Bất động sản,,
chung cư 3 tỷ hà nội,2.900,https://muaban.net/tags/chung-cu-3-ty-ha-noi,tag,,can ho,ha-noi,,ngoai top 30,Bất động sản,Tags,Bình Thuận,
mua nhà hà nội dưới 1.5 tỷ,170,https://muaban.net/tags/mua-nha-duoi-1-5-ty-ha-noi,tag,,nha,ha-noi,,6,Tags,Tags,,
thuê nhà cấp 4 giá rẻ tại hà nội,150,https://muaban.net/bat-dong-san/nha-hem-ngo-ha-noi,cate,,nha,ha-noi,,4,Cho thuê nhà đất,Thuê nhà,,
thuê nhà cấp 4 tại hà nội,110,https://muaban.net/bat-dong-san/nha-hem-ngo-ha-noi,cate,,nha,ha-noi,,4,Cho thuê nhà đất,Thuê nhà,Hà Nội,
cho thuê nhà mặt phố hà nội,4.500,https://muaban.net/bat-dong-san/nha-mat-tien-ha-noi,cate,,nha mat tien,ha-noi,,2,Cho thuê nhà đất,Thuê nhà,,
phòng trọ sinh viên giá rẻ hà nội,140,https://muaban.net/tags/phong-tro-sinh-vien-gia-re-ha-noi,tag,,"nha tro, phong tro",ha-noi,,8,Tags,Tags,,
cho thuê văn phòng cầu giấy,480,https://muaban.net/bat-dong-san/van-phong-quan-cau-giay-ha-noi,cate,,van phong,ha-noi,quan-cau-giay,20,Cho thuê nhà đất,Cho thuê văn phòng,Hà Nội,Quận Cầu Giấy
thuê văn phòng cầu giấy,390,https://muaban.net/bat-dong-san/van-phong-quan-cau-giay-ha-noi,cate,,van phong,ha-noi,quan-cau-giay,22,Cho thuê nhà đất,Cho thuê văn phòng,Hà Nội,Quận Cầu Giấy
thuê văn phòng tại hà nội,390,https://muaban.net/bat-dong-san/van-phong-ha-noi,cate,,van phong,ha-noi,,11,Cho thuê nhà đất,Cho thuê văn phòng,Hà Nội,
cho thuê văn phòng quận đống đa,250,https://muaban.net/bat-dong-san/van-phong-quan-dong-da-ha-noi,cate,,van phong,ha-noi,quan-dong-da,5,Cho thuê nhà đất,Cho thuê văn phòng,,
cho thuê văn phòng tại hà nội,140,https://muaban.net/bat-dong-san/van-phong-ha-noi,cate,,van phong,ha-noi,,16,Cho thuê nhà đất,Cho thuê văn phòng,Hà Nội,
biệt thự hà nội,390,https://muaban.net/bat-dong-san/ban-biet-thu-villa-penthouse-ha-noi,cate,ban,"biet thu, villa",ha-noi,,ngoai top 30,Mua bán nhà đất,Bán nhà,Hà Nội,
biệt thự tây hồ,170,https://muaban.net/bat-dong-san/ban-biet-thu-villa-penthouse-quan-tay-ho-ha-noi,cate,ban,"biet thu, villa",ha-noi,quan-tay-ho,18,Mua bán nhà đất,Bán nhà,Hà Nội,Quận Tây Hồ
biệt thự hà đông,140,https://muaban.net/bat-dong-san/ban-biet-thu-villa-penthouse-quan-ha-dong-ha-noi,cate,ban,"biet thu, villa",ha-noi,quan-ha-dong,27,Mua bán nhà đất,Bán nhà,Hà Nội,Quận Hà Đông
bán biệt thự hà nội,140,https://muaban.net/bat-dong-san/ban-biet-thu-villa-penthouse-ha-noi,cate,ban,"biet thu, villa",ha-noi,,ngoai top 30,Mua bán nhà đất,Bán nhà,Hà Nội,
bán biệt thự hà đông,110,https://muaban.net/bat-dong-san/ban-biet-thu-villa-penthouse-quan-ha-dong-ha-noi,cate,ban,"biet thu, villa",ha-noi,quan-ha-dong,20,Mua bán nhà đất,Bán nhà,Hà Nội,Quận Hà Đông
nhà liền kề hà đông,110,https://muaban.net/bat-dong-san/ban-biet-thu-villa-penthouse-quan-ha-dong-ha-noi,cate,ban,"biet thu, villa",ha-noi,quan-ha-dong,ngoai top 30,Mua bán nhà đất,Bán nhà,Hà Nội,Quận Hà Đông
chung cư giá 1.5 tỷ ở hà nội,900,https://muaban.net/tags/mua-ban-chung-cu-ha-noi-gia-1.5-ty,tag,ban,can ho,ha-noi,,3,Tags,Tags,,
mua chung cư giá 1.5 tỷ ở hà nội,900,https://muaban.net/tags/mua-ban-chung-cu-ha-noi-gia-1.5-ty,tag,ban,can ho,ha-noi,,5,Mua bán nhà đất,Tags,Cần Thơ,Huyện Phong Điền
bán chung cư hà nội,720,https://muaban.net/bat-dong-san/ban-can-ho-ha-noi,cate,ban,can ho,ha-noi,,9,Mua bán nhà đất,Bán căn hộ,Hà Nội,
mua bán chung cư hà nội,720,https://muaban.net/bat-dong-san/ban-can-ho-ha-noi,cate,ban,can ho,ha-noi,,9,Mua bán nhà đất,Bán căn hộ,Hà Nội,
"chung cư giá 1,5 tỷ ở hà nội",500,https://muaban.net/tags/mua-ban-chung-cu-ha-noi-gia-1.5-ty,tag,ban,can ho,ha-noi,,6,Tags,Tags,,
mua chung cư hà nội giá dưới 1 tỷ,500,https://muaban.net/tags/mua-ban-chung-cu-ha-noi-duoi-1-ty,tag,ban,can ho,ha-noi,,10,Mua bán nhà đất,Tags,Đồng Nai,Huyện Xuân Lộc
chung cư quận cầu giấy,260,https://muaban.net/bat-dong-san/ban-can-ho-quan-dong-da-ha-noi,cate,ban,can ho,ha-noi,quan-dong-da,25,Mua bán nhà đất,Bán căn hộ,Hà Nội,Quận Cầu Giấy
chung cư quận hoàng mai,260,https://muaban.net/bat-dong-san/ban-can-ho-quan-hoang-mai-ha-noi,cate,ban,can ho,ha-noi,quan-hoang-mai,9,Mua bán nhà đất,Bán căn hộ,Hà Nội,Quận Hoàng Mai
chung cư quận long biên,260,https://muaban.net/bat-dong-san/ban-can-ho-quan-long-bien-ha-noi,cate,ban,can ho,ha-noi,quan-long-bien,16,Mua bán nhà đất,Bán căn hộ,Hà Nội,Quận Long Biên
chung cư quận thanh xuân,260,https://muaban.net/bat-dong-san/ban-can-ho-quan-thanh-xuan-ha-noi,cate,ban,can ho,ha-noi,quan-thanh-xuan,16,Mua bán nhà đất,Bán căn hộ,Hà Nội,Quận Thanh Xuân
chung cư quận đống đa,260,https://muaban.net/bat-dong-san/ban-can-ho-quan-dong-da-ha-noi,cate,ban,can ho,ha-noi,quan-dong-da,23,Mua bán nhà đất,Bán căn hộ,Hà Nội,Quận đống đa
chung cư quận hai bà trưng,210,https://muaban.net/bat-dong-san/ban-can-ho-quan-hai-ba-trung-ha-noi,cate,ban,can ho,ha-noi,quan-hai-ba,17,Mua bán nhà đất,Bán căn hộ,Hà Nội,Quận Hai Bà Trưng
Chung cư Cầu Giấy dưới 3 tỷ,170,https://muaban.net/tags/mua-ban-chung-cu-quan-cau-giay-ha-noi-duoi-3-ty,tag,ban,can ho,ha-noi,quan-cau-giay,6,Tags,Tags,,
Căn hộ duplex Hà Nội,170,https://muaban.net/tags/mua-ban-can-ho-chung-cu-duplex-ha-noi,tag,ban,can ho,ha-noi,,8,Tags,Tags,,
bán chung cư mini hà nội,170,https://muaban.net/bat-dong-san/ban-can-ho-ha-noi,cate,ban,can ho,ha-noi,,12,Mua bán nhà đất,Bán căn hộ,Hà Nội,
chung cư 2 tỷ hà nội,170,https://muaban.net/tags/mua-ban-can-ho-chung-cu-ha-noi-duoi-2-ty,tag,ban,can ho,ha-noi,,9,Tags,Tags,,
chung cư quận ba đình,170,https://muaban.net/bat-dong-san/ban-can-ho-quan-ba-dinh-ha-noi,cate,ban,can ho,ha-noi,quan-ba-dinh,ngoai top 30,Mua bán nhà đất,Bán căn hộ,Hà Nội,Quận Ba Đình
chung cư quận tây hồ,170,https://muaban.net/bat-dong-san/ban-can-ho-quan-tay-ho-ha-noi,cate,ban,can ho,ha-noi,quan-tay-ho,20,Mua bán nhà đất,Bán căn hộ,Hà Nội,Quận Tây Hồ
chung cư quận hà đông,140,https://muaban.net/bat-dong-san/ban-can-ho-quan-ha-dong-ha-noi,cate,ban,can ho,ha-noi,quan-ha-dong,23,Mua bán nhà đất,Bán căn hộ,Hà Nội,Quận Hà Đông
Chung cư Quận Thanh Xuân dưới 2 tỷ,110,https://muaban.net/tags/mua-ban-chung-cu-quan-thanh-xuan-ha-noi-duoi-2-ty,tag,ban,can ho,ha-noi,quan-thanh-xuan,4,Tags,Tags,,
bán chung cư quận cầu giấy,110,https://muaban.net/bat-dong-san/ban-can-ho-quan-dong-da-ha-noi,cate,ban,can ho,ha-noi,quan-dong-da,11,Mua bán nhà đất,Bán căn hộ,Hà Nội,Quận Cầu Giấy
bán chung cư quận thanh xuân,110,https://muaban.net/bat-dong-san/ban-can-ho-quan-thanh-xuan-ha-noi,cate,ban,can ho,ha-noi,quan-thanh-xuan,8,Mua bán nhà đất,Bán căn hộ,Hà Nội,Quận Thanh Xuân
bán căn hộ quận đống đa,110,https://muaban.net/bat-dong-san/ban-can-ho-quan-dong-da-ha-noi,cate,ban,can ho,ha-noi,quan-dong-da,9,Mua bán nhà đất,Bán căn hộ,Hà Nội,Quận đống đa
bán đất đông anh,1.600,https://muaban.net/bat-dong-san/ban-dat-huyen-dong-anh-ha-noi,cate,ban,dat,ha-noi,huyen-dong-anh,16,Mua bán nhà đất,Bán đất,Hà Nội,
đất đông anh,1.300,https://muaban.net/bat-dong-san/ban-dat-huyen-dong-anh-ha-noi,cate,ban,dat,ha-noi,huyen-dong-anh,16,Mua bán nhà đất,Bán đất,Hà Nội,
bán đất long biên,1.000,https://muaban.net/bat-dong-san/ban-dat-quan-long-bien-ha-noi,cate,ban,dat,ha-noi,quan-long-bien,10,Mua bán nhà đất,Bán đất,Hà Nội,
bán đất sóc sơn,1.000,https://muaban.net/bat-dong-san/ban-dat-huyen-soc-son-ha-noi,cate,ban,dat,ha-noi,huyen-soc-son,16,Mua bán nhà đất,Bán đất,Hà Nội,
bán đất hà nội,880,https://muaban.net/bat-dong-san/ban-dat-ha-noi,cate,ban,dat,ha-noi,,8,Mua bán nhà đất,Bán đất,Hà Nội,
bán đất gia lâm,720,https://muaban.net/bat-dong-san/ban-dat-huyen-gia-lam-ha-noi,cate,ban,dat,ha-noi,huyen-gia-lam,17,Mua bán nhà đất,Bán đất,Hà Nội,
bán đất hoài đức,720,https://muaban.net/bat-dong-san/ban-dat-huyen-hoai-duc-ha-noi,cate,ban,dat,ha-noi,huyen-hoai-duc,10,Mua bán nhà đất,Bán đất,Hà Nội,
bán đất mê linh,720,https://muaban.net/bat-dong-san/ban-dat-huyen-me-linh-ha-noi,cate,ban,dat,ha-noi,huyen-me-linh,25,Mua bán nhà đất,Bán đất,Hà Nội,
mua bán đất hà nội,720,https://muaban.net/bat-dong-san/ban-dat-ha-noi,cate,ban,dat,ha-noi,,12,Mua bán nhà đất,Bán đất,Hà Nội,
đất sóc sơn,720,https://muaban.net/bat-dong-san/ban-dat-huyen-soc-son-ha-noi,cate,ban,dat,ha-noi,huyen-soc-son,19,Mua bán nhà đất,Bán đất,Hà Nội,
bán đất ba vì,590,https://muaban.net/bat-dong-san/ban-dat-huyen-ba-vi-ha-noi,cate,ban,dat,ha-noi,huyen-ba-vi,ngoai top 30,Mua bán nhà đất,Bán đất,Hà Nội,
bán đất quốc oai,590,https://muaban.net/bat-dong-san/ban-dat-huyen-quoc-oai-ha-noi,cate,ban,dat,ha-noi,huyen-quoc-oai,19,Mua bán nhà đất,Bán đất,Hà Nội,
bán đất thanh oai,590,https://muaban.net/bat-dong-san/ban-dat-huyen-thanh-oai-ha-noi,cate,ban,dat,ha-noi,huyen-thanh-oai,15,Mua bán nhà đất,Bán đất,Hà Nội,
bán đất thanh trì,590,https://muaban.net/bat-dong-san/ban-dat-huyen-thanh-tri-ha-noi-ha-noi,cate,ban,dat,ha-noi,huyen-thanh-tri,6,Mua bán nhà đất,Bán đất,Hà Nội,
bán đất thường tín,590,https://muaban.net/bat-dong-san/ban-dat-huyen-thuong-tin-ha-noi,cate,ban,dat,ha-noi,huyen-thuong-tin,22,Mua bán nhà đất,Bán đất,Hà Nội,
mua đất hà nội,590,https://muaban.net/bat-dong-san/ban-dat-ha-noi,cate,ban,dat,ha-noi,,9,Mua bán nhà đất,Bán đất,Hà Nội,
mua đất đông anh,590,https://muaban.net/bat-dong-san/ban-dat-huyen-dong-anh-ha-noi,cate,ban,dat,ha-noi,huyen-dong-anh,8,Mua bán nhà đất,Bán đất,Hà Nội,
mua đất sóc sơn,480,https://muaban.net/bat-dong-san/ban-dat-huyen-soc-son-ha-noi,cate,ban,dat,ha-noi,huyen-soc-son,12,Mua bán nhà đất,Bán đất,Hà Nội,
đất hoài đức,480,https://muaban.net/bat-dong-san/ban-dat-huyen-hoai-duc-ha-noi,cate,ban,dat,ha-noi,huyen-hoai-duc,11,Mua bán nhà đất,Bán đất,Hà Nội,
đất nền mê linh,480,https://muaban.net/bat-dong-san/ban-dat-huyen-me-linh-ha-noi,cate,ban,dat,ha-noi,huyen-me-linh,ngoai top 30,Mua bán nhà đất,Bán đất,Hà Nội,
đất long biên,390,https://muaban.net/bat-dong-san/ban-dat-quan-long-bien-ha-noi,cate,ban,dat,ha-noi,quan-long-bien,8,Mua bán nhà đất,Bán đất,Hà Nội,
đất mê linh,390,https://muaban.net/bat-dong-san/ban-dat-huyen-me-linh-ha-noi,cate,ban,dat,ha-noi,huyen-me-linh,ngoai top 30,Mua bán nhà đất,Bán đất,Hà Nội,
bán đất phú xuyên,320,https://muaban.net/bat-dong-san/ban-dat-huyen-phu-xuyen-ha-noi,cate,ban,dat,ha-noi,huyen-phu-xuyen,18,Mua bán nhà đất,Bán đất,Hà Nội,
bán đất thạch thất,320,https://muaban.net/bat-dong-san/ban-dat-huyen-thach-that-ha-noi,cate,ban,dat,ha-noi,huyen-thach-that,6,Mua bán nhà đất,Bán đất,Hà Nội,
mua bán đất đông anh,320,https://muaban.net/bat-dong-san/ban-dat-huyen-dong-anh-ha-noi,cate,ban,dat,ha-noi,huyen-dong-anh,13,Mua bán nhà đất,Bán đất,Hà Nội,
mua đất long biên,320,https://muaban.net/bat-dong-san/ban-dat-quan-long-bien-ha-noi,cate,ban,dat,ha-noi,quan-long-bien,8,Mua bán nhà đất,Bán đất,Hà Nội,
đất ba vì,320,https://muaban.net/bat-dong-san/ban-dat-huyen-ba-vi-ha-noi,cate,ban,dat,ha-noi,huyen-ba-vi,13,Mua bán nhà đất,Bán đất,Hà Nội,
đất gia lâm,320,https://muaban.net/bat-dong-san/ban-dat-huyen-gia-lam-ha-noi,cate,ban,dat,ha-noi,huyen-gia-lam,23,Mua bán nhà đất,Bán đất,Hà Nội,
đất quốc oai,320,https://muaban.net/bat-dong-san/ban-dat-huyen-quoc-oai-ha-noi,cate,ban,dat,ha-noi,huyen-quoc-oai,24,Mua bán nhà đất,Bán đất,Hà Nội,
đất thanh oai,320,https://muaban.net/bat-dong-san/ban-dat-huyen-thanh-oai-ha-noi,cate,ban,dat,ha-noi,huyen-thanh-oai,ngoai top 30,Mua bán nhà đất,Bán đất,Hà Nội,
đất thanh trì,320,https://muaban.net/bat-dong-san/ban-dat-huyen-thanh-tri-ha-noi-ha-noi,cate,ban,dat,ha-noi,huyen-thanh-tri,16,Mua bán nhà đất,Bán đất,Hà Nội,
đất thường tín,320,https://muaban.net/bat-dong-san/ban-dat-huyen-thuong-tin-ha-noi,cate,ban,dat,ha-noi,huyen-thuong-tin,24,Mua bán nhà đất,Bán đất,Hà Nội,
bán đất bắc từ liêm,260,https://muaban.net/bat-dong-san/ban-dat-quan-bac-tu-liem-ha-noi,cate,ban,dat,ha-noi,quan-bac-tu,6,Mua bán nhà đất,Bán đất,Hà Nội,
bán đất cầu giấy,260,https://muaban.net/bat-dong-san/ban-dat-quan-cau-giay-ha-noi,cate,ban,dat,ha-noi,quan-cau-giay,8,Mua bán nhà đất,Bán đất,Hà Nội,
mua đất thanh trì,260,https://muaban.net/bat-dong-san/ban-dat-huyen-thanh-tri-ha-noi-ha-noi,cate,ban,dat,ha-noi,huyen-thanh-tri,7,Mua bán nhà đất,Bán đất,Hà Nội,
đất nền đông anh,260,https://muaban.net/bat-dong-san/ban-dat-huyen-dong-anh-ha-noi,cate,ban,dat,ha-noi,huyen-dong-anh,25,Mua bán nhà đất,Bán đất,Hà Nội,
bán đất nam từ liêm,210,https://muaban.net/bat-dong-san/ban-dat-quan-nam-tu-liem-ha-noi,cate,ban,dat,ha-noi,quan-nam-tu,10,Mua bán nhà đất,Bán đất,Hà Nội,
bán đất phúc thọ,210,https://muaban.net/bat-dong-san/ban-dat-huyen-phuc-tho-ha-noi,cate,ban,dat,ha-noi,huyen-phuc-tho,ngoai top 30,Mua bán nhà đất,Bán đất,Hà Nội,
mua đất gia lâm,210,https://muaban.net/bat-dong-san/ban-dat-huyen-gia-lam-ha-noi,cate,ban,dat,ha-noi,huyen-gia-lam,ngoai top 30,Mua bán nhà đất,Bán đất,Hà Nội,
đất phúc thọ,210,https://muaban.net/bat-dong-san/ban-dat-huyen-phuc-tho-ha-noi,cate,ban,dat,ha-noi,huyen-phuc-tho,ngoai top 30,Mua bán nhà đất,Bán đất,Hà Nội,
bán đất hoàng mai,170,https://muaban.net/bat-dong-san/ban-dat-quan-hoang-mai-ha-noi,cate,ban,dat,ha-noi,quan-hoang-mai,6,Mua bán nhà đất,Bán đất,Hà Nội,
mua bán đất sóc sơn,170,https://muaban.net/bat-dong-san/ban-dat-huyen-soc-son-ha-noi,cate,ban,dat,ha-noi,huyen-soc-son,9,Mua bán nhà đất,Bán đất,Hà Nội,
đất thạch thất,170,https://muaban.net/bat-dong-san/ban-dat-huyen-thach-that-ha-noi,cate,ban,dat,ha-noi,huyen-thach-that,24,Mua bán nhà đất,Bán đất,Hà Nội,
bán đất quận long biên,140,https://muaban.net/bat-dong-san/ban-dat-quan-long-bien-ha-noi,cate,ban,dat,ha-noi,quan-long-bien,10,Mua bán nhà đất,Bán đất,Hà Nội,
bán đất tây hồ,140,https://muaban.net/bat-dong-san/ban-dat-quan-tay-ho-ha-noi,cate,ban,dat,ha-noi,quan-tay-ho,10,Mua bán nhà đất,Bán đất,Hà Nội,
Bán đất Ba Vì dưới 1 tỷ,110,https://muaban.net/tags/mua-ban-dat-huyen-ba-vi-ha-noi-duoi-1-ty,tag,ban,dat,ha-noi,huyen-ba-vi,15,Tags,Tags,,
Bán đất Ba Vì giá dưới 1 tỷ,110,https://muaban.net/tags/mua-ban-dat-huyen-ba-vi-ha-noi-duoi-1-ty,tag,ban,dat,ha-noi,huyen-ba-vi,18,Mua bán nhà đất,Tags,TPHCM,Huyện Hóc Môn
Bán đất Chương Mỹ 300 triệu,110,https://muaban.net/tags/mua-ban-dat-huyen-chuong-my-ha-noi-300-trieu,tag,ban,dat,ha-noi,huyen-chuong-my,4,Tags,Tags,,
Bán đất Gia Lâm dưới 1 tỷ,110,https://muaban.net/tags/mua-ban-dat-huyen-gia-lam-ha-noi-duoi-1-ty,tag,ban,dat,ha-noi,huyen-gia-lam,10,Tags,Tags,,
Bán đất Sóc Sơn 300 triệu,110,https://muaban.net/tags/mua-ban-dat-huyen-soc-son-ha-noi-300-trieu,tag,ban,dat,ha-noi,huyen-soc-son,3,Mua bán nhà đất,Tags,TPHCM,Quận Tân Phú
Bán đất Sóc Sơn dưới 1 tỷ,110,https://muaban.net/tags/mua-ban-dat-huyen-soc-son-ha-noi-duoi-1-ty,tag,ban,dat,ha-noi,huyen-soc-son,7,Tags,Tags,,
Bán đất huyện Ba Vì giá dưới 1 tỷ,110,https://muaban.net/tags/mua-ban-dat-huyen-ba-vi-ha-noi-duoi-1-ty,tag,ban,dat,ha-noi,huyen-ba-vi,15,Mua bán nhà đất,Tags,TPHCM,Quận Gò Vấp
Bán đất huyện Chương Mỹ 300 triệu,110,https://muaban.net/tags/mua-ban-dat-huyen-chuong-my-ha-noi-300-trieu,tag,ban,dat,ha-noi,huyen-chuong-my,3,Mua bán nhà đất,Tags,TPHCM,Huyện Hóc Môn
Bán đất huyện Gia Lâm dưới 1 tỷ,110,https://muaban.net/tags/mua-ban-dat-huyen-gia-lam-ha-noi-duoi-1-ty,tag,ban,dat,ha-noi,huyen-gia-lam,10,Mua bán nhà đất,Tags,TPHCM,Quận 4
bán đất hà nội giá 500 triệu,110,https://muaban.net/bat-dong-san/ban-dat-ha-noi,cate,ban,dat,ha-noi,,2,Mua bán nhà đất,Bán đất,Hà Nội,
bán đất quận thanh xuân,110,https://muaban.net/bat-dong-san/ban-dat-quan-thanh-xuan-ha-noi,cate,ban,dat,ha-noi,quan-thanh-xuan,11,Mua bán nhà đất,Bán đất,Hà Nội,
mua đất ba vì,110,https://muaban.net/bat-dong-san/ban-dat-huyen-ba-vi-ha-noi,cate,ban,dat,ha-noi,huyen-ba-vi,11,Mua bán nhà đất,Bán đất,Hà Nội,
bán đất quận tây hồ,100,https://muaban.net/bat-dong-san/ban-dat-quan-tay-ho-ha-noi,cate,ban,dat,ha-noi,quan-tay-ho,14,Mua bán nhà đất,Bán đất,Hà Nội,
bán đất sơn tây dưới 1 tỷ,100,https://muaban.net/tags/mua-ban-dat-thi-xa-son-tay-ha-noi-duoi-1-ty,tag,ban,dat,ha-noi,thi-xa-son-tay,5,Tags,Tags,,
đất thổ cư hà nội,70,https://muaban.net/bat-dong-san/ban-dat-tho-cu-ha-noi,cate,ban,dat,ha-noi,,8,Mua bán nhà đất,Bán đất,Hà Nội,
bán nhà hà nội,1.900,https://muaban.net/bat-dong-san/ban-nha-ha-noi,cate,ban,nha,ha-noi,,6,Mua bán nhà đất,Bán nhà,Hà Nội,
mua nhà hà nội,1.900,https://muaban.net/bat-dong-san/ban-nha-ha-noi,cate,ban,nha,ha-noi,,11,Mua bán nhà đất,Bán nhà,Hà Nội,
bán nhà cầu giấy,1.300,https://muaban.net/bat-dong-san/ban-nha-quan-cau-giay-ha-noi,cate,ban,nha,ha-noi,quan-cau-giay,8,Mua bán nhà đất,Bán nhà,Hà Nội,Quận Cầu Giấy
bán nhà hà đông,1.000,https://muaban.net/bat-dong-san/ban-nha-quan-ha-dong-ha-noi,cate,ban,nha,ha-noi,quan-ha-dong,10,Mua bán nhà đất,Bán nhà,Hà Nội,Quận Hà Đông
bán nhà long biên,1.000,https://muaban.net/bat-dong-san/ban-nha-quan-long-bien-ha-noi,cate,ban,nha,ha-noi,quan-long-bien,9,Mua bán nhà đất,Bán nhà,Hà Nội,Quận Long Biên
bán nhà ngõ hà nội giá 1 tỷ​,880,https://muaban.net/tags/ban-nha-trong-ngo-ha-noi-gia-1-ty,tag,ban,nha,ha-noi,,8,Mua bán nhà đất,Tags,TPHCM,Quận Tân Phú
bán nhà quận hai bà trưng,720,https://muaban.net/bat-dong-san/ban-nha-quan-hai-ba-trung-ha-noi,cate,ban,nha,ha-noi,quan-hai-ba,8,Mua bán nhà đất,Bán nhà,Hà Nội,Quận Hai Bà Trưng
bán nhà đống đa,720,https://muaban.net/bat-dong-san/ban-nha-quan-dong-da-ha-noi,cate,ban,nha,ha-noi,quan-dong-da,7,Mua bán nhà đất,Bán nhà,Hà Nội,Quận Đống Đa
mua bán nhà hà nội,720,https://muaban.net/bat-dong-san/ban-nha-ha-noi,cate,ban,nha,ha-noi,,6,Mua bán nhà đất,Bán nhà,Hà Nội,
mua bán nhà hà nội dưới 3 tỷ,720,https://muaban.net/tags/mua-ban-nha-ha-noi-duoi-3-ty,tag,ban,nha,ha-noi,,5,Cho thuê nhà đất,Tags,TPHCM,
mua nhà hà nội dưới 3 tỷ,720,https://muaban.net/tags/mua-ban-nha-ha-noi-duoi-3-ty,tag,ban,nha,ha-noi,,5,Tags,Tags,,
mua nhà hà đông,720,https://muaban.net/bat-dong-san/ban-nha-quan-ha-dong-ha-noi,cate,ban,nha,ha-noi,quan-ha-dong,10,Mua bán nhà đất,Bán nhà,Hà Nội,Quận Hà Đông
bán nhà hoàng mai,590,https://muaban.net/bat-dong-san/ban-nha-quan-hoang-mai-ha-noi,cate,ban,nha,ha-noi,quan-hoang-mai,7,Mua bán nhà đất,Bán nhà,Hà Nội,Quận Hoàng Mai
bán nhà quận đống đa,590,https://muaban.net/bat-dong-san/ban-nha-quan-dong-da-ha-noi,cate,ban,nha,ha-noi,quan-dong-da,7,Mua bán nhà đất,Bán nhà,Hà Nội,Quận Đống Đa
nhà hà nội,590,https://muaban.net/bat-dong-san/ban-nha-ha-noi,cate,ban,nha,ha-noi,,ngoai top 30,Mua bán nhà đất,Bán nhà,Hà Nội,
bán nhà đông anh,480,https://muaban.net/bat-dong-san/ban-nha-huyen-dong-anh-ha-noi,cate,ban,nha,ha-noi,huyen-dong-anh,9,Mua bán nhà đất,Bán nhà,Hà Nội,Huyện Đông Anh
mua nhà dưới 1 tỷ quận hoàng mai hà nội,480,https://muaban.net/bat-dong-san/ban-nha-quan-hoang-mai-ha-noi,cate,ban,nha,ha-noi,quan-hoang-mai,9,Mua bán nhà đất,Bán nhà,Hà Nội,Quận Hoàng Mai
mua nhà long biên,480,https://muaban.net/bat-dong-san/ban-nha-quan-long-bien-ha-noi,cate,ban,nha,ha-noi,quan-long-bien,7,Mua bán nhà đất,Bán nhà,Hà Nội,Quận Long Biên
bán nhà ba đình,390,https://muaban.net/bat-dong-san/ban-nha-quan-ba-dinh-ha-noi,cate,ban,nha,ha-noi,quan-ba-dinh,2,Mua bán nhà đất,Bán nhà,Hà Nội,Quận Ba Đình
bán nhà bắc từ liêm,390,https://muaban.net/bat-dong-san/ban-nha-quan-bac-tu-liem-ha-noi,cate,ban,nha,ha-noi,quan-bac-tu,5,Mua bán nhà đất,Bán nhà,Hà Nội,Quận Bắc Từ Liêm
bán nhà nam từ liêm,390,https://muaban.net/bat-dong-san/ban-nha-quan-nam-tu-liem-ha-noi,cate,ban,nha,ha-noi,quan-nam-tu,7,Mua bán nhà đất,Bán nhà,Hà Nội,Quận Nam Từ Liêm
bán nhà quận ba đình,390,https://muaban.net/bat-dong-san/ban-nha-quan-ba-dinh-ha-noi,cate,ban,nha,ha-noi,quan-ba-dinh,2,Mua bán nhà đất,Bán nhà,Hà Nội,Quận Ba Đình
bán nhà tây hồ,390,https://muaban.net/bat-dong-san/ban-nha-quan-tay-ho-ha-noi,cate,ban,nha,ha-noi,quan-tay-ho,7,Mua bán nhà đất,Bán nhà,Hà Nội,Quận Tây Hồ
mua nhà cầu giấy,390,https://muaban.net/bat-dong-san/ban-nha-quan-cau-giay-ha-noi,cate,ban,nha,ha-noi,quan-cau-giay,ngoai top 30,Mua bán nhà đất,Bán nhà,Hà Nội,Quận Cầu Giấy
mua nhà hà nội dưới 1 tỷ,390,https://muaban.net/tags/mua-ban-nha-ha-noi-duoi-1-ty,tag,ban,nha,ha-noi,,10,Bất động sản,Tags,Kiên Giang,
mua nhà quận hai bà trưng dưới 3 tỷ,390,https://muaban.net/bat-dong-san/ban-nha-quan-hai-ba-trung-ha-noi,cate,ban,nha,ha-noi,quan-hai-ba,5,Mua bán nhà đất,Bán nhà,Hà Nội,Quận Hai Bà Trưng
bán nhà hai bà trưng,320,https://muaban.net/bat-dong-san/ban-nha-quan-hai-ba-trung-ha-noi,cate,ban,nha,ha-noi,quan-hai-ba,8,Mua bán nhà đất,Bán nhà,Hà Nội,Quận Hai Bà Trưng
bán nhà hoài đức,320,https://muaban.net/bat-dong-san/ban-nha-huyen-hoai-duc-ha-noi,cate,ban,nha,ha-noi,huyen-hoai-duc,9,Mua bán nhà đất,Bán nhà,Hà Nội,Huyện Hoài Đức
bán nhà quận hoàn kiếm,320,https://muaban.net/bat-dong-san/ban-nha-quan-hoan-kiem-ha-noi,cate,ban,nha,ha-noi,quan-hoan-kiem,2,Mua bán nhà đất,Bán nhà,Hà Nội,Quận Hoàn Kiếm
bán nhà quận hoàng mai,320,https://muaban.net/bat-dong-san/ban-nha-quan-hoang-mai-ha-noi,cate,ban,nha,ha-noi,quan-hoang-mai,8,Mua bán nhà đất,Bán nhà,Hà Nội,Quận Hoàng Mai
bán nhà quận hoàng mai dưới 3 tỷ,320,https://muaban.net/bat-dong-san/ban-nha-quan-hoang-mai-ha-noi,cate,ban,nha,ha-noi,quan-hoang-mai,7,Mua bán nhà đất,Bán nhà,Hà Nội,Quận Hoàng Mai
bán nhà quận thanh xuân,320,https://muaban.net/bat-dong-san/ban-nha-quan-thanh-xuan-ha-noi,cate,ban,nha,ha-noi,quan-thanh-xuan,9,Mua bán nhà đất,Bán nhà,Hà Nội,Quận Thanh Xuân
bán nhà thanh trì,320,https://muaban.net/bat-dong-san/ban-nha-huyen-thanh-tri-ha-noi-ha-noi,cate,ban,nha,ha-noi,huyen-thanh-tri,15,Mua bán nhà đất,Bán nhà,Hà Nội,Huyện Thanh Trì
bán nhà hoàn kiếm,260,https://muaban.net/bat-dong-san/ban-nha-quan-hoan-kiem-ha-noi,cate,ban,nha,ha-noi,quan-hoan-kiem,3,Mua bán nhà đất,Bán nhà,Hà Nội,Quận Hoàn Kiếm
bán nhà quận cầu giấy,260,https://muaban.net/bat-dong-san/ban-nha-quan-cau-giay-ha-noi,cate,ban,nha,ha-noi,quan-cau-giay,12,Mua bán nhà đất,Bán nhà,Hà Nội,Quận Cầu Giấy
bán nhà quận tây hồ,260,https://muaban.net/bat-dong-san/ban-nha-quan-tay-ho-ha-noi,cate,ban,nha,ha-noi,quan-tay-ho,4,Mua bán nhà đất,Bán nhà,Hà Nội,Quận Tây Hồ
mua nhà hoàng mai,260,https://muaban.net/bat-dong-san/ban-nha-quan-hoang-mai-ha-noi,cate,ban,nha,ha-noi,quan-hoang-mai,3,Mua bán nhà đất,Bán nhà,Hà Nội,Quận Hoàng Mai
mua nhà hà nội dưới 2 tỷ quận hoàng mai,260,https://muaban.net/bat-dong-san/ban-nha-quan-hoang-mai-ha-noi,cate,ban,nha,ha-noi,quan-hoang-mai,9,Mua bán nhà đất,Bán nhà,Hà Nội,Quận Hoàng Mai
mua nhà quận hoàng mai dưới 2 tỷ,260,https://muaban.net/bat-dong-san/ban-nha-quan-hoang-mai-ha-noi,cate,ban,nha,ha-noi,quan-hoang-mai,8,Mua bán nhà đất,Bán nhà,Hà Nội,Quận Hoàng Mai
mua nhà đống đa,260,https://muaban.net/bat-dong-san/ban-nha-quan-dong-da-ha-noi,cate,ban,nha,ha-noi,quan-dong-da,8,Mua bán nhà đất,Bán nhà,Hà Nội,Quận Đống Đa
mua nhà ở hà nội,260,https://muaban.net/bat-dong-san/ban-nha-ha-noi,cate,ban,nha,ha-noi,,8,Mua bán nhà đất,Bán nhà,Hà Nội,
nhà ở hà nội,260,https://muaban.net/bat-dong-san/ban-nha-ha-noi,cate,ban,nha,ha-noi,,18,Mua bán nhà đất,Bán nhà,Hà Nội,
bán nhà gia lâm,210,https://muaban.net/bat-dong-san/ban-nha-huyen-gia-lam-ha-noi,cate,ban,nha,ha-noi,huyen-gia-lam,10,Mua bán nhà đất,Bán nhà,Hà Nội,Huyện Gia Lâm
bán nhà quận long biên,210,https://muaban.net/bat-dong-san/ban-nha-quan-long-bien-ha-noi,cate,ban,nha,ha-noi,quan-long-bien,8,Mua bán nhà đất,Bán nhà,Hà Nội,Quận Long Biên
mua nhà dưới 1 tỷ quận đống đa hà nội,210,https://muaban.net/bat-dong-san/ban-nha-quan-dong-da-ha-noi,cate,ban,nha,ha-noi,quan-dong-da,10,Mua bán nhà đất,Bán nhà,Hà Nội,Quận Đống Đa
mua nhà quận hai bà trưng,210,https://muaban.net/bat-dong-san/ban-nha-quan-hai-ba-trung-ha-noi,cate,ban,nha,ha-noi,quan-hai-ba,6,Mua bán nhà đất,Bán nhà,Hà Nội,Quận Hai Bà Trưng
mua nhà quận đống đa,210,https://muaban.net/bat-dong-san/ban-nha-quan-dong-da-ha-noi,cate,ban,nha,ha-noi,quan-dong-da,3,Mua bán nhà đất,Bán nhà,Hà Nội,Quận Đống Đa
mua nhà thanh trì,210,https://muaban.net/bat-dong-san/ban-nha-huyen-thanh-tri-ha-noi-ha-noi,cate,ban,nha,ha-noi,huyen-thanh-tri,14,Mua bán nhà đất,Bán nhà,Hà Nội,Huyện Thanh Trì
mua nhà thanh xuân,210,https://muaban.net/bat-dong-san/ban-nha-quan-thanh-xuan-ha-noi,cate,ban,nha,ha-noi,quan-thanh-xuan,8,Mua bán nhà đất,Bán nhà,Hà Nội,Quận Thanh Xuân
mua nhà thanh xuân dưới 3 tỷ,210,https://muaban.net/bat-dong-san/ban-nha-quan-thanh-xuan-ha-noi,cate,ban,nha,ha-noi,quan-thanh-xuan,9,Mua bán nhà đất,Bán nhà,Hà Nội,Quận Thanh Xuân
nhà cầu giấy,210,https://muaban.net/bat-dong-san/ban-nha-quan-cau-giay-ha-noi,cate,ban,nha,ha-noi,quan-cau-giay,8,Mua bán nhà đất,Bán nhà,Hà Nội,Quận Cầu Giấy
nhà hà đông,210,https://muaban.net/bat-dong-san/ban-nha-quan-ha-dong-ha-noi,cate,ban,nha,ha-noi,quan-ha-dong,9,Mua bán nhà đất,Bán nhà,Hà Nội,Quận Hà Đông
bán nhà quận nam từ liêm,200,https://muaban.net/bat-dong-san/ban-nha-quan-nam-tu-liem-ha-noi,cate,ban,nha,ha-noi,quan-nam-tu,7,Mua bán nhà đất,Bán nhà,Hà Nội,Quận Nam Từ Liêm
bán nhà thái thịnh,200,https://muaban.net/bat-dong-san/ban-nha-duong-thai-thinh-quan-dong-da-ha-noi,cate,ban,nha,ha-noi,quan-dong-da,8,Mua bán nhà đất,Bán nhà,,
bán nhà chính chủ hà nội,170,https://muaban.net/bat-dong-san/ban-nha-ha-noi,cate,ban,nha,ha-noi,,8,Mua bán nhà đất,Bán nhà,Hà Nội,
bán nhà quận hai bà trưng dưới 1 tỷ,170,https://muaban.net/tags/mua-ban-nha-quan-hai-ba-trung-ha-noi-duoi-1-ty,tag,ban,nha,ha-noi,quan-hai-ba,9,Tags,Tags,,
bán nhà quận đống đa dưới 2 tỷ,170,https://muaban.net/tags/mua-ban-nha-quan-dong-da-ha-noi-duoi-2-ty,tag,ban,nha,ha-noi,quan-dong-da,7,Tags,Tags,,
bán nhà đường láng,170,https://muaban.net/bat-dong-san/ban-nha-duong-lang-quan-dong-da-ha-noi,cate,ban,nha,ha-noi,quan-dong-da,ngoai top 30,Cho thuê nhà đất,Bán nhà,TPHCM,Quận 12
bán nhà bạch mai,150,https://muaban.net/bat-dong-san/ban-nha-duong-bach-mai-quan-hai-ba-trung-ha-noi,cate,ban,nha,ha-noi,quan-hai-ba,10,Mua bán nhà đất,Bán nhà,,
bán nhà kim mã,150,https://muaban.net/bat-dong-san/ban-nha-duong-kim-ma-quan-ba-dinh-ha-noi,cate,ban,nha,ha-noi,quan-ba-dinh,4,Mua bán nhà đất,Bán nhà,,
bán nhà lý nam đế,150,https://muaban.net/bat-dong-san/ban-nha-duong-ly-nam-de-quan-hoan-kiem-ha-noi,cate,ban,nha,ha-noi,quan-hoan-kiem,10,Mua bán nhà đất,Bán nhà,,
Bán nhà quận Hai Bà Trưng dưới 3 tỷ,140,https://muaban.net/tags/mua-ban-nha-quan-hai-ba-trung-ha-noi-duoi-3-ty,tag,ban,nha,ha-noi,quan-hai-ba,5,Tags,Tags,,
bán nhà cấp 4 hà nội,140,https://muaban.net/tags/ban-nha-cap-4-ha-noi,tag,ban,nha,ha-noi,,3,Tags,Tags,,
bán nhà hà đông 3 tỷ,140,https://muaban.net/bat-dong-san/ban-nha-quan-ha-dong-ha-noi,cate,ban,nha,ha-noi,quan-ha-dong,18,Mua bán nhà đất,Bán nhà,Hà Nội,Quận Hà Đông
bán nhà quận ba đình dưới 2 tỷ,140,https://muaban.net/tags/mua-ban-nha-quan-ba-dinh-ha-noi-duoi-2-ty,tag,ban,nha,ha-noi,quan-ba-dinh,5,Tags,Tags,,
bán nhà quận hà đông,140,https://muaban.net/bat-dong-san/ban-nha-quan-ha-dong-ha-noi,cate,ban,nha,ha-noi,quan-ha-dong,9,Mua bán nhà đất,Bán nhà,Hà Nội,Quận Hà Đông
bán nhà quận tây hồ giá rẻ dưới 2 tỷ,140,https://muaban.net/tags/mua-ban-nha-quan-tay-ho-ha-noi-duoi-2-ty,tag,ban,nha,ha-noi,quan-tay-ho,4,Tags,Tags,,
mua nhà hai bà trưng,140,https://muaban.net/bat-dong-san/ban-nha-quan-hai-ba-trung-ha-noi,cate,ban,nha,ha-noi,quan-hai-ba,8,Mua bán nhà đất,Bán nhà,Hà Nội,Quận Hai Bà Trưng
mua nhà quận hoàng mai,140,https://muaban.net/bat-dong-san/ban-nha-quan-hoang-mai-ha-noi,cate,ban,nha,ha-noi,quan-hoang-mai,5,Mua bán nhà đất,Bán nhà,Hà Nội,Quận Hoàng Mai
nhà Quận Hoàng Mai dưới 3 tỷ,140,https://muaban.net/tags/mua-ban-nha-quan-hoang-mai-ha-noi-duoi-3-ty,tag,ban,nha,ha-noi,quan-hoang-mai,7,Tags,Tags,,
mua nhà quận cầu giấy giá dưới 3 tỷ,120,https://muaban.net/tags/mua-ban-nha-quan-cau-giay-ha-noi-duoi-3-ty,tag,ban,nha,ha-noi,quan-cau-giay,6,Tags,Tags,,
tìm mua nhà hà nội,120,https://muaban.net/bat-dong-san/ban-nha-ha-noi,cate,ban,nha,ha-noi,,9,Mua bán nhà đất,Bán nhà,Hà Nội,
Bán nhà Quận Hoàn Kiếm dưới 2 tỷ,110,https://muaban.net/tags/mua-ban-nha-quan-hoan-kiem-ha-noi-duoi-2-ty,tag,ban,nha,ha-noi,quan-hoan-kiem,10,Tags,Tags,,
Bán nhà Quận Hoàn Kiếm dưới 3 tỷ,110,https://muaban.net/tags/mua-ban-nha-quan-hoan-kiem-ha-noi-duoi-3-ty,tag,ban,nha,ha-noi,quan-hoan-kiem,8,Tags,Tags,,
bán nhà chính chủ quận hai bà trưng,110,https://muaban.net/bat-dong-san/ban-nha-quan-hai-ba-trung-ha-noi,cate,ban,nha,ha-noi,quan-hai-ba,5,Mua bán nhà đất,Bán nhà,Hà Nội,Quận Hai Bà Trưng
bán nhà cấp 4 hà đông,110,https://muaban.net/tags/ban-nha-cap-4-quan-ha-dong-ha-noi,tag,ban,nha,ha-noi,quan-ha-dong,10,Tags,Tags,,
bán nhà ngõ hẻm 1 tỷ đến 2 tỷ hà nội,110,https://muaban.net/bat-dong-san/ban-nha-hem-ngo-ha-noi,cate,ban,nha,ha-noi,,9,Mua bán nhà đất,Bán nhà,Hà Nội,
bán nhà quận tây hồ dưới 2 tỷ,110,https://muaban.net/bat-dong-san/ban-nha-quan-tay-ho-ha-noi,cate,ban,nha,ha-noi,quan-tay-ho,4,Mua bán nhà đất,Bán nhà,Hà Nội,Quận Tây Hồ
bán nhà riêng hà nội,110,https://muaban.net/bat-dong-san/ban-nha-ha-noi,cate,ban,nha,ha-noi,,8,Mua bán nhà đất,Bán nhà,Hà Nội,
bán nhà sóc sơn,110,https://muaban.net/bat-dong-san/ban-nha-huyen-soc-son-ha-noi,cate,ban,nha,ha-noi,huyen-soc-son,ngoai top 30,Mua bán nhà đất,Bán nhà,Hà Nội,Huyện Sóc Sơn
bán nhà trong ngõ quận đống đa,110,https://muaban.net/bat-dong-san/ban-nha-hem-ngo-quan-dong-da-ha-noi,cate,ban,nha,ha-noi,quan-dong-da,6,Mua bán nhà đất,Bán nhà,Hà Nội,Quận Đống Đa
cần bán nhà gấp tại hà nội,110,https://muaban.net/bat-dong-san/ban-nha-ha-noi,cate,ban,nha,ha-noi,,4,Mua bán nhà đất,Bán nhà,Hà Nội,
mua nhà quận ba đình,110,https://muaban.net/bat-dong-san/ban-nha-quan-ba-dinh-ha-noi,cate,ban,nha,ha-noi,quan-ba-dinh,2,Mua bán nhà đất,Bán nhà,Hà Nội,Quận Ba Đình
mua nhà quận cầu giấy dưới 3 tỷ,110,https://muaban.net/bat-dong-san/ban-nha-quan-cau-giay-ha-noi,cate,ban,nha,ha-noi,quan-cau-giay,9,Mua bán nhà đất,Bán nhà,Hà Nội,Quận Cầu Giấy
mua nhà quận long biên,110,https://muaban.net/bat-dong-san/ban-nha-quan-long-bien-ha-noi,cate,ban,nha,ha-noi,quan-long-bien,9,Mua bán nhà đất,Bán nhà,Hà Nội,Quận Long Biên
mua nhà quận thanh xuân,110,https://muaban.net/bat-dong-san/ban-nha-quan-thanh-xuan-ha-noi,cate,ban,nha,ha-noi,quan-thanh-xuan,7,Mua bán nhà đất,Bán nhà,Hà Nội,Quận Thanh Xuân
nhà giá rẻ hà nội,110,https://muaban.net/bat-dong-san/ban-nha-ha-noi,cate,ban,nha,ha-noi,,4,Mua bán nhà đất,Bán nhà,Hà Nội,
Bán nhà quận Hà Đông dưới 2 tỷ,100,https://muaban.net/tags/mua-ban-nha-quan-ha-dong-ha-noi-duoi-2-ty,tag,ban,nha,ha-noi,quan-ha-dong,9,Tags,Tags,,
bán nhà quận thanh xuân dưới 2 tỷ,100,https://muaban.net/tags/mua-ban-nha-quan-thanh-xuan-ha-noi-duoi-2-ty,tag,ban,nha,ha-noi,quan-thanh-xuan,5,Tags,Tags,,
mua nhà giá rẻ tại hà nội,100,https://muaban.net/bat-dong-san/ban-nha-ha-noi,cate,ban,nha,ha-noi,,4,Mua bán nhà đất,Bán nhà,Hà Nội,
mua nhà quận thanh xuân dưới 3 tỷ,100,https://muaban.net/tags/mua-ban-nha-quan-thanh-xuan-ha-noi-duoi-3-ty,tag,ban,nha,ha-noi,quan-thanh-xuan,8,Tags,Tags,,
mua nhà quận tây hồ dưới 3 tỷ,100,https://muaban.net/tags/mua-ban-nha-quan-tay-ho-ha-noi-duoi-3-ty,tag,ban,nha,ha-noi,quan-tay-ho,9,Tags,Tags,,
bán nhà cầu giấy dưới 2 tỷ,90,https://muaban.net/bat-dong-san/ban-nha-quan-cau-giay-ha-noi,cate,ban,nha,ha-noi,quan-cau-giay,13,Mua bán nhà đất,Bán nhà,Hà Nội,Quận Cầu Giấy
bán nhà trong ngõ quận cầu giấy,90,https://muaban.net/bat-dong-san/ban-nha-hem-ngo-quan-cau-giay-ha-noi,cate,ban,nha,ha-noi,quan-cau-giay,4,Mua bán nhà đất,Bán nhà,Hà Nội,Quận Cầu Giấy
bán nhà tại đông anh hà nội,80,https://muaban.net/bat-dong-san/ban-nha-huyen-dong-anh-ha-noi,cate,ban,nha,ha-noi,huyen-dong-anh,12,Mua bán nhà đất,Bán nhà,Hà Nội,Huyện Đông Anh
Nhà đất Hà Nội dưới 3 tỷ,140,https://muaban.net/tags/mua-ban-nha-dat-ha-noi-duoi-3-ty,tag,ban,nha dat,ha-noi,,7,Tags,Tags,,
bán nhà đất hà Nội dưới 3 tỷ,140,https://muaban.net/tags/mua-ban-nha-dat-ha-noi-duoi-3-ty,tag,ban,nha dat,ha-noi,,8,Mua bán nhà đất,Tags,TPHCM,Quận 10
Bán nhà đất Hà Nội dưới 5 tỷ,100,https://muaban.net/tags/mua-ban-nha-dat-ha-noi-duoi-5-ty,tag,ban,nha dat,ha-noi,,2,Tags,Tags,,
bán nhà mặt phố hà nội,4.400,https://muaban.net/bat-dong-san/ban-nha-mat-tien-ha-noi,cate,ban,nha mat tien,ha-noi,,3,Mua bán nhà đất,Bán nhà,Hà Nội,
mua nhà mặt phố hà nội,320,https://muaban.net/bat-dong-san/ban-nha-mat-tien-ha-noi,cate,ban,nha mat tien,ha-noi,,3,Mua bán nhà đất,Bán nhà,Hà Nội,
nhà mặt phố hà nội,260,https://muaban.net/bat-dong-san/ban-nha-mat-tien-ha-noi,cate,ban,nha mat tien,ha-noi,,6,Mua bán nhà đất,Bán nhà,Hà Nội,
bán nhà mặt phố quận hoàn kiếm,200,https://muaban.net/bat-dong-san/ban-nha-mat-tien-quan-hoan-kiem-ha-noi,cate,ban,nha mat tien,ha-noi,quan-hoan-kiem,2,Mua bán nhà đất,Bán nhà,,
bán nhà mặt phố quận hai bà trưng,170,https://muaban.net/bat-dong-san/ban-nha-mat-tien-quan-hai-ba-trung-ha-noi,cate,ban,nha mat tien,ha-noi,quan-hai-ba,2,Mua bán nhà đất,Bán nhà,Hà Nội,Quận Hai Bà Trưng
nhà phố hà nội,170,https://muaban.net/bat-dong-san/ban-nha-mat-tien-ha-noi,cate,ban,nha mat tien,ha-noi,,5,Mua bán nhà đất,Bán nhà,Hà Nội,
bán nhà mặt phố hai bà trưng,150,https://muaban.net/bat-dong-san/ban-nha-mat-tien-quan-hai-ba-trung-ha-noi,cate,ban,nha mat tien,ha-noi,quan-hai-ba,3,Mua bán nhà đất,Bán nhà,Hà Nội,Quận Hai Bà Trưng
bán nhà mặt phố cầu giấy,140,https://muaban.net/bat-dong-san/ban-nha-mat-tien-quan-cau-giay-ha-noi,cate,ban,nha mat tien,ha-noi,quan-cau-giay,8,Mua bán nhà đất,Bán nhà,Hà Nội,Quận Cầu Giấy
bán nhà mặt phố quận ba đình,140,https://muaban.net/bat-dong-san/ban-nha-mat-tien-quan-ba-dinh-ha-noi,cate,ban,nha mat tien,ha-noi,quan-ba-dinh,2,Mua bán nhà đất,Bán nhà,Hà Nội,Quận Ba Đình
bán nhà mặt phố hà đông,110,https://muaban.net/bat-dong-san/ban-nha-mat-tien-quan-ha-dong-ha-noi,cate,ban,nha mat tien,ha-noi,quan-ha-dong,7,Mua bán nhà đất,Bán nhà,Hà Nội,Quận Hà Đông
bán nhà mặt phố quận cầu giấy,110,https://muaban.net/bat-dong-san/ban-nha-mat-tien-quan-cau-giay-ha-noi,cate,ban,nha mat tien,ha-noi,quan-cau-giay,7,Mua bán nhà đất,Bán nhà,Hà Nội,Quận Cầu Giấy
bán nhà mặt phố quận đống đa,110,https://muaban.net/bat-dong-san/ban-nha-mat-tien-quan-dong-da-ha-noi,cate,ban,nha mat tien,ha-noi,quan-dong-da,2,Mua bán nhà đất,Bán nhà,Hà Nội,Quận Đống Đa
bán nhà mặt phố dương văn bé,100,https://muaban.net/bat-dong-san/ban-nha-mat-tien-duong-van-be-quan-hai-ba-trung-ha-noi,cate,ban,nha mat tien,ha-noi,quan-hai-ba,3,Mua bán nhà đất,Bán nhà,,
bán nhà mặt phố quận tây hồ,100,https://muaban.net/bat-dong-san/ban-nha-mat-tien-quan-tay-ho-ha-noi,cate,ban,nha mat tien,ha-noi,quan-tay-ho,4,Mua bán nhà đất,Bán nhà,Hà Nội,Quận Tây Hồ
bán đất nông nghiệp hà nội,140,https://muaban.net/bat-dong-san/ban-dat-nong-nghiep-kho-bai-ha-noi,cate,ban,"nha xuong, kho",ha-noi,,6,Mua bán nhà đất,Bán đất,Hà Nội,
thuê chung cư mini giá rẻ hà nội,1.900,https://muaban.net/tags/cho-thue-chung-cu-mini-ha-noi,tag,cho thue,can ho,ha-noi,,20,Bất động sản,Tags,Phú Yên,
thuê chung cư mini hà nội,1.900,https://muaban.net/tags/cho-thue-chung-cu-mini-ha-noi,tag,cho thue,can ho,ha-noi,,9,Tags,Tags,,
Thuê chung cư 2 phòng ngủ hà Nội,590,https://muaban.net/tags/cho-thue-chung-cu-2-phong-ngu-ha-noi,tag,cho thue,can ho,ha-noi,,4,Cho thuê nhà đất,Tags,Cần Thơ,
cho thuê chung cư 2 phòng ngủ Hà Nội,590,https://muaban.net/tags/cho-thue-chung-cu-2-phong-ngu-ha-noi,tag,cho thue,can ho,ha-noi,,4,Tags,Tags,,
thuê chung cư hà đông,480,https://muaban.net/bat-dong-san/cho-thue-can-ho-chung-cu-quan-ha-dong-ha-noi,cate,cho thue,can ho,ha-noi,quan-ha-dong,19,Cho thuê nhà đất,Cho thuê căn hộ,Hà Nội,Quận Hà Đông
thuê chung cư cầu giấy,390,https://muaban.net/bat-dong-san/cho-thue-can-ho-chung-cu-quan-cau-giay-ha-noi,cate,cho thue,can ho,ha-noi,quan-cau-giay,8,Cho thuê nhà đất,Cho thuê căn hộ,Hà Nội,Quận Cầu Giấy
thuê chung cư long biên,320,https://muaban.net/bat-dong-san/cho-thue-can-ho-chung-cu-quan-long-bien-ha-noi,cate,cho thue,can ho,ha-noi,quan-long-bien,8,Cho thuê nhà đất,Cho thuê căn hộ,Hà Nội,Quận Long Biên
thuê chung cư linh đàm,200,https://muaban.net/bat-dong-san/cho-thue-can-ho-chung-cu-duong-linh-dam-quan-hoang-mai-ha-noi,cate,cho thue,can ho,ha-noi,quan-hoang-mai,5,Cho thuê nhà đất,Cho thuê căn hộ,,
cho thuê chung cư cầu giấy,170,https://muaban.net/bat-dong-san/cho-thue-can-ho-chung-cu-quan-cau-giay-ha-noi,cate,cho thue,can ho,ha-noi,quan-cau-giay,8,Cho thuê nhà đất,Cho thuê căn hộ,Hà Nội,Quận Cầu Giấy
cho thuê chung cư hà đông,170,https://muaban.net/bat-dong-san/cho-thue-can-ho-chung-cu-quan-ha-dong-ha-noi,cate,cho thue,can ho,ha-noi,quan-ha-dong,18,Cho thuê nhà đất,Cho thuê căn hộ,Hà Nội,Quận Hà Đông
thuê chung cư thanh xuân,140,https://muaban.net/bat-dong-san/cho-thue-can-ho-chung-cu-quan-thanh-xuan-ha-noi,cate,cho thue,can ho,ha-noi,quan-thanh-xuan,16,Cho thuê nhà đất,Cho thuê căn hộ,Hà Nội,Quận Thanh Xuân
Thuê chung cư 3 phòng ngủ Hà Nội,110,https://muaban.net/tags/cho-thue-chung-cu-3-phong-ngu-ha-noi,tag,cho thue,can ho,ha-noi,,5,Tags,Tags,,
Thuê chung cư giá rẻ cho sinh viên Hà Nội,110,https://muaban.net/tags/cho-thue-chung-cu-ha-noi-gia-re-cho-sinh-vien,tag,cho thue,can ho,ha-noi,,7,Tags,Tags,,
cho thuê căn hộ tập thể Hà Nội,50,https://muaban.net/bat-dong-san/cho-thue-can-ho-tap-the-cu-xa-ha-noi,cate,cho thue,can ho,ha-noi,,1,Mua bán nhà đất,Cho thuê căn hộ,Hải Phòng,Quận Kiến An
thuê chung cư Hà Nội,50,https://muaban.net/bat-dong-san/cho-thue-can-ho-chung-cu-ha-noi,cate,cho thue,can ho,ha-noi,,5,Mua bán nhà đất,Cho thuê căn hộ,Hải Phòng,Huyện Kiến Thuỵ
thuê căn hộ chung cư Quận Nam Từ Liêm,50,https://muaban.net/bat-dong-san/cho-thue-can-ho-chung-cu-quan-nam-tu-liem-ha-noi,cate,cho thue,can ho,ha-noi,quan-nam-tu,18,Bất động sản,Cho thuê căn hộ,An Giang,Thành phố Châu Đốc
cho thuê mặt bằng kinh doanh tốt tại hà nội,1.800,https://muaban.net/bat-dong-san/cho-thue-mat-bang-kinh-doanh-ha-noi,cate,cho thue,"mat bang, cua hang",ha-noi,,3,Cho thuê nhà đất,"Mặt bằng, Cửa hàng, Shop",,
cho thuê mặt bằng kinh doanh hà nội,390,https://muaban.net/bat-dong-san/cho-thue-mat-bang-kinh-doanh-ha-noi,cate,cho thue,"mat bang, cua hang",ha-noi,,5,Cho thuê nhà đất,"Mặt bằng, Cửa hàng, Shop",Hà Nội,
thuê mặt bằng hà nội,260,https://muaban.net/bat-dong-san/cho-thue-mat-bang-kinh-doanh-ha-noi,cate,cho thue,"mat bang, cua hang",ha-noi,,4,Cho thuê nhà đất,"Mặt bằng, Cửa hàng, Shop",Hà Nội,
cho thuê mặt bằng hà nội,210,https://muaban.net/bat-dong-san/cho-thue-mat-bang-kinh-doanh-ha-noi,cate,cho thue,"mat bang, cua hang",ha-noi,,3,Cho thuê nhà đất,"Mặt bằng, Cửa hàng, Shop",Hà Nội,
cho thuê mặt bằng nhỏ tại hà nội,110,https://muaban.net/bat-dong-san/cho-thue-mat-bang-kinh-doanh-ha-noi,cate,cho thue,"mat bang, cua hang",ha-noi,,5,Mua bán nhà đất,Tags,Hải Phòng,Quận Đồ Sơn
thuê cửa hàng bán đồ ăn sáng tại hà nội,110,https://muaban.net/tags/cho-thue-cua-hang-ban-do-an-sang-tai-ha-noi,tag,cho thue,"mat bang, cua hang",ha-noi,,3,Tags,Tags,,
thuê nhà hà nội,2.400,https://muaban.net/bat-dong-san/cho-thue-nha-ha-noi,cate,cho thue,nha,ha-noi,,8,Cho thuê nhà đất,Thuê nhà,Hà Nội,
cho thuê nhà hà nội,1.600,https://muaban.net/bat-dong-san/cho-thue-nha-ha-noi,cate,cho thue,nha,ha-noi,,9,Cho thuê nhà đất,Thuê nhà,Hà Nội,
thuê nhà nguyên căn hà nội,1.300,https://muaban.net/bat-dong-san/cho-thue-nha-ha-noi,cate,cho thue,nha,ha-noi,,9,Cho thuê nhà đất,Thuê nhà,Hà Nội,
cho thuê nhà long biên,600,https://muaban.net/bat-dong-san/cho-thue-nha-quan-long-bien-ha-noi,cate,cho thue,nha,ha-noi,quan-long-bien,10,Cho thuê nhà đất,Thuê nhà,Hà Nội,Quận Long Biên
thuê nhà hà đông,590,https://muaban.net/bat-dong-san/cho-thue-nha-quan-ha-dong-ha-noi,cate,cho thue,nha,ha-noi,quan-ha-dong,14,Cho thuê nhà đất,Thuê nhà,Hà Nội,Quận Hà Đông
thuê nhà long biên,590,https://muaban.net/bat-dong-san/cho-thue-nha-quan-long-bien-ha-noi,cate,cho thue,nha,ha-noi,quan-long-bien,10,Cho thuê nhà đất,Thuê nhà,Hà Nội,Quận Long Biên
thuê nhà cầu giấy,480,https://muaban.net/bat-dong-san/cho-thue-nha-quan-cau-giay-ha-noi,cate,cho thue,nha,ha-noi,quan-cau-giay,7,Cho thuê nhà đất,Thuê nhà,Hà Nội,Quận Cầu Giấy
cho thuê nhà cầu giấy,390,https://muaban.net/bat-dong-san/cho-thue-nha-quan-cau-giay-ha-noi,cate,cho thue,nha,ha-noi,quan-cau-giay,7,Cho thuê nhà đất,Thuê nhà,Hà Nội,Quận Cầu Giấy
cho thuê nhà nguyên căn hà nội,390,https://muaban.net/bat-dong-san/cho-thue-nha-ha-noi,cate,cho thue,nha,ha-noi,,9,Cho thuê nhà đất,Thuê nhà,Hà Nội,
Cho thuê nhà nguyên căn giá 2tr Hà Nội,320,https://muaban.net/tags/cho-thue-nha-ha-noi-gia-2-trieu,tag,cho thue,nha,ha-noi,,4,Tags,Tags,,
cho thuê nhà hà đông,320,https://muaban.net/bat-dong-san/cho-thue-nha-quan-ha-dong-ha-noi,cate,cho thue,nha,ha-noi,quan-ha-dong,18,Cho thuê nhà đất,Thuê nhà,Hà Nội,Quận Hà Đông
nhà cho thuê hà nội,260,https://muaban.net/bat-dong-san/cho-thue-nha-ha-noi,cate,cho thue,nha,ha-noi,,8,Cho thuê nhà đất,Thuê nhà,Hà Nội,
thuê nhà nguyên căn hà đông,260,https://muaban.net/bat-dong-san/cho-thue-nha-quan-ha-dong-ha-noi,cate,cho thue,nha,ha-noi,quan-ha-dong,14,Cho thuê nhà đất,Thuê nhà,Hà Nội,Quận Hà Đông
thuê nhà quận hai bà trưng,260,https://muaban.net/bat-dong-san/cho-thue-nha-quan-hai-ba-trung-ha-noi,cate,cho thue,nha,ha-noi,quan-hai-ba,5,Cho thuê nhà đất,Thuê nhà,Hà Nội,Quận Hai Bà Trưng
thuê nhà quận hoàn kiếm,260,https://muaban.net/bat-dong-san/cho-thue-nha-quan-hoan-kiem-ha-noi,cate,cho thue,nha,ha-noi,quan-hoan-kiem,2,Cho thuê nhà đất,Thuê nhà,Hà Nội,Quận Hoàn Kiếm
cho thuê nhà quận hai bà trưng,210,https://muaban.net/bat-dong-san/cho-thue-nha-quan-hai-ba-trung-ha-noi,cate,cho thue,nha,ha-noi,quan-hai-ba,6,Cho thuê nhà đất,Thuê nhà,Hà Nội,Quận Hai Bà Trưng
thuê nhà nguyên căn cầu giấy,210,https://muaban.net/bat-dong-san/cho-thue-nha-quan-cau-giay-ha-noi,cate,cho thue,nha,ha-noi,quan-cau-giay,4,Cho thuê nhà đất,Thuê nhà,Hà Nội,Quận Cầu Giấy
thuê nhà ngắn hạn 1 tháng hà nội,170,https://muaban.net/tags/thue-nha-ngan-han-1-thang-ha-noi,tag,cho thue,nha,ha-noi,,6,Tags,Tags,,
thuê nhà quận đống đa,170,https://muaban.net/bat-dong-san/cho-thue-nha-quan-dong-da-ha-noi,cate,cho thue,nha,ha-noi,quan-dong-da,9,Cho thuê nhà đất,Thuê nhà,Hà Nội,Quận Đống Đa
thuê nhà thanh xuân,170,https://muaban.net/bat-dong-san/cho-thue-nha-quan-thanh-xuan-ha-noi,cate,cho thue,nha,ha-noi,quan-thanh-xuan,8,Cho thuê nhà đất,Thuê nhà,Hà Nội,Quận Thanh Xuân
thuê nhà tập thể hà nội,170,https://muaban.net/tags/thue-nha-tap-the-ha-noi,tag,cho thue,nha,ha-noi,,4,Tags,Tags,,
thuê nhà ở hà nội,170,https://muaban.net/bat-dong-san/cho-thue-nha-ha-noi,cate,cho thue,nha,ha-noi,,8,Cho thuê nhà đất,Thuê nhà,Hà Nội,
thuê nhà bắc từ liêm,150,https://muaban.net/bat-dong-san/cho-thue-nha-quan-bac-tu-liem-ha-noi,cate,cho thue,nha,ha-noi,quan-bac-tu,6,Cho thuê nhà đất,Thuê nhà,,
thuê nhà hoàn kiếm,150,https://muaban.net/bat-dong-san/cho-thue-nha-quan-hoan-kiem-ha-noi,cate,cho thue,nha,ha-noi,quan-hoan-kiem,5,Cho thuê nhà đất,Thuê nhà,,
thuê nhà nguyên căn giá 3 triệu tại hà nội,150,https://muaban.net/tags/cho-thue-nha-nguyen-can-ha-noi-gia-3-trieu,tag,cho thue,nha,ha-noi,,2,Tags,Tags,,
thuê nhà quận hoàng mai,150,https://muaban.net/bat-dong-san/cho-thue-nha-quan-hoang-mai-ha-noi,cate,cho thue,nha,ha-noi,quan-hoang-mai,6,Cho thuê nhà đất,Thuê nhà,Hà Nội,Quận Hoàng Mai
cho thuê nhà cấp 4 có sân vườn hà nội,140,https://muaban.net/tags/thue-nha-cap-4-co-san-vuon-ha-noi,tag,cho thue,nha,ha-noi,,9,Tags,Tags,,
cho thuê nhà quận đống đa,140,https://muaban.net/bat-dong-san/cho-thue-nha-quan-dong-da-ha-noi,cate,cho thue,nha,ha-noi,quan-dong-da,4,Cho thuê nhà đất,Thuê nhà,Hà Nội,Quận Đống Đa
thuê nhà cấp 4 hà nội,140,https://muaban.net/tags/cho-thue-nha-cap-4-tai-ha-noi,tag,cho thue,nha,ha-noi,,4,Tags,Tags,,
thuê nhà quận ba đình,140,https://muaban.net/bat-dong-san/cho-thue-nha-quan-ba-dinh-ha-noi,cate,cho thue,nha,ha-noi,quan-ba-dinh,4,Cho thuê nhà đất,Thuê nhà,Hà Nội,Quận Ba Đình
Cho thuê nhà Quận Hoàn Kiếm dưới 5 triệu,110,https://muaban.net/tags/cho-thue-nha-quan-hoan-kiem-ha-noi-duoi-5-trieu,tag,cho thue,nha,ha-noi,quan-hoan-kiem,5,Tags,Tags,,
Thuê nhà Quận Tây Hồ giá 5-7 triệu,110,https://muaban.net/tags/cho-thue-nha-quan-tay-ho-ha-noi-tu-5-den-7-trieu,tag,cho thue,nha,ha-noi,quan-tay-ho,1,Tags,Tags,,
Thuê nhà nguyên căn Cầu Giấy 5 triệu,110,https://muaban.net/tags/cho-thue-nha-quan-cau-giay-ha-noi-5-trieu,tag,cho thue,nha,ha-noi,quan-cau-giay,6,Tags,Tags,,
cho thuê nhà quận ba đình,110,https://muaban.net/bat-dong-san/cho-thue-nha-quan-ba-dinh-ha-noi,cate,cho thue,nha,ha-noi,quan-ba-dinh,9,Cho thuê nhà đất,Thuê nhà,Hà Nội,Quận Ba Đình
thuê nhà quận long biên,110,https://muaban.net/bat-dong-san/cho-thue-nha-quan-long-bien-ha-noi,cate,cho thue,nha,ha-noi,quan-long-bien,11,Cho thuê nhà đất,Thuê nhà,Hà Nội,Quận Long Biên
phòng trọ hà nội,1.300,https://muaban.net/bat-dong-san/cho-thue-nha-tro-phong-tro-ha-noi,cate,cho thue,"nha tro, phong tro",ha-noi,,6,Cho thuê nhà đất,"Nhà trọ, Phòng trọ",Hà Nội,
nhà trọ thanh xuân,720,https://muaban.net/bat-dong-san/cho-thue-nha-tro-phong-tro-quan-thanh-xuan-ha-noi,cate,cho thue,"nha tro, phong tro",ha-noi,quan-thanh-xuan,9,Cho thuê nhà đất,"Nhà trọ, Phòng trọ",Hà Nội,Quận Thanh Xuân
thuê phòng trọ hà nội,590,https://muaban.net/bat-dong-san/cho-thue-nha-tro-phong-tro-ha-noi,cate,cho thue,"nha tro, phong tro",ha-noi,,17,Cho thuê nhà đất,"Nhà trọ, Phòng trọ",Hà Nội,
thuê trọ hà nội,590,https://muaban.net/bat-dong-san/cho-thue-nha-tro-phong-tro-ha-noi,cate,cho thue,"nha tro, phong tro",ha-noi,,18,Cho thuê nhà đất,"Nhà trọ, Phòng trọ",Hà Nội,
Tìm phòng trọ nhỏ 1 người ở hà Nội,480,https://muaban.net/tags/cho-thue-phong-tro-1-nguoi-o-ha-noi,tag,cho thue,"nha tro, phong tro",ha-noi,,9,Cho thuê nhà đất,Tags,Hải Phòng,Quận Ngô Quyền
phòng trọ nhỏ 1 người ở Hà Nội,480,https://muaban.net/tags/cho-thue-phong-tro-1-nguoi-o-ha-noi,tag,cho thue,"nha tro, phong tro",ha-noi,,6,Tags,Tags,,
phòng trọ cầu giấy,390,https://muaban.net/bat-dong-san/cho-thue-nha-tro-phong-tro-quan-cau-giay-ha-noi,cate,cho thue,"nha tro, phong tro",ha-noi,quan-cau-giay,17,Cho thuê nhà đất,"Nhà trọ, Phòng trọ",Hà Nội,Quận Cầu Giấy
phòng trọ giá rẻ hà nội,390,https://muaban.net/bat-dong-san/cho-thue-nha-tro-phong-tro-ha-noi,cate,cho thue,"nha tro, phong tro",ha-noi,,7,Cho thuê nhà đất,"Nhà trọ, Phòng trọ",Hà Nội,
phòng trọ hà đông,390,https://muaban.net/bat-dong-san/cho-thue-nha-tro-phong-tro-quan-ha-dong-ha-noi,cate,cho thue,"nha tro, phong tro",ha-noi,quan-ha-dong,6,Cho thuê nhà đất,"Nhà trọ, Phòng trọ",Hà Nội,Quận Hà Đông
cho thuê phòng trọ hà nội,320,https://muaban.net/bat-dong-san/cho-thue-nha-tro-phong-tro-ha-noi,cate,cho thue,"nha tro, phong tro",ha-noi,,15,Cho thuê nhà đất,"Nhà trọ, Phòng trọ",Hà Nội,
tìm phòng trọ ở hà nội giá dưới 1 triệu,300,https://muaban.net/tags/cho-thue-phong-tro-ha-noi-duoi-1-trieu,tag,cho thue,"nha tro, phong tro",ha-noi,,3,Tags,Tags,,
tìm phòng trọ ở hà nội giá dưới 2 triệu,260,https://muaban.net/tags/cho-thue-phong-tro-ha-noi-duoi-2-trieu,tag,cho thue,"nha tro, phong tro",ha-noi,,5,Tags,Tags,,
Sleepbox Hà Nội,170,https://muaban.net/tags/cho-thue-phong-tro-sleepbox-ha-noi,tag,cho thue,"nha tro, phong tro",ha-noi,,9,Tags,Tags,,
nhà trọ cầu giấy,170,https://muaban.net/bat-dong-san/cho-thue-nha-tro-phong-tro-quan-cau-giay-ha-noi,cate,cho thue,"nha tro, phong tro",ha-noi,quan-cau-giay,20,Cho thuê nhà đất,"Nhà trọ, Phòng trọ",Hà Nội,Quận Cầu Giấy
thuê nhà trọ hà nội,170,https://muaban.net/bat-dong-san/cho-thue-nha-tro-phong-tro-ha-noi,cate,cho thue,"nha tro, phong tro",ha-noi,,15,Cho thuê nhà đất,"Nhà trọ, Phòng trọ",Hà Nội,
nhà trọ giá rẻ hà nội,140,https://muaban.net/bat-dong-san/cho-thue-nha-tro-phong-tro-ha-noi,cate,cho thue,"nha tro, phong tro",ha-noi,,5,Cho thuê nhà đất,"Nhà trọ, Phòng trọ",Hà Nội,
Tìm phòng trọ ở Hà Đông giá dưới 1 triệu,110,https://muaban.net/tags/cho-thue-phong-tro-quan-ha-dong-ha-noi-duoi-1-trieu,tag,cho thue,"nha tro, phong tro",ha-noi,quan-ha-dong,7,Tags,Tags,,
Phòng Trọ Quận Long Biên,50,https://muaban.net/bat-dong-san/cho-thue-nha-tro-phong-tro-quan-long-bien-ha-noi,cate,cho thue,"nha tro, phong tro",ha-noi,quan-long-bien,10,Cho thuê nhà đất,"Nhà trọ, Phòng trọ",TPHCM,Quận Tân Bình
phòng trọ Quận Hoàng Mai,50,https://muaban.net/bat-dong-san/cho-thue-nha-tro-phong-tro-quan-hoang-mai-ha-noi,cate,cho thue,"nha tro, phong tro",ha-noi,quan-hoang-mai,7,Cho thuê nhà đất,"Nhà trọ, Phòng trọ",Hải Phòng,
phòng trọ quận Hai Bà Trưng,50,https://muaban.net/bat-dong-san/cho-thue-nha-tro-phong-tro-quan-hai-ba-trung-ha-noi,cate,cho thue,"nha tro, phong tro",ha-noi,quan-hai-ba,9,Mua bán nhà đất,"Nhà trọ, Phòng trọ",Bắc Giang,
phòng trọ quận ba đình,50,https://muaban.net/bat-dong-san/cho-thue-nha-tro-phong-tro-quan-ba-dinh-ha-noi,cate,cho thue,"nha tro, phong tro",ha-noi,quan-ba-dinh,6,Bất động sản,"Nhà trọ, Phòng trọ",Hải Phòng,Quận Hải An
cho thuê kho xưởng hà nội,260,https://muaban.net/bat-dong-san/cho-thue-nha-xuong-nha-kho-ha-noi,cate,cho thue,"nha xuong, kho",ha-noi,,11,Cho thuê nhà đất,Cho thuê đất,Hà Nội,
sang nhượng quán cafe gấp,350,https://muaban.net/bat-dong-san/sang-nhuong-quan-ca-phe-do-uong-ha-noi,cate,sang nhuong,sang nhuong quan,ha-noi,,5,Sang nhượng cửa hàng,"Quán cà phê, Đồ uống",,
sang nhượng quán cafe hà nội,140,https://muaban.net/bat-dong-san/sang-nhuong-quan-ca-phe-do-uong-ha-noi,cate,sang nhuong,sang nhuong quan,ha-noi,,3,Sang nhượng cửa hàng,"Quán cà phê, Đồ uống",Hà Nội,
nhà đất hà tĩnh,70,https://muaban.net/bat-dong-san/ha-tinh,cate,,,ha-tinh,,ngoai top 30,Bất động sản,Bất động sản,Hà Tĩnh,
bán đất hà tĩnh,50,https://muaban.net/bat-dong-san/ban-dat-ha-tinh,cate,ban,dat,ha-tinh,,25,Mua bán nhà đất,Bán đất,Hà Tĩnh,
nhà đất hải dương,880,https://muaban.net/bat-dong-san/hai-duong,cate,,,hai-duong,,ngoai top 30,Bất động sản,Bất động sản,Hải Dương,
mua bán nhà đất hải dương,390,https://muaban.net/bat-dong-san/hai-duong,cate,,,hai-duong,,ngoai top 30,Bất động sản,Bất động sản,Hải Dương,
nhà đất hải dương giá 500 triệu,110,https://muaban.net/bat-dong-san/hai-duong,cate,,,hai-duong,,6,Bất động sản,Bất động sản,Hải Dương,
chung cư hải dương,260,https://muaban.net/bat-dong-san/ban-can-ho-hai-duong,cate,ban,can ho,hai-duong,,ngoai top 30,Mua bán nhà đất,Bán căn hộ,Hải Dương,
bán đất thanh hà,260,https://muaban.net/bat-dong-san/ban-dat-huyen-thanh-ha-hai-duong,cate,ban,dat,hai-duong,huyen-thanh-ha,22,Mua bán nhà đất,Bán đất,Hải Dương,Huyện Thanh Hà
bán đất hải dương,210,https://muaban.net/bat-dong-san/ban-dat-hai-duong,cate,ban,dat,hai-duong,,28,Mua bán nhà đất,Bán đất,Hải Dương,
đất hải dương,170,https://muaban.net/bat-dong-san/ban-dat-hai-duong,cate,ban,dat,hai-duong,,ngoai top 30,Mua bán nhà đất,Bán đất,Hải Dương,
mua bán đất hải dương,110,https://muaban.net/bat-dong-san/ban-dat-hai-duong,cate,ban,dat,hai-duong,,ngoai top 30,Mua bán nhà đất,Bán đất,Hải Dương,
bán đất thành phố hải dương,90,https://muaban.net/bat-dong-san/ban-dat-hai-duong,cate,ban,dat,hai-duong,,ngoai top 30,Mua bán nhà đất,Bán đất,Hải Dương,
mua đất hải dương,70,https://muaban.net/bat-dong-san/ban-dat-hai-duong,cate,ban,dat,hai-duong,,24,Mua bán nhà đất,Bán đất,Hải Dương,
bán nhà hải dương,110,https://muaban.net/bat-dong-san/ban-nha-hai-duong,cate,ban,nha,hai-duong,,23,Mua bán nhà đất,Bán nhà,Hải Dương,
bán nhà đất hải Dương giá 500 triệu,140,https://muaban.net/tags/mua-ban-nha-dat-hai-duong-500-trieu,tag,ban,nha dat,hai-duong,,6,Mua bán nhà đất,Tags,TPHCM,Quận 10
thuê nhà hải dương,140,https://muaban.net/bat-dong-san/cho-thue-nha-hai-duong,cate,cho thue,nha,hai-duong,,20,Cho thuê nhà đất,Thuê nhà,Hải Dương,
nhà đất hải phòng,3.600,https://muaban.net/bat-dong-san/hai-phong,cate,,,hai-phong,,15,Bất động sản,Bất động sản,Hải Phòng,
mua bán nhà đất hải phòng,1.300,https://muaban.net/bat-dong-san/hai-phong,cate,,,hai-phong,,16,Bất động sản,Bất động sản,Hải Phòng,
nhà đất hải phòng 500 700 triệu,590,https://muaban.net/bat-dong-san/hai-phong,cate,,,hai-phong,,8,Bất động sản,Bất động sản,Hải Phòng,
nhà đất hải phòng giá 500 - 700 triệu,590,https://muaban.net/bat-dong-san/hai-phong,cate,,,hai-phong,,9,Bất động sản,Bất động sản,Hải Phòng,
Bán biệt thự Hải Phòng,150,https://muaban.net/bat-dong-san/ban-biet-thu-villa-penthouse-hai-phong,cate,ban,"biet thu, villa",hai-phong,,7,Mua bán nhà đất,Bán nhà,Hải Phòng,Hải Phòng
chung cư hải phòng,720,https://muaban.net/bat-dong-san/ban-can-ho-hai-phong,cate,ban,can ho,hai-phong,,23,Mua bán nhà đất,Bán căn hộ,Hải Phòng,
bán đất hải phòng,390,https://muaban.net/bat-dong-san/ban-dat-hai-phong,cate,ban,dat,hai-phong,,ngoai top 30,Mua bán nhà đất,Bán đất,Hải Phòng,
bán đất thủy nguyên hải phòng,210,https://muaban.net/bat-dong-san/ban-dat-huyen-thuy-nguyen-hai-phong,cate,ban,dat,hai-phong,huyen-thuy-nguyen,20,Mua bán nhà đất,Bán đất,Hải Phòng,Huyện Thủy Nguyên
mua đất hải phòng,210,https://muaban.net/bat-dong-san/ban-dat-hai-phong,cate,ban,dat,hai-phong,,10,Mua bán nhà đất,Bán đất,Hải Phòng,
mua bán đất hải phòng,140,https://muaban.net/bat-dong-san/ban-dat-hai-phong,cate,ban,dat,hai-phong,,9,Mua bán nhà đất,Bán đất,Hải Phòng,
bán đất dương kinh hải phòng,110,https://muaban.net/bat-dong-san/ban-dat-quan-duong-kinh-hai-phong,cate,ban,dat,hai-phong,quan-duong-kinh,ngoai top 30,Mua bán nhà đất,Bán đất,Hải Phòng,Quận Dương Kinh
bán đất mặt đường máng nước an đồng,110,https://muaban.net/bat-dong-san/ban-dat-duong-mang-nuoc-huyen-an-duong-hai-phong,cate,ban,dat,hai-phong,huyen-an-duong,ngoai top 30,Mua bán nhà đất,Bán nhà,TPHCM,Quận Phú Nhuận
đất an lão,100,https://muaban.net/bat-dong-san/ban-dat-huyen-an-lao-hai-phong-hai-phong,cate,ban,dat,hai-phong,huyen-an-lao,ngoai top 30,Mua bán nhà đất,Bán đất,Hải Phòng,Huyện An Lão
bán đất kiến an hải phòng,90,https://muaban.net/bat-dong-san/ban-dat-quan-kien-an-hai-phong,cate,ban,dat,hai-phong,quan-kien-an,28,Mua bán nhà đất,Bán đất,Hải Phòng,Quận Kiến An
bán đất dương kinh,80,https://muaban.net/bat-dong-san/ban-dat-quan-duong-kinh-hai-phong,cate,ban,dat,hai-phong,quan-duong-kinh,ngoai top 30,Mua bán nhà đất,Bán đất,Hải Phòng,Quận Dương Kinh
bán nhà hải phòng,720,https://muaban.net/bat-dong-san/ban-nha-hai-phong,cate,ban,nha,hai-phong,,9,Mua bán nhà đất,Bán nhà,Hải Phòng,
hội bán nhà không qua môi giới tại hải phòng,320,https://muaban.net/bat-dong-san/ban-nha-hai-phong,cate,ban,nha,hai-phong,,8,Mua bán nhà đất,Bán nhà,Hải Phòng,
cần bán nhà cấp 4 tại hải phòng,210,https://muaban.net/tags/ban-nha-cap-4-hai-phong,tag,ban,nha,hai-phong,,7,Tags,Tags,,
mua bán nhà hải phòng,170,https://muaban.net/bat-dong-san/ban-nha-hai-phong,cate,ban,nha,hai-phong,,19,Mua bán nhà đất,Bán nhà,Hải Phòng,
Nhà đất hải Phòng 500 - 700 triệu,720,https://muaban.net/tags/mua-ban-nha-dat-hai-phong-tu-500-den-700-trieu,tag,ban,nha dat,hai-phong,,15,Mua bán nhà đất,Tags,Bình Phước,
thuê nhà hải phòng,880,https://muaban.net/bat-dong-san/cho-thue-nha-hai-phong,cate,cho thue,nha,hai-phong,,9,Cho thuê nhà đất,Thuê nhà,Hải Phòng,
cho thuê nhà giá 2 triệu hải phòng,390,https://muaban.net/tags/cho-thue-nha-hai-phong-duoi-2-trieu,tag,cho thue,nha,hai-phong,,4,Tags,Tags,,
cho thuê nhà giá 2 triệu ở hải phòng,390,https://muaban.net/tags/cho-thue-nha-hai-phong-duoi-2-trieu,tag,cho thue,nha,hai-phong,,3,Mua bán nhà đất,Tags,Lâm Đồng,Huyện Lâm Hà
cho thuê nhà hải phòng,390,https://muaban.net/bat-dong-san/cho-thue-nha-hai-phong,cate,cho thue,nha,hai-phong,,9,Cho thuê nhà đất,Thuê nhà,Hải Phòng,
Cho thuê nhà giá 3 triệu ở Hải Phòng,320,https://muaban.net/tags/cho-thue-nha-hai-phong-gia-3-trieu,tag,cho thue,nha,hai-phong,,9,Tags,Tags,,
cho thuê nhà 2 triệu hải phòng,260,https://muaban.net/bat-dong-san/cho-thue-nha-hai-phong,cate,cho thue,nha,hai-phong,,4,Cho thuê nhà đất,Thuê nhà,Hải Phòng,
thuê nhà ở hải phòng giá 2 triệu,170,https://muaban.net/tags/thue-nha-o-hai-phong-gia-2-trieu,tag,cho thue,nha,hai-phong,,3,Tags,Tags,,
cho thuê nhà quận lê chân hải phòng,100,https://muaban.net/bat-dong-san/cho-thue-nha-quan-le-chan-hai-phong,cate,cho thue,nha,hai-phong,quan-le-chan,23,Cho thuê nhà đất,Thuê nhà,Hải Phòng,Quận Lê Chân
thuê nhà giá 2 triệu ở hải phòng,100,https://muaban.net/bat-dong-san/cho-thue-nha-hai-phong,cate,cho thue,nha,hai-phong,,3,Cho thuê nhà đất,Thuê nhà,Hải Phòng,
nhà cho thuê hải phòng,70,https://muaban.net/bat-dong-san/cho-thue-nha-hai-phong,cate,cho thue,nha,hai-phong,,10,Cho thuê nhà đất,Thuê nhà,Hải Phòng,
nhà trọ hải phòng,210,https://muaban.net/bat-dong-san/cho-thue-nha-tro-phong-tro-hai-phong,cate,cho thue,"nha tro, phong tro",hai-phong,,ngoai top 30,Cho thuê nhà đất,"Nhà trọ, Phòng trọ",Hải Phòng,
phòng trọ hải phòng,140,https://muaban.net/bat-dong-san/cho-thue-nha-tro-phong-tro-hai-phong,cate,cho thue,"nha tro, phong tro",hai-phong,,ngoai top 30,Cho thuê nhà đất,"Nhà trọ, Phòng trọ",Hải Phòng,
nhà đất hậu giang,170,https://muaban.net/bat-dong-san/hau-giang,cate,,,hau-giang,,22,Bất động sản,Bất động sản,Hậu Giang,
nhà trọ cần thơ đường nguyễn văn cừ,170,https://muaban.net/bat-dong-san/cho-thue-nha-tro-phong-tro-duong-hau-giang-quan-ninh-kieu-can-tho,cate,cho thue,"nha tro, phong tro",hau-giang,quan-ninh-kieu,23,Mua bán nhà đất,Bán nhà,TPHCM,TP. Thủ Đức
mua bán nhà đất quận 7,1.900,https://muaban.net/bat-dong-san/quan-7-ho-chi-minh,cate,,,ho-chi-minh,quan-7,5,Bất động sản,Bất động sản,TPHCM,Quận 7
bất động sản tphcm,1.600,https://muaban.net/bat-dong-san/ho-chi-minh,cate,,,ho-chi-minh,,21,Bất động sản,Bất động sản,TPHCM,
mua bán nhà đất tphcm,1.600,https://muaban.net/bat-dong-san/ho-chi-minh,cate,,,ho-chi-minh,,6,Bất động sản,Bất động sản,TPHCM,
nhà đất hóc môn,1.000,https://muaban.net/bat-dong-san/huyen-hoc-mon-ho-chi-minh,cate,,,ho-chi-minh,huyen-hoc-mon,7,Bất động sản,Bất động sản,TPHCM,Huyện Hóc Môn
nhà đất quận 12,1.000,https://muaban.net/bat-dong-san/quan-12-ho-chi-minh,cate,,,ho-chi-minh,quan-12,10,Bất động sản,Bất động sản,TPHCM,Quận 12
nhà đất bình chánh,880,https://muaban.net/bat-dong-san/huyen-binh-chanh-ho-chi-minh,cate,,,ho-chi-minh,huyen-binh-chanh,13,Bất động sản,Bất động sản,TPHCM,Huyện Bình Chánh
nhà đất củ chi,720,https://muaban.net/bat-dong-san/huyen-cu-chi-ho-chi-minh,cate,,,ho-chi-minh,huyen-cu-chi,16,Bất động sản,Bất động sản,TPHCM,Huyện Củ Chi
nhà đất gò vấp,720,https://muaban.net/bat-dong-san/quan-go-vap-ho-chi-minh,cate,,,ho-chi-minh,quan-go-vap,8,Bất động sản,Bất động sản,TPHCM,Quận Gò Vấp
nhà đất quận 7,720,https://muaban.net/bat-dong-san/quan-7-ho-chi-minh,cate,,,ho-chi-minh,quan-7,8,Bất động sản,Bất động sản,TPHCM,Quận 7
nhà đất thủ đức,720,https://muaban.net/bat-dong-san/quan-thu-duc-ho-chi-minh,cate,,,ho-chi-minh,quan-thu-duc,ngoai top 30,Bất động sản,Bất động sản,TPHCM,TP. Thủ Đức
bds tphcm,590,https://muaban.net/bat-dong-san/ho-chi-minh,cate,,,ho-chi-minh,,25,Bất động sản,Bất động sản,TPHCM,
nhà đất bình tân,590,https://muaban.net/bat-dong-san/quan-binh-tan-ho-chi-minh,cate,,,ho-chi-minh,quan-binh-tan,4,Bất động sản,Bất động sản,TPHCM,Quận Bình Tân
nhà đất sài gòn,590,https://muaban.net/bat-dong-san/ho-chi-minh,cate,,,ho-chi-minh,,13,Bất động sản,Bất động sản,TPHCM,
nhà đất tphcm,590,https://muaban.net/bat-dong-san/ho-chi-minh,cate,,,ho-chi-minh,,7,Bất động sản,Bất động sản,TPHCM,
nhà đất quận 9,480,https://muaban.net/bat-dong-san/quan-9-ho-chi-minh,cate,,,ho-chi-minh,quan-9,14,Bất động sản,Bất động sản,TPHCM,Quận 9 (TP. Thủ Đức)
nhà đất tân phú,480,https://muaban.net/bat-dong-san/quan-tan-phu-ho-chi-minh,cate,,,ho-chi-minh,quan-tan-phu,8,Bất động sản,Bất động sản,TPHCM,Quận Tân Phú
nhà đất bình thạnh,390,https://muaban.net/bat-dong-san/quan-binh-thanh-ho-chi-minh,cate,,,ho-chi-minh,quan-binh-thanh,9,Bất động sản,Bất động sản,TPHCM,Quận Bình Tân
nhà đất quận 2,320,https://muaban.net/bat-dong-san/quan-2-ho-chi-minh,cate,,,ho-chi-minh,quan-2,9,Bất động sản,Bất động sản,TPHCM,Quận 2 (TP. Thủ Đức)
nhà đất quận 8,320,https://muaban.net/bat-dong-san/quan-8-ho-chi-minh,cate,,,ho-chi-minh,quan-8,9,Bất động sản,Bất động sản,TPHCM,Quận 8
bất động sản sài gòn,260,https://muaban.net/bat-dong-san/ho-chi-minh,cate,,,ho-chi-minh,,ngoai top 30,Bất động sản,Bất động sản,TPHCM,
bất động sản thủ đức,260,https://muaban.net/bat-dong-san/quan-thu-duc-ho-chi-minh,cate,,,ho-chi-minh,quan-thu-duc,21,Bất động sản,Bất động sản,TPHCM,TP. Thủ Đức
bất động sản hồ chí minh,210,https://muaban.net/bat-dong-san/ho-chi-minh,cate,,,ho-chi-minh,,24,Bất động sản,Bất động sản,TPHCM,
mua bán nhà đất gò vấp,210,https://muaban.net/bat-dong-san/quan-go-vap-ho-chi-minh,cate,,,ho-chi-minh,quan-go-vap,7,Bất động sản,Bất động sản,TPHCM,Quận Gò Vấp
mua bán nhà đất quận 12,210,https://muaban.net/bat-dong-san/quan-12-ho-chi-minh,cate,,,ho-chi-minh,quan-12,6,Bất động sản,Bất động sản,TPHCM,Quận 12
nhà đất phú nhuận,210,https://muaban.net/bat-dong-san/quan-phu-nhuan-ho-chi-minh,cate,,,ho-chi-minh,quan-phu-nhuan,8,Bất động sản,Bất động sản,TPHCM,Quận Phú Nhuận
nhà đất quận 6,210,https://muaban.net/bat-dong-san/quan-6-ho-chi-minh,cate,,,ho-chi-minh,quan-6,7,Bất động sản,Bất động sản,TPHCM,Quận 6
nhà đất tân bình,210,https://muaban.net/bat-dong-san/quan-tan-binh-ho-chi-minh,cate,,,ho-chi-minh,quan-tan-binh,9,Bất động sản,Bất động sản,TPHCM,Quận Tân Bình
bán nhà khu tên lửa,200,https://muaban.net/bat-dong-san/duong-ten-lua-quan-binh-tan-ho-chi-minh,cate,,,ho-chi-minh,quan-binh-tan,10,Bất động sản,Bất động sản,,
bán nhà thảo điền quận 2,200,https://muaban.net/bat-dong-san/phuong-thao-dien-quan-2-ho-chi-minh,cate,,,ho-chi-minh,quan-2,9,Bất động sản,Bất động sản,,
bất động sản quận 11,200,https://muaban.net/bat-dong-san/quan-11-ho-chi-minh,cate,,,ho-chi-minh,quan-11,5,Bất động sản,Bất động sản,TPHCM,Quận 11
bds hcm,170,https://muaban.net/bat-dong-san/ho-chi-minh,cate,,,ho-chi-minh,,20,Bất động sản,Bất động sản,TPHCM,
bất động sản quận 2,170,https://muaban.net/bat-dong-san/quan-2-ho-chi-minh,cate,,,ho-chi-minh,quan-2,8,Bất động sản,Bất động sản,TPHCM,Quận 2 (TP. Thủ Đức)
nhà đất q12,170,https://muaban.net/bat-dong-san/quan-12-ho-chi-minh,cate,,,ho-chi-minh,quan-12,7,Bất động sản,Bất động sản,TPHCM,Quận 12
nhà đất quận 10,170,https://muaban.net/bat-dong-san/quan-10-ho-chi-minh,cate,,,ho-chi-minh,quan-10,4,Bất động sản,Bất động sản,TPHCM,Quận 10
nhà đất tp hcm,170,https://muaban.net/bat-dong-san/ho-chi-minh,cate,,,ho-chi-minh,,6,Bất động sản,Bất động sản,TPHCM,
bất động sản bình chánh,140,https://muaban.net/bat-dong-san/huyen-binh-chanh-ho-chi-minh,cate,,,ho-chi-minh,huyen-binh-chanh,10,Bất động sản,Bất động sản,TPHCM,Huyện Bình Chánh
bất động sản củ chi,140,https://muaban.net/bat-dong-san/huyen-cu-chi-ho-chi-minh,cate,,,ho-chi-minh,huyen-cu-chi,20,Bất động sản,Bất động sản,TPHCM,Huyện Củ Chi
bất động sản quận 9,140,https://muaban.net/bat-dong-san/quan-9-ho-chi-minh,cate,,,ho-chi-minh,quan-9,10,Bất động sản,Bất động sản,TPHCM,Quận 9 (TP. Thủ Đức)
nhà đất cần giờ,140,https://muaban.net/bat-dong-san/huyen-can-gio-ho-chi-minh,cate,,,ho-chi-minh,huyen-can-gio,9,Bất động sản,Bất động sản,TPHCM,Huyện Cần Giờ
nhà đất hồ chí minh,140,https://muaban.net/bat-dong-san/ho-chi-minh,cate,,,ho-chi-minh,,9,Bất động sản,Bất động sản,TPHCM,
nhà đất quận bình thạnh,140,https://muaban.net/bat-dong-san/quan-binh-thanh-ho-chi-minh,cate,,,ho-chi-minh,quan-binh-thanh,10,Bất động sản,Bất động sản,TPHCM,Quận Bình Thạnh
bất động sản cần giờ,110,https://muaban.net/bat-dong-san/huyen-can-gio-ho-chi-minh,cate,,,ho-chi-minh,huyen-can-gio,7,Bất động sản,Bất động sản,TPHCM,Huyện Cần Giờ
mua ban nha dat q6,110,https://muaban.net/bat-dong-san/quan-6-ho-chi-minh,cate,,,ho-chi-minh,quan-6,7,Bất động sản,Bất động sản,TPHCM,Quận 6
mua bán nhà đất bình chánh,110,https://muaban.net/bat-dong-san/huyen-binh-chanh-ho-chi-minh,cate,,,ho-chi-minh,huyen-binh-chanh,11,Bất động sản,Bất động sản,TPHCM,Huyện Bình Chánh
mua bán nhà đất hồ chí minh,110,https://muaban.net/bat-dong-san/ho-chi-minh,cate,,,ho-chi-minh,,9,Bất động sản,Bất động sản,TPHCM,
mua bán nhà đất quận 9,110,https://muaban.net/bat-dong-san/quan-9-ho-chi-minh,cate,,,ho-chi-minh,quan-9,11,Bất động sản,Bất động sản,TPHCM,Quận 9 (TP. Thủ Đức)
mua bán nhà đất quận bình tân,110,https://muaban.net/bat-dong-san/quan-binh-tan-ho-chi-minh,cate,,,ho-chi-minh,quan-binh-tan,5,Bất động sản,Bất động sản,TPHCM,Quận Bình Tân
mua bán nhà đất thành phố hồ chí minh,110,https://muaban.net/bat-dong-san/ho-chi-minh,cate,,,ho-chi-minh,,9,Bất động sản,Bất động sản,TPHCM,
mua bán nhà đất tp hcm,110,https://muaban.net/bat-dong-san/ho-chi-minh,cate,,,ho-chi-minh,,5,Bất động sản,Bất động sản,TPHCM,
nha dat binh tan gia re,110,https://muaban.net/bat-dong-san/quan-binh-tan-ho-chi-minh,cate,,,ho-chi-minh,quan-binh-tan,4,Bất động sản,Bất động sản,TPHCM,Quận Bình Tân
nha dat hoc mon gia re,110,https://muaban.net/bat-dong-san/huyen-hoc-mon-ho-chi-minh,cate,,,ho-chi-minh,huyen-hoc-mon,1,Bất động sản,Bất động sản,TPHCM,Huyện Hóc Môn
nha dat q7,110,https://muaban.net/bat-dong-san/quan-7-ho-chi-minh,cate,,,ho-chi-minh,quan-7,10,Bất động sản,Bất động sản,TPHCM,Quận 7
nha dat quan binh tan,110,https://muaban.net/bat-dong-san/quan-binh-tan-ho-chi-minh,cate,,,ho-chi-minh,quan-binh-tan,6,Bất động sản,Bất động sản,TPHCM,Quận Bình Tân
nhà đất giá rẻ tphcm,110,https://muaban.net/bat-dong-san/ho-chi-minh,cate,,,ho-chi-minh,,3,Bất động sản,Bất động sản,TPHCM,
nhà đất quận 11,110,https://muaban.net/bat-dong-san/quan-11-ho-chi-minh,cate,,,ho-chi-minh,quan-11,6,Bất động sản,Bất động sản,TPHCM,Quận 11
nhà đất quận 3,110,https://muaban.net/bat-dong-san/quan-3-ho-chi-minh,cate,,,ho-chi-minh,quan-3,10,Bất động sản,Bất động sản,TPHCM,Quận 3
nhà đất quận gò vấp,110,https://muaban.net/bat-dong-san/quan-go-vap-ho-chi-minh,cate,,,ho-chi-minh,quan-go-vap,9,Bất động sản,Bất động sản,TPHCM,Quận Gò Vấp
nhà đất thành phố hồ chí minh,110,https://muaban.net/bat-dong-san/ho-chi-minh,cate,,,ho-chi-minh,,8,Bất động sản,Bất động sản,TPHCM,
nhà đất tp hồ chí minh,110,https://muaban.net/bat-dong-san/ho-chi-minh,cate,,,ho-chi-minh,,8,Bất động sản,Bất động sản,TPHCM,
bán nhà lê văn quới,100,https://muaban.net/bat-dong-san/duong-le-van-quoi-quan-binh-tan-ho-chi-minh,cate,,,ho-chi-minh,quan-binh-tan,7,Bất động sản,Bất động sản,,
mua bán nhà đất bình chánh tphcm,100,https://muaban.net/bat-dong-san/huyen-binh-chanh-ho-chi-minh,cate,,,ho-chi-minh,huyen-binh-chanh,11,Bất động sản,Bất động sản,TPHCM,Huyện Bình Chánh
mua bán nhà đất quận bình thạnh,100,https://muaban.net/bat-dong-san/quan-binh-thanh-ho-chi-minh,cate,,,ho-chi-minh,quan-binh-thanh,9,Bất động sản,Bất động sản,TPHCM,Quận Bình Thạnh
mua bán nhà đất quận tân phú,100,https://muaban.net/bat-dong-san/quan-tan-phu-ho-chi-minh,cate,,,ho-chi-minh,quan-tan-phu,9,Bất động sản,Bất động sản,TPHCM,Quận Tân Phú
nhà đất q2,100,https://muaban.net/bat-dong-san/quan-2-ho-chi-minh,cate,,,ho-chi-minh,quan-2,8,Bất động sản,Bất động sản,TPHCM,Quận 2 (TP. Thủ Đức)
nhà đất củ chi giá rẻ,80,https://muaban.net/bat-dong-san/huyen-cu-chi-ho-chi-minh,cate,,,ho-chi-minh,huyen-cu-chi,15,Bất động sản,Bất động sản,TPHCM,Huyện Củ Chi
nhà đất huyện bình chánh,80,https://muaban.net/bat-dong-san/huyen-binh-chanh-ho-chi-minh,cate,,,ho-chi-minh,huyen-binh-chanh,9,Bất động sản,Bất động sản,TPHCM,Huyện Bình Chánh
bds ho chi minh,70,https://muaban.net/bat-dong-san/ho-chi-minh,cate,,,ho-chi-minh,,ngoai top 30,Bất động sản,Bất động sản,TPHCM,
nhà đất bình chánh giá rẻ,70,https://muaban.net/bat-dong-san/huyen-binh-chanh-ho-chi-minh,cate,,,ho-chi-minh,huyen-binh-chanh,12,Bất động sản,Bất động sản,TPHCM,Huyện Bình Chánh
nhà đất bình chánh thành phố hồ chí minh,70,https://muaban.net/bat-dong-san/huyen-binh-chanh-ho-chi-minh,cate,,,ho-chi-minh,huyen-binh-chanh,13,Bất động sản,Bất động sản,TPHCM,Huyện Bình Chánh
cho thuê biệt thự quận 2,110,https://muaban.net/bat-dong-san/biet-thu-villa-quan-2-ho-chi-minh,cate,,"biet thu, villa",ho-chi-minh,quan-2,18,Cho thuê nhà đất,Thuê nhà,TPHCM,Quận 2 (TP. Thủ Đức)
cho thuê biệt thự sân vườn quận 7,110,https://muaban.net/bat-dong-san/biet-thu-villa-quan-7-ho-chi-minh,cate,,"biet thu, villa",ho-chi-minh,quan-7,6,Cho thuê nhà đất,Thuê nhà,TPHCM,Quận 7
khách sạn củ chi,880,https://muaban.net/bat-dong-san/khach-san-can-ho-dich-vu-huyen-cu-chi-ho-chi-minh,cate,,can ho,ho-chi-minh,huyen-cu-chi,ngoai top 30,Cho thuê nhà đất,Cho thuê căn hộ,TPHCM,Huyện Củ Chi
nhà đất nhà bè,320,https://muaban.net/bat-dong-san/huyen-nha-be-ho-chi-minh,cate,,nha,ho-chi-minh,huyen-nha-be,4,Bất động sản,Bất động sản,TPHCM,Huyện Nhà Bè
mua nhà giá rẻ dưới 500 triệu tphcm,140,https://muaban.net/tags/mua-nha-duoi-500-trieu-ho-chi-minh,tag,,nha,ho-chi-minh,,6,Tags,Tags,,
bất động sản nhà bè,110,https://muaban.net/bat-dong-san/huyen-nha-be-ho-chi-minh,cate,,nha,ho-chi-minh,huyen-nha-be,14,Bất động sản,Bất động sản,TPHCM,Huyện Nhà Bè
mua ban nha dat huyen nha be tphcm,110,https://muaban.net/bat-dong-san/huyen-nha-be-ho-chi-minh,cate,,nha,ho-chi-minh,huyen-nha-be,3,Bất động sản,Bất động sản,TPHCM,Huyện Nhà Bè
cho thuê nhà mặt tiền phú nhuận,110,https://muaban.net/bat-dong-san/nha-mat-tien-quan-phu-nhuan-ho-chi-minh,cate,,nha mat tien,ho-chi-minh,quan-phu-nhuan,4,Cho thuê nhà đất,Thuê nhà,TPHCM,Quận Phú Nhuận
cho thuê nhà mặt tiền quận 1,110,https://muaban.net/bat-dong-san/nha-mat-tien-quan-1-ho-chi-minh,cate,,nha mat tien,ho-chi-minh,quan-1,6,Cho thuê nhà đất,Thuê nhà,TPHCM,Quận 1
cho thuê nhà mặt tiền quận 3,110,https://muaban.net/bat-dong-san/nha-mat-tien-quan-3-ho-chi-minh,cate,,nha mat tien,ho-chi-minh,quan-3,4,Cho thuê nhà đất,Thuê nhà,TPHCM,Quận 3
cho thuê nhà mặt tiền thủ đức,110,https://muaban.net/bat-dong-san/nha-mat-tien-quan-thu-duc-ho-chi-minh,cate,,nha mat tien,ho-chi-minh,quan-thu-duc,5,Cho thuê nhà đất,Thuê nhà,TPHCM,TP. Thủ Đức
cho thuê nhà mặt tiền tân bình,110,https://muaban.net/bat-dong-san/nha-mat-tien-quan-tan-binh-ho-chi-minh,cate,,nha mat tien,ho-chi-minh,quan-tan-binh,5,Cho thuê nhà đất,Thuê nhà,TPHCM,Quận Tân Bình
thuê nhà mặt tiền quận 3,100,https://muaban.net/bat-dong-san/nha-mat-tien-quan-3-ho-chi-minh,cate,,nha mat tien,ho-chi-minh,quan-3,4,Cho thuê nhà đất,Thuê nhà,TPHCM,Quận 3
cho thuê văn phòng quận 1,1.600,https://muaban.net/bat-dong-san/van-phong-quan-1-ho-chi-minh,cate,,van phong,ho-chi-minh,quan-1,ngoai top 30,Cho thuê nhà đất,Cho thuê văn phòng,TPHCM,Quận 1
cho thuê văn phòng quận 3,1.000,https://muaban.net/bat-dong-san/van-phong-quan-3-ho-chi-minh,cate,,van phong,ho-chi-minh,quan-3,ngoai top 30,Cho thuê nhà đất,Cho thuê văn phòng,TPHCM,Quận 3
cho thuê văn phòng quận bình thạnh,1.000,https://muaban.net/bat-dong-san/van-phong-quan-binh-thanh-ho-chi-minh,cate,,van phong,ho-chi-minh,quan-binh-thanh,21,Cho thuê nhà đất,Cho thuê văn phòng,TPHCM,Quận Bình Thạnh
cho thuê văn phòng quận 2,720,https://muaban.net/bat-dong-san/van-phong-quan-2-ho-chi-minh,cate,,van phong,ho-chi-minh,quan-2,ngoai top 30,Cho thuê nhà đất,Cho thuê văn phòng,TPHCM,Quận 2 (TP. Thủ Đức)
cho thuê văn phòng quận 7,720,https://muaban.net/bat-dong-san/van-phong-quan-7-ho-chi-minh,cate,,van phong,ho-chi-minh,quan-7,ngoai top 30,Cho thuê nhà đất,Cho thuê văn phòng,TPHCM,Quận 7
cho thuê văn phòng quận tân bình,720,https://muaban.net/bat-dong-san/van-phong-quan-tan-binh-ho-chi-minh,cate,,van phong,ho-chi-minh,quan-tan-binh,22,Cho thuê nhà đất,Cho thuê văn phòng,TPHCM,Quận Tân Bình
cho thuê văn phòng bình thạnh,480,https://muaban.net/bat-dong-san/van-phong-quan-binh-thanh-ho-chi-minh,cate,,van phong,ho-chi-minh,quan-binh-thanh,19,Cho thuê nhà đất,Cho thuê văn phòng,TPHCM,Quận Bình Thạnh
cho thuê văn phòng quận 10,480,https://muaban.net/bat-dong-san/van-phong-quan-10-ho-chi-minh,cate,,van phong,ho-chi-minh,quan-10,ngoai top 30,Cho thuê nhà đất,Cho thuê văn phòng,TPHCM,Quận 10
cho thuê văn phòng quận 4,390,https://muaban.net/bat-dong-san/van-phong-quan-4-ho-chi-minh,cate,,van phong,ho-chi-minh,quan-4,ngoai top 30,Cho thuê nhà đất,Cho thuê văn phòng,TPHCM,Quận 4
cho thuê văn phòng tân bình,390,https://muaban.net/bat-dong-san/van-phong-quan-tan-binh-ho-chi-minh,cate,,van phong,ho-chi-minh,quan-tan-binh,22,Cho thuê nhà đất,Cho thuê văn phòng,TPHCM,Quận Tân Bình
thuê văn phòng quận 1,390,https://muaban.net/bat-dong-san/van-phong-quan-1-ho-chi-minh,cate,,van phong,ho-chi-minh,quan-1,ngoai top 30,Cho thuê nhà đất,Cho thuê văn phòng,TPHCM,Quận 1
thuê văn phòng bình thạnh,320,https://muaban.net/bat-dong-san/van-phong-quan-binh-thanh-ho-chi-minh,cate,,van phong,ho-chi-minh,quan-binh-thanh,ngoai top 30,Cho thuê nhà đất,Cho thuê văn phòng,TPHCM,Quận Bình Thạnh
cho thuê văn phòng phú nhuận,260,https://muaban.net/bat-dong-san/van-phong-quan-phu-nhuan-ho-chi-minh,cate,,van phong,ho-chi-minh,quan-phu-nhuan,19,Cho thuê nhà đất,Cho thuê văn phòng,TPHCM,Quận Phú Nhuận
thuê văn phòng quận 2,260,https://muaban.net/bat-dong-san/van-phong-quan-2-ho-chi-minh,cate,,van phong,ho-chi-minh,quan-2,ngoai top 30,Cho thuê nhà đất,Cho thuê văn phòng,TPHCM,Quận 2 (TP. Thủ Đức)
thuê văn phòng quận 3,260,https://muaban.net/bat-dong-san/van-phong-quan-3-ho-chi-minh,cate,,van phong,ho-chi-minh,quan-3,ngoai top 30,Cho thuê nhà đất,Cho thuê văn phòng,TPHCM,Quận 3
thuê văn phòng quận 7,260,https://muaban.net/bat-dong-san/van-phong-quan-7-ho-chi-minh,cate,,van phong,ho-chi-minh,quan-7,ngoai top 30,Cho thuê nhà đất,Cho thuê văn phòng,TPHCM,Quận 7
thuê văn phòng quận bình thạnh,210,https://muaban.net/bat-dong-san/van-phong-quan-binh-thanh-ho-chi-minh,cate,,van phong,ho-chi-minh,quan-binh-thanh,23,Cho thuê nhà đất,Cho thuê văn phòng,TPHCM,Quận Bình Thạnh
thuê văn phòng quận 10,140,https://muaban.net/bat-dong-san/van-phong-quan-10-ho-chi-minh,cate,,van phong,ho-chi-minh,quan-10,ngoai top 30,Cho thuê nhà đất,Cho thuê văn phòng,TPHCM,Quận 10
cho thuê văn phòng quận 9,110,https://muaban.net/bat-dong-san/van-phong-quan-9-ho-chi-minh,cate,,van phong,ho-chi-minh,quan-9,29,Cho thuê nhà đất,Cho thuê văn phòng,TPHCM,Quận 9 (TP. Thủ Đức)
biệt thự quận 2,320,https://muaban.net/bat-dong-san/ban-biet-thu-villa-penthouse-quan-2-ho-chi-minh,cate,ban,"biet thu, villa",ho-chi-minh,quan-2,20,Mua bán nhà đất,Bán nhà,TPHCM,Quận 2 (TP. Thủ Đức)
bán biệt thự quận 2,210,https://muaban.net/bat-dong-san/ban-biet-thu-villa-penthouse-quan-2-ho-chi-minh,cate,ban,"biet thu, villa",ho-chi-minh,quan-2,9,Mua bán nhà đất,Bán nhà,TPHCM,Quận 2 (TP. Thủ Đức)
biệt thự quận 7,170,https://muaban.net/bat-dong-san/ban-biet-thu-villa-penthouse-quan-7-ho-chi-minh,cate,ban,"biet thu, villa",ho-chi-minh,quan-7,23,Mua bán nhà đất,Bán nhà,TPHCM,Quận 7
bán biệt thự quận 9,140,https://muaban.net/bat-dong-san/ban-biet-thu-villa-penthouse-quan-9-ho-chi-minh,cate,ban,"biet thu, villa",ho-chi-minh,quan-9,6,Mua bán nhà đất,Bán nhà,TPHCM,Quận 9 (TP. Thủ Đức)
biệt thự quận 9,110,https://muaban.net/bat-dong-san/ban-biet-thu-villa-penthouse-quan-9-ho-chi-minh,cate,ban,"biet thu, villa",ho-chi-minh,quan-9,15,Mua bán nhà đất,Bán nhà,TPHCM,Quận 9 (TP. Thủ Đức)
bán biệt thự quận 7,110,https://muaban.net/bat-dong-san/ban-biet-thu-villa-penthouse-quan-7-ho-chi-minh,cate,ban,"biet thu, villa",ho-chi-minh,quan-7,17,Mua bán nhà đất,Bán nhà,TPHCM,Quận 7
khu biệt thự quận 2,110,https://muaban.net/bat-dong-san/ban-biet-thu-villa-penthouse-quan-2-ho-chi-minh,cate,ban,"biet thu, villa",ho-chi-minh,quan-2,26,Mua bán nhà đất,Bán nhà,TPHCM,Quận 2 (TP. Thủ Đức)
biệt thự bình tân,100,https://muaban.net/bat-dong-san/ban-biet-thu-villa-penthouse-quan-binh-tan-ho-chi-minh,cate,ban,"biet thu, villa",ho-chi-minh,quan-binh-tan,4,Mua bán nhà đất,Bán nhà,,
biệt thự gò vấp,100,https://muaban.net/bat-dong-san/ban-biet-thu-villa-penthouse-quan-go-vap-ho-chi-minh,cate,ban,"biet thu, villa",ho-chi-minh,quan-go-vap,3,Mua bán nhà đất,Bán nhà,TPHCM,Quận Gò Vấp
chung cư quận 4,2.400,https://muaban.net/bat-dong-san/ban-can-ho-quan-4-ho-chi-minh,cate,ban,can ho,ho-chi-minh,quan-4,ngoai top 30,Mua bán nhà đất,Bán căn hộ,TPHCM,Quận 4
chung cư quận 3,1.000,https://muaban.net/bat-dong-san/ban-can-ho-quan-3-ho-chi-minh,cate,ban,can ho,ho-chi-minh,quan-3,28,Mua bán nhà đất,Bán căn hộ,TPHCM,Quận 3
chung cư nhà bè,720,https://muaban.net/bat-dong-san/ban-can-ho-huyen-nha-be-ho-chi-minh,cate,ban,can ho,ho-chi-minh,huyen-nha-be,29,Mua bán nhà đất,Bán căn hộ,TPHCM,Huyện Nhà Bè
căn hộ quận 2,720,https://muaban.net/bat-dong-san/ban-can-ho-quan-2-ho-chi-minh,cate,ban,can ho,ho-chi-minh,quan-2,19,Mua bán nhà đất,Bán căn hộ,TPHCM,Quận 2 (TP. Thủ Đức)
bán chung cư quận 7,390,https://muaban.net/bat-dong-san/ban-can-ho-quan-7-ho-chi-minh,cate,ban,can ho,ho-chi-minh,quan-7,9,Mua bán nhà đất,Bán căn hộ,TPHCM,Quận 7
bán căn hộ quận 7,390,https://muaban.net/bat-dong-san/ban-can-ho-quan-7-ho-chi-minh,cate,ban,can ho,ho-chi-minh,quan-7,5,Mua bán nhà đất,Bán căn hộ,TPHCM,Quận 7
căn hộ quận 4,390,https://muaban.net/bat-dong-san/ban-can-ho-quan-4-ho-chi-minh,cate,ban,can ho,ho-chi-minh,quan-4,15,Mua bán nhà đất,Bán căn hộ,TPHCM,Quận 4
bán chung cư quận 2,320,https://muaban.net/bat-dong-san/ban-can-ho-quan-2-ho-chi-minh,cate,ban,can ho,ho-chi-minh,quan-2,9,Mua bán nhà đất,Bán căn hộ,TPHCM,Quận 2 (TP. Thủ Đức)
căn hộ quận 1,320,https://muaban.net/bat-dong-san/ban-can-ho-quan-1-ho-chi-minh,cate,ban,can ho,ho-chi-minh,quan-1,20,Mua bán nhà đất,Bán căn hộ,TPHCM,Quận 1
Chung cư Quận 7 dưới 2 tỷ,260,https://muaban.net/tags/mua-ban-chung-cu-quan-7-ho-chi-minh-duoi-2-ty,tag,ban,can ho,ho-chi-minh,quan-7-duoi,10,Tags,Tags,,
bán căn hộ quận 2,260,https://muaban.net/bat-dong-san/ban-can-ho-quan-2-ho-chi-minh,cate,ban,can ho,ho-chi-minh,quan-2,8,Mua bán nhà đất,Bán căn hộ,TPHCM,Quận 2 (TP. Thủ Đức)
mua chung cư quận 2,260,https://muaban.net/bat-dong-san/ban-can-ho-quan-2-ho-chi-minh,cate,ban,can ho,ho-chi-minh,quan-2,9,Mua bán nhà đất,Bán căn hộ,TPHCM,Quận 2 (TP. Thủ Đức)
mua chung cư trả góp tphcm dưới 1 tỷ,210,https://muaban.net/tags/ban-chung-cu-tra-gop-ho-chi-minh-duoi-1-ty,tag,ban,can ho,ho-chi-minh,,10,Tags,Tags,,
bán chung cư quận 4,170,https://muaban.net/bat-dong-san/ban-can-ho-quan-4-ho-chi-minh,cate,ban,can ho,ho-chi-minh,quan-4,6,Mua bán nhà đất,Bán căn hộ,TPHCM,Quận 4
chung cư hóc môn,170,https://muaban.net/bat-dong-san/ban-can-ho-huyen-hoc-mon-ho-chi-minh,cate,ban,can ho,ho-chi-minh,huyen-hoc-mon,ngoai top 30,Mua bán nhà đất,Bán căn hộ,TPHCM,Huyện Hóc Môn
chung cư quận 12 dưới 2 tỷ,150,https://muaban.net/tags/mua-ban-chung-cu-quan-12-ho-chi-minh-duoi-2-ty,tag,ban,can ho,ho-chi-minh,quan-12-duoi,10,Tags,Tags,Tiền Giang,
chung cư quận 4 dưới 2 tỷ,150,https://muaban.net/tags/mua-ban-can-ho-chung-cu-quan-4-ho-chi-minh-duoi-2-ty,tag,ban,can ho,ho-chi-minh,quan-4-duoi,8,Tags,Tags,,
mua chung cư gò vấp dưới 2 tỷ,150,https://muaban.net/tags/mua-ban-chung-cu-quan-go-vap-ho-chi-minh-duoi-2-ty,tag,ban,can ho,ho-chi-minh,quan-go-vap,5,Tags,Tags,,
mua căn hộ dưới 1 tỷ tphcm,150,https://muaban.net/tags/mua-ban-can-ho-chung-cu-ho-chi-minh-duoi-1-ty,tag,ban,can ho,ho-chi-minh,,10,Tags,Tags,,
Căn hộ duplex TPHCM,140,https://muaban.net/tags/mua-ban-can-ho-chung-cu-duplex-ho-chi-minh,tag,ban,can ho,ho-chi-minh,,9,Tags,Tags,,
bán căn hộ quận 9,140,https://muaban.net/bat-dong-san/ban-can-ho-quan-9-ho-chi-minh,cate,ban,can ho,ho-chi-minh,quan-9,9,Mua bán nhà đất,Bán căn hộ,TPHCM,Quận 9 (TP. Thủ Đức)
Chung cư Quận 10 dưới 2 tỷ,110,https://muaban.net/tags/mua-ban-chung-cu-quan-10-ho-chi-minh-duoi-2-ty,tag,ban,can ho,ho-chi-minh,quan-10-duoi,7,Tags,Tags,,
Chung cư Quận 8 dưới 2 tỷ,110,https://muaban.net/tags/mua-ban-chung-cu-quan-8-ho-chi-minh-duoi-2-ty,tag,ban,can ho,ho-chi-minh,quan-8-duoi,11,Tags,Tags,,
bán chung cư quận 10,110,https://muaban.net/bat-dong-san/ban-can-ho-quan-10-ho-chi-minh,cate,ban,can ho,ho-chi-minh,quan-10,7,Mua bán nhà đất,Bán căn hộ,TPHCM,Quận 10
bán chung cư quận 12,110,https://muaban.net/bat-dong-san/ban-can-ho-quan-12-ho-chi-minh,cate,ban,can ho,ho-chi-minh,quan-12,11,Mua bán nhà đất,Bán căn hộ,TPHCM,Quận 12
bán chung cư quận 9,110,https://muaban.net/bat-dong-san/ban-can-ho-quan-9-ho-chi-minh,cate,ban,can ho,ho-chi-minh,quan-9,7,Mua bán nhà đất,Bán căn hộ,TPHCM,Quận 9 (TP. Thủ Đức)
bán căn hộ quận 10,110,https://muaban.net/bat-dong-san/ban-can-ho-quan-10-ho-chi-minh,cate,ban,can ho,ho-chi-minh,quan-10,7,Mua bán nhà đất,Bán căn hộ,TPHCM,Quận 10
mua chung cư trả góp tphcm,110,https://muaban.net/tags/ban-chung-cu-tra-gop-ho-chi-minh,tag,ban,can ho,ho-chi-minh,,5,Tags,Tags,,
bán chung cư quận 5,100,https://muaban.net/bat-dong-san/ban-can-ho-quan-5-ho-chi-minh,cate,ban,can ho,ho-chi-minh,quan-5,5,Mua bán nhà đất,Bán căn hộ,,
bán nhà huỳnh tấn phát,100,https://muaban.net/bat-dong-san/ban-nha-dat-chung-cu-duong-huynh-tan-phat-89411-quan-7-ho-chi-minh,cate,ban,can ho,ho-chi-minh,quan-7,6,Mua bán nhà đất,Bán nhà,,
chung cư tân bình dưới 2 tỷ,100,https://muaban.net/tags/mua-ban-chung-cu-quan-tan-binh-ho-chi-minh-duoi-2-ty,tag,ban,can ho,ho-chi-minh,quan-tan-binh,3,Tags,Tags,Điện Biên,
căn hộ chung cư 700 triệu tphcm,100,https://muaban.net/tags/mua-ban-can-ho-chung-cu-ho-chi-minh-700-trieu,tag,ban,can ho,ho-chi-minh,,7,Tags,Tags,,
bán căn hộ chung cư đã hoàn thiện tphcm,50,https://muaban.net/bat-dong-san/ban-can-ho-ho-chi-minh,cate,ban,can ho,ho-chi-minh,,17,Mua bán nhà đất,Bán căn hộ,TPHCM,
bán đất củ chi,1.000,https://muaban.net/bat-dong-san/ban-dat-huyen-cu-chi-ho-chi-minh,cate,ban,dat,ho-chi-minh,huyen-cu-chi,7,Mua bán nhà đất,Bán đất,TPHCM,Huyện Củ Chi
đất củ chi,880,https://muaban.net/bat-dong-san/ban-dat-huyen-cu-chi-ho-chi-minh,cate,ban,dat,ho-chi-minh,huyen-cu-chi,6,Mua bán nhà đất,Bán đất,TPHCM,Huyện Củ Chi
bán đất bình chánh,720,https://muaban.net/bat-dong-san/ban-dat-huyen-binh-chanh-ho-chi-minh,cate,ban,dat,ho-chi-minh,huyen-binh-chanh,10,Mua bán nhà đất,Bán đất,TPHCM,Huyện Bình Chánh
bán đất quận 9,720,https://muaban.net/bat-dong-san/ban-dat-quan-9-ho-chi-minh,cate,ban,dat,ho-chi-minh,quan-9,9,Mua bán nhà đất,Bán đất,TPHCM,Quận 9 (TP. Thủ Đức)
bán đất cần giờ,590,https://muaban.net/bat-dong-san/ban-dat-huyen-can-gio-ho-chi-minh,cate,ban,dat,ho-chi-minh,huyen-can-gio,13,Mua bán nhà đất,Bán đất,TPHCM,Huyện Cần Giờ
mua bán đất bình chánh,590,https://muaban.net/bat-dong-san/ban-dat-huyen-binh-chanh-ho-chi-minh,cate,ban,dat,ho-chi-minh,huyen-binh-chanh,7,Mua bán nhà đất,Bán đất,TPHCM,Huyện Bình Chánh
đất bình chánh,590,https://muaban.net/bat-dong-san/ban-dat-huyen-binh-chanh-ho-chi-minh,cate,ban,dat,ho-chi-minh,huyen-binh-chanh,7,Mua bán nhà đất,Bán đất,TPHCM,Huyện Bình Chánh
bán đất quận 12,480,https://muaban.net/bat-dong-san/ban-dat-quan-12-ho-chi-minh,cate,ban,dat,ho-chi-minh,quan-12,8,Mua bán nhà đất,Bán đất,TPHCM,Quận 12
đất hóc môn,480,https://muaban.net/bat-dong-san/ban-dat-huyen-hoc-mon-ho-chi-minh,cate,ban,dat,ho-chi-minh,huyen-hoc-mon,9,Mua bán nhà đất,Bán đất,TPHCM,Huyện Hóc Môn
bán đất hóc môn,390,https://muaban.net/bat-dong-san/ban-dat-huyen-hoc-mon-ho-chi-minh,cate,ban,dat,ho-chi-minh,huyen-hoc-mon,8,Mua bán nhà đất,Bán đất,TPHCM,Huyện Hóc Môn
bán đất quận 2,390,https://muaban.net/bat-dong-san/ban-dat-quan-2-ho-chi-minh,cate,ban,dat,ho-chi-minh,quan-2,7,Mua bán nhà đất,Bán đất,TPHCM,Quận 2 (TP. Thủ Đức)
bán đất thủ đức,390,https://muaban.net/bat-dong-san/ban-dat-quan-thu-duc-ho-chi-minh,cate,ban,dat,ho-chi-minh,quan-thu-duc,8,Mua bán nhà đất,Bán đất,TPHCM,TP. Thủ Đức
đất cần giờ,390,https://muaban.net/bat-dong-san/ban-dat-huyen-can-gio-ho-chi-minh,cate,ban,dat,ho-chi-minh,huyen-can-gio,20,Mua bán nhà đất,Bán đất,TPHCM,Huyện Cần Giờ
bán đất quận 7,320,https://muaban.net/bat-dong-san/ban-dat-quan-7-ho-chi-minh,cate,ban,dat,ho-chi-minh,quan-7,5,Mua bán nhà đất,Bán đất,TPHCM,Quận 7
mua dat cu chi gia 150 trieu,320,https://muaban.net/bat-dong-san/ban-dat-huyen-cu-chi-ho-chi-minh,cate,ban,dat,ho-chi-minh,huyen-cu-chi,9,Mua bán nhà đất,Bán đất,TPHCM,Huyện Củ Chi
đất nền bình chánh,320,https://muaban.net/bat-dong-san/ban-dat-huyen-binh-chanh-ho-chi-minh,cate,ban,dat,ho-chi-minh,huyen-binh-chanh,9,Mua bán nhà đất,Bán đất,TPHCM,Huyện Bình Chánh
mua đất củ chi,260,https://muaban.net/bat-dong-san/ban-dat-huyen-cu-chi-ho-chi-minh,cate,ban,dat,ho-chi-minh,huyen-cu-chi,18,Mua bán nhà đất,Bán đất,TPHCM,Huyện Củ Chi
đất nền củ chi,260,https://muaban.net/bat-dong-san/ban-dat-huyen-cu-chi-ho-chi-minh,cate,ban,dat,ho-chi-minh,huyen-cu-chi,18,Mua bán nhà đất,Bán đất,TPHCM,Huyện Củ Chi
bán đất bình tân,210,https://muaban.net/bat-dong-san/ban-dat-quan-binh-tan-ho-chi-minh,cate,ban,dat,ho-chi-minh,quan-binh-tan,9,Mua bán nhà đất,Bán đất,TPHCM,Quận Bình Tân
bán đất gò vấp,210,https://muaban.net/bat-dong-san/ban-dat-quan-go-vap-ho-chi-minh,cate,ban,dat,ho-chi-minh,quan-go-vap,7,Mua bán nhà đất,Bán đất,TPHCM,Quận Gò Vấp
mua đất bình chánh,210,https://muaban.net/bat-dong-san/ban-dat-huyen-binh-chanh-ho-chi-minh,cate,ban,dat,ho-chi-minh,huyen-binh-chanh,6,Mua bán nhà đất,Bán đất,TPHCM,Huyện Bình Chánh
mua đất quận 12,210,https://muaban.net/bat-dong-san/ban-dat-quan-12-ho-chi-minh,cate,ban,dat,ho-chi-minh,quan-12,9,Mua bán nhà đất,Bán đất,TPHCM,Quận 12
đất thủ đức,210,https://muaban.net/bat-dong-san/ban-dat-quan-thu-duc-ho-chi-minh,cate,ban,dat,ho-chi-minh,quan-thu-duc,7,Mua bán nhà đất,Bán đất,TPHCM,TP. Thủ Đức
bán đất thảo điền,200,https://muaban.net/bat-dong-san/ban-dat-phuong-thao-dien-quan-2-ho-chi-minh,cate,ban,dat,ho-chi-minh,quan-2,8,Mua bán nhà đất,Bán đất,,
Bán đất Củ Chi dưới 1 tỷ,170,https://muaban.net/tags/mua-ban-dat-huyen-cu-chi-ho-chi-minh-duoi-1-ty,tag,ban,dat,ho-chi-minh,huyen-cu-chi,6,Tags,Tags,,
Bán đất Củ Chi dưới 500 triệu,170,https://muaban.net/tags/mua-ban-dat-huyen-cu-chi-ho-chi-minh-duoi-500-trieu,tag,ban,dat,ho-chi-minh,huyen-cu-chi,7,Tags,Tags,,
bán đất vườn bình chánh,170,https://muaban.net/tags/mua-ban-dat-vuon-huyen-binh-chanh-ho-chi-minh,tag,ban,dat,ho-chi-minh,huyen-binh-chanh,3,Tags,Tags,,
mua đất cần giờ,170,https://muaban.net/bat-dong-san/ban-dat-huyen-can-gio-ho-chi-minh,cate,ban,dat,ho-chi-minh,huyen-can-gio,6,Mua bán nhà đất,Bán đất,TPHCM,Huyện Cần Giờ
bán đất q9,150,https://muaban.net/bat-dong-san/ban-dat-quan-9-ho-chi-minh,cate,ban,dat,ho-chi-minh,quan-9,10,Mua bán nhà đất,Bán đất,TPHCM,Quận 9 (TP. Thủ Đức)
bán đất bình thạnh,140,https://muaban.net/bat-dong-san/ban-dat-quan-binh-thanh-ho-chi-minh,cate,ban,dat,ho-chi-minh,quan-binh-thanh,5,Mua bán nhà đất,Bán đất,TPHCM,Quận Bình Thạnh
bán đất tân phú,140,https://muaban.net/bat-dong-san/ban-dat-quan-tan-phu-ho-chi-minh,cate,ban,dat,ho-chi-minh,quan-tan-phu,6,Mua bán nhà đất,Bán đất,TPHCM,Quận Tân Phú
mua đất hóc môn,140,https://muaban.net/bat-dong-san/ban-dat-huyen-hoc-mon-ho-chi-minh,cate,ban,dat,ho-chi-minh,huyen-hoc-mon,10,Mua bán nhà đất,Bán đất,TPHCM,Huyện Hóc Môn
mua đất thủ đức,140,https://muaban.net/bat-dong-san/ban-dat-quan-thu-duc-ho-chi-minh,cate,ban,dat,ho-chi-minh,quan-thu-duc,6,Mua bán nhà đất,Bán đất,TPHCM,TP. Thủ Đức
Đất Bình Chánh dưới 1 tỷ,140,https://muaban.net/tags/mua-ban-dat-huyen-binh-chanh-ho-chi-minh-duoi-1-ty,tag,ban,dat,ho-chi-minh,huyen-binh-chanh,5,Tags,Tags,,
đất củ chi giá rẻ,140,https://muaban.net/bat-dong-san/ban-dat-huyen-cu-chi-ho-chi-minh,cate,ban,dat,ho-chi-minh,huyen-cu-chi,5,Mua bán nhà đất,Bán đất,TPHCM,Huyện Củ Chi
đất gò vấp,140,https://muaban.net/bat-dong-san/ban-dat-quan-go-vap-ho-chi-minh,cate,ban,dat,ho-chi-minh,quan-go-vap,8,Mua bán nhà đất,Bán đất,TPHCM,Quận Gò Vấp
Bán đất vườn Củ Chi 50 triệu,110,https://muaban.net/tags/mua-ban-dat-huyen-cu-chi-ho-chi-minh-50-trieu,tag,ban,dat,ho-chi-minh,huyen-cu-chi,4,Tags,Tags,,
Bán đất vườn huyện Củ Chi 50 triệu,110,https://muaban.net/tags/mua-ban-dat-huyen-cu-chi-ho-chi-minh-50-trieu,tag,ban,dat,ho-chi-minh,huyen-cu-chi,3,Mua bán nhà đất,Tags,TPHCM,Quận Bình Thạnh
bán đất huyện bình chánh,110,https://muaban.net/bat-dong-san/ban-dat-huyen-binh-chanh-ho-chi-minh,cate,ban,dat,ho-chi-minh,huyen-binh-chanh,6,Mua bán nhà đất,Bán đất,TPHCM,Huyện Bình Chánh
bán đất huyện hóc môn,110,https://muaban.net/bat-dong-san/ban-dat-huyen-hoc-mon-ho-chi-minh,cate,ban,dat,ho-chi-minh,huyen-hoc-mon,9,Mua bán nhà đất,Bán đất,TPHCM,Huyện Hóc Môn
bán đất hẻm quận 9,110,https://muaban.net/bat-dong-san/ban-dat-quan-9-ho-chi-minh,cate,ban,dat,ho-chi-minh,quan-9,9,Mua bán nhà đất,Bán đất,TPHCM,Quận 9 (TP. Thủ Đức)
bán đất khu dân cư quận 9,110,https://muaban.net/bat-dong-san/ban-dat-du-an-khu-dan-cu-quan-9-ho-chi-minh,cate,ban,dat,ho-chi-minh,quan-9,7,Mua bán nhà đất,Bán đất,TPHCM,Quận 9 (TP. Thủ Đức)
bán đất nền quận 9,110,https://muaban.net/bat-dong-san/ban-dat-quan-9-ho-chi-minh,cate,ban,dat,ho-chi-minh,quan-9,10,Mua bán nhà đất,Bán đất,TPHCM,Quận 9 (TP. Thủ Đức)
bán đất quận 8,110,https://muaban.net/bat-dong-san/ban-dat-quan-8-ho-chi-minh,cate,ban,dat,ho-chi-minh,quan-8,7,Mua bán nhà đất,Bán đất,TPHCM,Quận 8
bán đất quận tân phú,110,https://muaban.net/bat-dong-san/ban-dat-quan-tan-phu-ho-chi-minh,cate,ban,dat,ho-chi-minh,quan-tan-phu,6,Mua bán nhà đất,Bán đất,TPHCM,Quận Tân Phú
mua ban dat hoc mon,110,https://muaban.net/bat-dong-san/ban-dat-huyen-hoc-mon-ho-chi-minh,cate,ban,dat,ho-chi-minh,huyen-hoc-mon,5,Mua bán nhà đất,Bán đất,TPHCM,Huyện Hóc Môn
mua bán đất cần giờ,110,https://muaban.net/bat-dong-san/ban-dat-huyen-can-gio-ho-chi-minh,cate,ban,dat,ho-chi-minh,huyen-can-gio,7,Mua bán nhà đất,Bán đất,TPHCM,Huyện Cần Giờ
mua bán đất củ chi,110,https://muaban.net/bat-dong-san/ban-dat-huyen-cu-chi-ho-chi-minh,cate,ban,dat,ho-chi-minh,huyen-cu-chi,4,Mua bán nhà đất,Bán đất,TPHCM,Huyện Củ Chi
mua bán đất nền tphcm,110,https://muaban.net/bat-dong-san/ban-dat-ho-chi-minh,cate,ban,dat,ho-chi-minh,,4,Mua bán nhà đất,Bán đất,TPHCM,
mua đất quận 2,110,https://muaban.net/bat-dong-san/ban-dat-quan-2-ho-chi-minh,cate,ban,dat,ho-chi-minh,quan-2,8,Mua bán nhà đất,Bán đất,TPHCM,Quận 2 (TP. Thủ Đức)
mua đất tphcm,110,https://muaban.net/bat-dong-san/ban-dat-ho-chi-minh,cate,ban,dat,ho-chi-minh,,4,Mua bán nhà đất,Bán đất,TPHCM,
bán đất quận bình tân,100,https://muaban.net/bat-dong-san/ban-dat-quan-binh-tan-ho-chi-minh,cate,ban,dat,ho-chi-minh,quan-binh-tan,ngoai top 30,Mua bán nhà đất,Bán đất,TPHCM,Quận Bình Tân
bán đất quận thủ đức,100,https://muaban.net/bat-dong-san/ban-dat-quan-thu-duc-ho-chi-minh,cate,ban,dat,ho-chi-minh,quan-thu-duc,6,Mua bán nhà đất,Bán đất,TPHCM,TP. Thủ Đức
đất bình chánh chính chủ giá rẻ,100,https://muaban.net/bat-dong-san/ban-dat-huyen-binh-chanh-ho-chi-minh,cate,ban,dat,ho-chi-minh,huyen-binh-chanh,23,Mua bán nhà đất,Bán đất,TPHCM,Huyện Bình Chánh
đất bình chánh giá rẻ,100,https://muaban.net/bat-dong-san/ban-dat-huyen-binh-chanh-ho-chi-minh,cate,ban,dat,ho-chi-minh,huyen-binh-chanh,8,Mua bán nhà đất,Bán đất,TPHCM,Huyện Bình Chánh
đất dự án quận 2,100,https://muaban.net/bat-dong-san/ban-dat-du-an-khu-dan-cu-quan-2-ho-chi-minh,cate,ban,dat,ho-chi-minh,quan-2,4,Mua bán nhà đất,Bán đất,TPHCM,Quận 2 (TP. Thủ Đức)
đất hóc môn giá rẻ,100,https://muaban.net/bat-dong-san/ban-dat-huyen-hoc-mon-ho-chi-minh,cate,ban,dat,ho-chi-minh,huyen-hoc-mon,7,Mua bán nhà đất,Bán đất,TPHCM,Huyện Hóc Môn
đất nền dự án hóc môn,80,https://muaban.net/bat-dong-san/ban-dat-du-an-khu-dan-cu-huyen-hoc-mon-ho-chi-minh,cate,ban,dat,ho-chi-minh,huyen-hoc-mon,20,Mua bán nhà đất,Bán đất,TPHCM,Huyện Hóc Môn
bán nhà gò vấp,1.600,https://muaban.net/bat-dong-san/ban-nha-quan-go-vap-ho-chi-minh,cate,ban,nha,ho-chi-minh,quan-go-vap,7,Mua bán nhà đất,Bán nhà,TPHCM,Quận Gò Vấp
bán nhà quận 7,1.600,https://muaban.net/bat-dong-san/ban-nha-quan-7-ho-chi-minh,cate,ban,nha,ho-chi-minh,quan-7,7,Mua bán nhà đất,Bán nhà,TPHCM,Quận 7
bán nhà bình thạnh,1.300,https://muaban.net/bat-dong-san/ban-nha-quan-binh-thanh-ho-chi-minh,cate,ban,nha,ho-chi-minh,quan-binh-thanh,8,Mua bán nhà đất,Bán nhà,TPHCM,Quận Bình Thạnh
bán nhà quận 1,1.300,https://muaban.net/bat-dong-san/ban-nha-quan-1-ho-chi-minh,cate,ban,nha,ho-chi-minh,quan-1,5,Mua bán nhà đất,Bán nhà,TPHCM,Quận 1
bán nhà quận 12,1.300,https://muaban.net/bat-dong-san/ban-nha-quan-12-ho-chi-minh,cate,ban,nha,ho-chi-minh,quan-12,8,Mua bán nhà đất,Bán nhà,TPHCM,Quận 12
bán nhà tân bình,1.300,https://muaban.net/bat-dong-san/ban-nha-quan-tan-binh-ho-chi-minh,cate,ban,nha,ho-chi-minh,quan-tan-binh,5,Mua bán nhà đất,Bán nhà,TPHCM,Quận Tân Bình
bán nhà quận 3,1.000,https://muaban.net/bat-dong-san/ban-nha-quan-3-ho-chi-minh,cate,ban,nha,ho-chi-minh,quan-3,8,Mua bán nhà đất,Bán nhà,TPHCM,Quận 3
bán nhà quận 6,1.000,https://muaban.net/bat-dong-san/ban-nha-quan-6-ho-chi-minh,cate,ban,nha,ho-chi-minh,quan-6,7,Mua bán nhà đất,Bán nhà,TPHCM,Quận 6
bán nhà quận 8,1.000,https://muaban.net/bat-dong-san/ban-nha-quan-8-ho-chi-minh,cate,ban,nha,ho-chi-minh,quan-8,7,Mua bán nhà đất,Bán nhà,TPHCM,Quận 8
bán nhà bình tân,880,https://muaban.net/bat-dong-san/ban-nha-quan-binh-tan-ho-chi-minh,cate,ban,nha,ho-chi-minh,quan-binh-tan,6,Mua bán nhà đất,Bán nhà,TPHCM,Quận Bình Tân
bán nhà quận 10,880,https://muaban.net/bat-dong-san/ban-nha-quan-10-ho-chi-minh,cate,ban,nha,ho-chi-minh,quan-10,9,Mua bán nhà đất,Bán nhà,TPHCM,Quận 10
bán nhà thủ đức,880,https://muaban.net/bat-dong-san/ban-nha-quan-thu-duc-ho-chi-minh,cate,ban,nha,ho-chi-minh,quan-thu-duc,9,Mua bán nhà đất,Bán nhà,TPHCM,TP. Thủ Đức
bán nhà tân phú,880,https://muaban.net/bat-dong-san/ban-nha-quan-tan-phu-ho-chi-minh,cate,ban,nha,ho-chi-minh,quan-tan-phu,9,Mua bán nhà đất,Bán nhà,TPHCM,Quận Tân Phú
Bán nhà Quận 3 dưới 10 tỷ,720,https://muaban.net/tags/mua-ban-nha-quan-3-ho-chi-minh-duoi-10-ty,tag,ban,nha,ho-chi-minh,quan-3-duoi,8,Cho thuê nhà đất,Tags,Sóc Trăng,
bán nhà phú nhuận,720,https://muaban.net/bat-dong-san/ban-nha-quan-phu-nhuan-ho-chi-minh,cate,ban,nha,ho-chi-minh,quan-phu-nhuan,6,Mua bán nhà đất,Bán nhà,TPHCM,Quận Phú Nhuận
bán nhà quận 2,720,https://muaban.net/bat-dong-san/ban-nha-quan-2-ho-chi-minh,cate,ban,nha,ho-chi-minh,quan-2,8,Mua bán nhà đất,Bán nhà,TPHCM,Quận 2 (TP. Thủ Đức)
bán nhà quận 9,720,https://muaban.net/bat-dong-san/ban-nha-quan-9-ho-chi-minh,cate,ban,nha,ho-chi-minh,quan-9,10,Mua bán nhà đất,Bán nhà,TPHCM,Quận 9 (TP. Thủ Đức)
bán nhà quận tân phú,720,https://muaban.net/bat-dong-san/ban-nha-quan-tan-phu-ho-chi-minh,cate,ban,nha,ho-chi-minh,quan-tan-phu,4,Mua bán nhà đất,Bán nhà,TPHCM,Quận Tân Phú
mua bán nhà Quận 3 dưới 10 tỷ,720,https://muaban.net/tags/mua-ban-nha-quan-3-ho-chi-minh-duoi-10-ty,tag,ban,nha,ho-chi-minh,quan-3-duoi,8,Tags,Tags,,
mua nhà quận 12,720,https://muaban.net/bat-dong-san/ban-nha-quan-12-ho-chi-minh,cate,ban,nha,ho-chi-minh,quan-12,7,Mua bán nhà đất,Bán nhà,TPHCM,Quận 12
mua nhà quận 7,720,https://muaban.net/bat-dong-san/ban-nha-quan-7-ho-chi-minh,cate,ban,nha,ho-chi-minh,quan-7,8,Mua bán nhà đất,Bán nhà,TPHCM,Quận 7
nhà bán quận 6,720,https://muaban.net/bat-dong-san/ban-nha-quan-6-ho-chi-minh,cate,ban,nha,ho-chi-minh,quan-6,6,Mua bán nhà đất,Bán nhà,TPHCM,Quận 6
Bán nhà Quận 1 dưới 10 tỷ,590,https://muaban.net/tags/mua-ban-nha-quan-1-ho-chi-minh-duoi-10-ty,tag,ban,nha,ho-chi-minh,quan-1-duoi,6,Cho thuê nhà đất,Tags,Thừa Thiên Huế,
bán nhà bình chánh,590,https://muaban.net/bat-dong-san/ban-nha-huyen-binh-chanh-ho-chi-minh,cate,ban,nha,ho-chi-minh,huyen-binh-chanh,7,Mua bán nhà đất,Bán nhà,TPHCM,Huyện Bình Chánh
bán nhà nhà bè,590,https://muaban.net/bat-dong-san/ban-nha-huyen-nha-be-ho-chi-minh,cate,ban,nha,ho-chi-minh,huyen-nha-be,9,Mua bán nhà đất,Bán nhà,TPHCM,Huyện Nhà Bè
nhà bán quận 3,590,https://muaban.net/bat-dong-san/ban-nha-quan-3-ho-chi-minh,cate,ban,nha,ho-chi-minh,quan-3,5,Mua bán nhà đất,Bán nhà,TPHCM,Quận 3
bán nhà hóc môn,480,https://muaban.net/bat-dong-san/ban-nha-huyen-hoc-mon-ho-chi-minh,cate,ban,nha,ho-chi-minh,huyen-hoc-mon,7,Mua bán nhà đất,Bán nhà,TPHCM,Huyện Hóc Môn
bán nhà quận 11,480,https://muaban.net/bat-dong-san/ban-nha-quan-11-ho-chi-minh,cate,ban,nha,ho-chi-minh,quan-11,7,Mua bán nhà đất,Bán nhà,TPHCM,Quận 11
bán nhà quận 4,480,https://muaban.net/bat-dong-san/ban-nha-quan-4-ho-chi-minh,cate,ban,nha,ho-chi-minh,quan-4,8,Mua bán nhà đất,Bán nhà,TPHCM,Quận 4
bán nhà quận tân bình,480,https://muaban.net/bat-dong-san/ban-nha-quan-tan-binh-ho-chi-minh,cate,ban,nha,ho-chi-minh,quan-tan-binh,5,Mua bán nhà đất,Bán nhà,TPHCM,Quận Tân Bình
mua bán nhà quận tân phú,480,https://muaban.net/bat-dong-san/ban-nha-quan-tan-phu-ho-chi-minh,cate,ban,nha,ho-chi-minh,quan-tan-phu,4,Mua bán nhà đất,Bán nhà,TPHCM,Quận Tân Phú
mua nhà thủ đức,480,https://muaban.net/bat-dong-san/ban-nha-quan-thu-duc-ho-chi-minh,cate,ban,nha,ho-chi-minh,quan-thu-duc,9,Mua bán nhà đất,Bán nhà,TPHCM,TP. Thủ Đức
nhà bán gò vấp,480,https://muaban.net/bat-dong-san/ban-nha-quan-go-vap-ho-chi-minh,cate,ban,nha,ho-chi-minh,quan-go-vap,10,Mua bán nhà đất,Bán nhà,TPHCM,Quận Gò Vấp
nhà quận 7 dưới 3 tỷ,480,https://muaban.net/bat-dong-san/ban-nha-quan-7-ho-chi-minh,cate,ban,nha,ho-chi-minh,quan-7,4,Mua bán nhà đất,Bán nhà,TPHCM,Quận 7
bán nhà bình chánh dưới 500 triệu,400,https://muaban.net/tags/mua-ban-nha-huyen-binh-chanh-ho-chi-minh-duoi-500-trieu,tag,ban,nha,ho-chi-minh,huyen-binh-chanh,6,Tags,Tags,,
nhà bình chánh dưới 500 triệu,400,https://muaban.net/tags/mua-ban-nha-huyen-binh-chanh-ho-chi-minh-duoi-500-trieu,tag,ban,nha,ho-chi-minh,huyen-binh-chanh,6,Mua bán nhà đất,Tags,Hải Phòng,
Nhà bán Quận Bình Tân dưới 2 tỷ,390,https://muaban.net/tags/mua-ban-nha-quan-binh-tan-ho-chi-minh-duoi-2-ty,tag,ban,nha,ho-chi-minh,quan-binh-tan,3,Tags,Tags,,
bán nhà quận 5,390,https://muaban.net/bat-dong-san/ban-nha-quan-5-ho-chi-minh,cate,ban,nha,ho-chi-minh,quan-5,7,Mua bán nhà đất,Bán nhà,TPHCM,Quận 5
bán nhà quận 8 dưới 1 tỷ,390,https://muaban.net/bat-dong-san/ban-nha-quan-8-ho-chi-minh,cate,ban,nha,ho-chi-minh,quan-8,3,Mua bán nhà đất,Bán nhà,TPHCM,Quận 8
bán nhà quận bình thạnh,390,https://muaban.net/bat-dong-san/ban-nha-quan-binh-thanh-ho-chi-minh,cate,ban,nha,ho-chi-minh,quan-binh-thanh,10,Mua bán nhà đất,Bán nhà,TPHCM,Quận Bình Thạnh
bán nhà quận bình tân,390,https://muaban.net/bat-dong-san/ban-nha-quan-binh-tan-ho-chi-minh,cate,ban,nha,ho-chi-minh,quan-binh-tan,6,Mua bán nhà đất,Bán nhà,TPHCM,Quận Bình Tân
bán đất nhà bè,390,https://muaban.net/bat-dong-san/ban-dat-huyen-nha-be-ho-chi-minh,cate,ban,nha,ho-chi-minh,huyen-nha-be,3,Mua bán nhà đất,Bán đất,TPHCM,Huyện Nhà Bè
mua nhà bình chánh,390,https://muaban.net/bat-dong-san/ban-nha-huyen-binh-chanh-ho-chi-minh,cate,ban,nha,ho-chi-minh,huyen-binh-chanh,6,Mua bán nhà đất,Bán nhà,TPHCM,Huyện Bình Chánh
mua nhà hóc môn dưới 1 tỷ,390,https://muaban.net/bat-dong-san/ban-nha-huyen-hoc-mon-ho-chi-minh,cate,ban,nha,ho-chi-minh,huyen-hoc-mon,3,Mua bán nhà đất,Bán nhà,TPHCM,Huyện Hóc Môn
mua nhà nhà bè,390,https://muaban.net/bat-dong-san/ban-nha-huyen-nha-be-ho-chi-minh,cate,ban,nha,ho-chi-minh,huyen-nha-be,8,Mua bán nhà đất,Bán nhà,TPHCM,Huyện Nhà Bè
nhà bán quận 12,390,https://muaban.net/bat-dong-san/ban-nha-quan-12-ho-chi-minh,cate,ban,nha,ho-chi-minh,quan-12,9,Mua bán nhà đất,Bán nhà,TPHCM,Quận 12
nhà bán quận 12 dưới 1 tỷ,390,https://muaban.net/bat-dong-san/ban-nha-quan-12-ho-chi-minh,cate,ban,nha,ho-chi-minh,quan-12,7,Mua bán nhà đất,Bán nhà,TPHCM,Quận 12
nhà bán quận 8,390,https://muaban.net/bat-dong-san/ban-nha-quan-8-ho-chi-minh,cate,ban,nha,ho-chi-minh,quan-8,4,Mua bán nhà đất,Bán nhà,TPHCM,Quận 8
nhà bán quận bình thạnh dưới 2 tỷ,390,https://muaban.net/bat-dong-san/ban-nha-quan-binh-thanh-ho-chi-minh,cate,ban,nha,ho-chi-minh,quan-binh-thanh,3,Mua bán nhà đất,Bán nhà,TPHCM,Quận Bình Thạnh
nhà bán quận 7,350,https://muaban.net/bat-dong-san/ban-nha-quan-7-ho-chi-minh,cate,ban,nha,ho-chi-minh,quan-7,9,Mua bán nhà đất,Bán nhà,TPHCM,Quận 7
bán nhà phường 5 quận 8,320,https://muaban.net/bat-dong-san/ban-nha-phuong-5-quan-8-ho-chi-minh,cate,ban,nha,ho-chi-minh,quan-8,4,Mua bán nhà đất,Bán nhà,Hải Phòng,Huyện An Dương
bán nhà quận gò vấp,320,https://muaban.net/bat-dong-san/ban-nha-quan-go-vap-ho-chi-minh,cate,ban,nha,ho-chi-minh,quan-go-vap,10,Mua bán nhà đất,Bán nhà,TPHCM,Quận Gò Vấp
bán nhà tphcm,320,https://muaban.net/bat-dong-san/ban-nha-ho-chi-minh,cate,ban,nha,ho-chi-minh,,6,Mua bán nhà đất,Bán nhà,TPHCM,
mua nhà cấp 4 giá rẻ tphcm,320,https://muaban.net/tags/ban-nha-cap-4-ho-chi-minh,tag,ban,nha,ho-chi-minh,,1,Tags,Tags,,
mua nhà quận 2,320,https://muaban.net/bat-dong-san/ban-nha-quan-2-ho-chi-minh,cate,ban,nha,ho-chi-minh,quan-2,4,Mua bán nhà đất,Bán nhà,TPHCM,Quận 2 (TP. Thủ Đức)
nhà bán bình thạnh,320,https://muaban.net/bat-dong-san/ban-nha-quan-binh-thanh-ho-chi-minh,cate,ban,nha,ho-chi-minh,quan-binh-thanh,5,Mua bán nhà đất,Bán nhà,TPHCM,Quận Bình Thạnh
nhà bán quận 10,320,https://muaban.net/bat-dong-san/ban-nha-quan-10-ho-chi-minh,cate,ban,nha,ho-chi-minh,quan-10,4,Mua bán nhà đất,Bán nhà,TPHCM,Quận 10
nhà bán quận bình tân,320,https://muaban.net/bat-dong-san/ban-nha-quan-binh-tan-ho-chi-minh,cate,ban,nha,ho-chi-minh,quan-binh-tan,4,Mua bán nhà đất,Bán nhà,TPHCM,Quận Bình Tân
đất nhà bè,320,https://muaban.net/bat-dong-san/ban-dat-huyen-nha-be-ho-chi-minh,cate,ban,nha,ho-chi-minh,huyen-nha-be,3,Mua bán nhà đất,Bán đất,TPHCM,Huyện Nhà Bè
nhà bán quận 8 dưới 2 tỷ,300,https://muaban.net/tags/mua-ban-nha-quan-8-ho-chi-minh-duoi-2-ty,tag,ban,nha,ho-chi-minh,quan-8-duoi,1,Tags,Tags,,
Bán nhà quận 7 dưới 3 tỷ,260,https://muaban.net/tags/mua-ban-nha-quan-7-ho-chi-minh-duoi-3-ty,tag,ban,nha,ho-chi-minh,quan-7-duoi,4,Tags,Tags,,
bán nhà Hóc Môn dưới 2 tỷ,260,https://muaban.net/tags/mua-ban-nha-huyen-hoc-mon-ho-chi-minh-duoi-2-ty,tag,ban,nha,ho-chi-minh,huyen-hoc-mon,3,Tags,Tags,,
bán nhà hóc môn dưới 500 triệu,260,https://muaban.net/bat-dong-san/ban-nha-huyen-hoc-mon-ho-chi-minh,cate,ban,nha,ho-chi-minh,huyen-hoc-mon,5,Mua bán nhà đất,Bán nhà,TPHCM,Huyện Hóc Môn
bán nhà quận 7 dưới 4 tỷ,260,https://muaban.net/tags/mua-ban-nha-quan-7-ho-chi-minh-duoi-4-ty,tag,ban,nha,ho-chi-minh,quan-7-duoi,4,Tags,Tags,,
bán nhà quận phú nhuận,260,https://muaban.net/bat-dong-san/ban-nha-quan-phu-nhuan-ho-chi-minh,cate,ban,nha,ho-chi-minh,quan-phu-nhuan,3,Mua bán nhà đất,Bán nhà,TPHCM,Quận Phú Nhuận
mua nhà hóc môn,260,https://muaban.net/bat-dong-san/ban-nha-huyen-hoc-mon-ho-chi-minh,cate,ban,nha,ho-chi-minh,huyen-hoc-mon,3,Mua bán nhà đất,Bán nhà,TPHCM,Huyện Hóc Môn
mua nhà hóc môn dưới 2 tỷ,260,https://muaban.net/bat-dong-san/ban-nha-huyen-hoc-mon-ho-chi-minh,cate,ban,nha,ho-chi-minh,huyen-hoc-mon,3,Mua bán nhà đất,Bán nhà,TPHCM,Huyện Hóc Môn
nhà bán quận bình thạnh,260,https://muaban.net/bat-dong-san/ban-nha-quan-binh-thanh-ho-chi-minh,cate,ban,nha,ho-chi-minh,quan-binh-thanh,5,Mua bán nhà đất,Bán nhà,TPHCM,Quận Bình Thạnh
nhà bán quận gò vấp dưới 2 tỷ có hình,260,https://muaban.net/bat-dong-san/ban-nha-quan-go-vap-ho-chi-minh,cate,ban,nha,ho-chi-minh,quan-go-vap,3,Mua bán nhà đất,Bán nhà,TPHCM,Quận Gò Vấp
nhà bán tân bình,260,https://muaban.net/bat-dong-san/ban-nha-quan-tan-binh-ho-chi-minh,cate,ban,nha,ho-chi-minh,quan-tan-binh,7,Mua bán nhà đất,Bán nhà,TPHCM,Quận Tân Bình
nhà bán tân phú,260,https://muaban.net/bat-dong-san/ban-nha-quan-tan-phu-ho-chi-minh,cate,ban,nha,ho-chi-minh,quan-tan-phu,5,Mua bán nhà đất,Bán nhà,TPHCM,Quận Tân Phú
bán nhà Quận Tân Phú dưới 5 tỷ,210,https://muaban.net/tags/mua-ban-nha-quan-tan-phu-ho-chi-minh-duoi-5-ty,tag,ban,nha,ho-chi-minh,quan-tan-phu,4,Tags,Tags,,
bán nhà bình thạnh từ 3 đến 4 tỷ,210,https://muaban.net/bat-dong-san/ban-nha-quan-binh-thanh-ho-chi-minh,cate,ban,nha,ho-chi-minh,quan-binh-thanh,2,Mua bán nhà đất,Bán nhà,TPHCM,Quận Bình Thạnh
bán nhà củ chi,210,https://muaban.net/bat-dong-san/ban-nha-huyen-cu-chi-ho-chi-minh,cate,ban,nha,ho-chi-minh,huyen-cu-chi,9,Mua bán nhà đất,Bán nhà,TPHCM,Huyện Củ Chi
bán nhà hóc môn giá 300 triệu,210,https://muaban.net/bat-dong-san/ban-nha-huyen-hoc-mon-ho-chi-minh,cate,ban,nha,ho-chi-minh,huyen-hoc-mon,7,Mua bán nhà đất,Bán nhà,TPHCM,Huyện Hóc Môn
bán nhà quận 7 dưới 5 tỷ,210,https://muaban.net/tags/mua-ban-nha-quan-7-ho-chi-minh-duoi-5-ty,tag,ban,nha,ho-chi-minh,quan-7-duoi,8,Tags,Tags,,
bán nhà quận 8 dưới 5 tỷ,210,https://muaban.net/tags/mua-ban-nha-quan-8-ho-chi-minh-duoi-5-ty,tag,ban,nha,ho-chi-minh,quan-8-duoi,3,Tags,Tags,,
bán nhà quận bình thạnh dưới 3 tỷ,210,https://muaban.net/bat-dong-san/ban-nha-quan-binh-thanh-ho-chi-minh,cate,ban,nha,ho-chi-minh,quan-binh-thanh,3,Mua bán nhà đất,Bán nhà,TPHCM,Quận Bình Thạnh
bán nhà quận thủ đức dưới 1 tỷ,210,https://muaban.net/bat-dong-san/ban-nha-quan-thu-duc-ho-chi-minh,cate,ban,nha,ho-chi-minh,quan-thu-duc,10,Mua bán nhà đất,Bán nhà,TPHCM,TP. Thủ Đức
bán nhà đường gò cát quận 9,210,https://muaban.net/bat-dong-san/ban-nha-duong-go-cat-quan-9-ho-chi-minh,cate,ban,nha,ho-chi-minh,quan-9,10,Mua bán nhà đất,Bán nhà,Long An,Huyện Thủ Thừa
nhà bán bình chánh,210,https://muaban.net/bat-dong-san/ban-nha-huyen-binh-chanh-ho-chi-minh,cate,ban,nha,ho-chi-minh,huyen-binh-chanh,6,Mua bán nhà đất,Bán nhà,TPHCM,Huyện Bình Chánh
nhà bán bình tân,210,https://muaban.net/bat-dong-san/ban-nha-quan-binh-tan-ho-chi-minh,cate,ban,nha,ho-chi-minh,quan-binh-tan,5,Mua bán nhà đất,Bán nhà,TPHCM,Quận Bình Tân
nhà bán hóc môn giá 300 triệu,210,https://muaban.net/tags/mua-ban-nha-huyen-hoc-mon-ho-chi-minh-300-trieu,tag,ban,nha,ho-chi-minh,huyen-hoc-mon,10,Tags,Tags,,
nhà bán quận 11,210,https://muaban.net/bat-dong-san/ban-nha-quan-11-ho-chi-minh,cate,ban,nha,ho-chi-minh,quan-11,6,Mua bán nhà đất,Bán nhà,TPHCM,Quận 11
nhà bán quận bình tân dưới 3 tỷ,210,https://muaban.net/bat-dong-san/ban-nha-quan-binh-tan-ho-chi-minh,cate,ban,nha,ho-chi-minh,quan-binh-tan,4,Mua bán nhà đất,Bán nhà,TPHCM,Quận Bình Tân
nhà bán quận tân bình giá 4 tỷ,210,https://muaban.net/bat-dong-san/ban-nha-quan-tan-binh-ho-chi-minh,cate,ban,nha,ho-chi-minh,quan-tan-binh,9,Mua bán nhà đất,Bán nhà,TPHCM,Quận Tân Bình
nhà bán thủ đức,210,https://muaban.net/bat-dong-san/ban-nha-quan-thu-duc-ho-chi-minh,cate,ban,nha,ho-chi-minh,quan-thu-duc,10,Mua bán nhà đất,Bán nhà,TPHCM,TP. Thủ Đức
bán nhà gò vấp dưới 4 tỷ,200,https://muaban.net/tags/mua-ban-nha-quan-go-vap-ho-chi-minh-duoi-4-ty,tag,ban,nha,ho-chi-minh,quan-go-vap,4,Tags,Tags,,
mua nhà quận 9 dưới 2 tỷ,200,https://muaban.net/tags/mua-ban-nha-quan-9-ho-chi-minh-duoi-2-ty,tag,ban,nha,ho-chi-minh,quan-9-duoi,2,Tags,Tags,,
nhà bán quận 8 dưới 3 tỷ,200,https://muaban.net/tags/mua-ban-nha-quan-8-ho-chi-minh-duoi-3-ty,tag,ban,nha,ho-chi-minh,quan-8-duoi,3,Tags,Tags,,
nhà quận 7 dưới 300 triệu,200,https://muaban.net/tags/mua-ban-nha-quan-7-ho-chi-minh-duoi-300-trieu,tag,ban,nha,ho-chi-minh,quan-7-duoi,1,Tags,Tags,,
Bán nhà Quận 6 từ 1 đến 2 tỷ,170,https://muaban.net/tags/mua-ban-nha-quan-6-ho-chi-minh-tu-1-den-2-ty,tag,ban,nha,ho-chi-minh,quan-6-tu,3,Tags,Tags,,
Bán nhà Quận Tân Bình dưới 3 tỷ,170,https://muaban.net/tags/mua-ban-nha-quan-tan-binh-ho-chi-minh-duoi-3-ty,tag,ban,nha,ho-chi-minh,quan-tan-binh,2,Tags,Tags,,
Bán nhà quận tân phú dưới 1 tỷ,170,https://muaban.net/tags/mua-ban-nha-quan-tan-phu-ho-chi-minh-duoi-1-ty,tag,ban,nha,ho-chi-minh,quan-tan-phu,5,Tags,Tags,,
ban nha quan 12 duoi 1 5 ty,170,https://muaban.net/bat-dong-san/ban-nha-quan-12-ho-chi-minh,cate,ban,nha,ho-chi-minh,quan-12,3,Mua bán nhà đất,Bán nhà,TPHCM,Quận 12
bán nhà 200 triệu bình chánh,170,https://muaban.net/tags/mua-ban-nha-huyen-binh-chanh-ho-chi-minh-duoi-200-trieu,tag,ban,nha,ho-chi-minh,huyen-binh-chanh,3,Tags,Tags,,
bán nhà gò vấp dưới 3 tỷ,170,https://muaban.net/bat-dong-san/ban-nha-quan-go-vap-ho-chi-minh,cate,ban,nha,ho-chi-minh,quan-go-vap,4,Mua bán nhà đất,Bán nhà,TPHCM,Quận Gò Vấp
bán nhà phường 25 bình thạnh,170,https://muaban.net/bat-dong-san/ban-nha-phuong-25-quan-binh-thanh-ho-chi-minh,cate,ban,nha,ho-chi-minh,quan-binh-thanh,4,Cho thuê nhà đất,Bán nhà,TPHCM,
bán nhà quận 10 dưới 3 tỷ,170,https://muaban.net/tags/mua-ban-nha-quan-10-ho-chi-minh-duoi-3-ty,tag,ban,nha,ho-chi-minh,quan-10-duoi,2,Tags,Tags,,
bán nhà quận 2 dưới 5 tỷ,170,https://muaban.net/bat-dong-san/ban-nha-quan-2-ho-chi-minh,cate,ban,nha,ho-chi-minh,quan-2,6,Mua bán nhà đất,Bán nhà,TPHCM,Quận 2 (TP. Thủ Đức)
bán nhà quận 4 dưới 1 tỷ,170,https://muaban.net/tags/mua-ban-nha-quan-4-ho-chi-minh-duoi-1-ty,tag,ban,nha,ho-chi-minh,quan-4-duoi,9,Tags,Tags,,
bán nhà quận 6 dưới 5 tỷ,170,https://muaban.net/tags/mua-ban-nha-quan-6-ho-chi-minh-duoi-5-ty,tag,ban,nha,ho-chi-minh,quan-6-duoi,3,Tags,Tags,,
bán nhà quận 8 dưới 2 tỷ,170,https://muaban.net/tags/mua-ban-nha-quan-8-ho-chi-minh-duoi-2-ty,tag,ban,nha,ho-chi-minh,quan-8-duoi,3,Tags,Tags,,
bán nhà quận 8 dưới 4 tỷ,170,https://muaban.net/tags/mua-ban-nha-quan-8-ho-chi-minh-duoi-4-ty,tag,ban,nha,ho-chi-minh,quan-8-duoi,4,Tags,Tags,,
bán nhà quận 8 giá 700 triệu,170,https://muaban.net/bat-dong-san/ban-nha-quan-8-ho-chi-minh,cate,ban,nha,ho-chi-minh,quan-8,8,Mua bán nhà đất,Bán nhà,TPHCM,Quận 8
bán nhà quận phú nhuận dưới 3 tỷ,170,https://muaban.net/bat-dong-san/ban-nha-quan-phu-nhuan-ho-chi-minh,cate,ban,nha,ho-chi-minh,quan-phu-nhuan,5,Mua bán nhà đất,Bán nhà,TPHCM,Quận Phú Nhuận
bán nhà riêng cấp 4 củ chi giá rẻ,170,https://muaban.net/tags/ban-nha-cap-4-huyen-cu-chi-ho-chi-minh,tag,ban,nha,ho-chi-minh,huyen-cu-chi,7,Tags,Tags,,
bán nhà thủ đức dưới 1 tỷ,170,https://muaban.net/tags/mua-ban-nha-quan-thu-duc-ho-chi-minh-duoi-1-ty,tag,ban,nha,ho-chi-minh,quan-thu-duc,10,Tags,Tags,,
mua bán nhà gò vấp,170,https://muaban.net/bat-dong-san/ban-nha-quan-go-vap-ho-chi-minh,cate,ban,nha,ho-chi-minh,quan-go-vap,4,Mua bán nhà đất,Bán nhà,TPHCM,Quận Gò Vấp
mua bán nhà quận 10 giá 2 đến 3 tỷ,170,https://muaban.net/bat-dong-san/ban-nha-quan-10-ho-chi-minh,cate,ban,nha,ho-chi-minh,quan-10,3,Mua bán nhà đất,Bán nhà,TPHCM,Quận 10
mua bán nhà quận 12,170,https://muaban.net/bat-dong-san/ban-nha-quan-12-ho-chi-minh,cate,ban,nha,ho-chi-minh,quan-12,8,Mua bán nhà đất,Bán nhà,TPHCM,Quận 12
mua nhà quận 12 có sổ hồng riêng,170,https://muaban.net/bat-dong-san/ban-nha-quan-12-ho-chi-minh,cate,ban,nha,ho-chi-minh,quan-12,4,Mua bán nhà đất,Bán nhà,TPHCM,Quận 12
mua nhà thủ đức dưới 2 tỷ mới đăng,170,https://muaban.net/bat-dong-san/ban-nha-quan-thu-duc-ho-chi-minh,cate,ban,nha,ho-chi-minh,quan-thu-duc,9,Mua bán nhà đất,Bán nhà,TPHCM,TP. Thủ Đức
nhà bán phú nhuận,170,https://muaban.net/bat-dong-san/ban-nha-quan-phu-nhuan-ho-chi-minh,cate,ban,nha,ho-chi-minh,quan-phu-nhuan,6,Mua bán nhà đất,Bán nhà,TPHCM,Quận Phú Nhuận
nhà bán quận bình thạnh dưới 1 tỷ,170,https://muaban.net/bat-dong-san/ban-nha-quan-binh-thanh-ho-chi-minh,cate,ban,nha,ho-chi-minh,quan-binh-thanh,4,Mua bán nhà đất,Bán nhà,TPHCM,Quận Bình Thạnh
nhà bán quận tân bình,170,https://muaban.net/bat-dong-san/ban-nha-quan-tan-binh-ho-chi-minh,cate,ban,nha,ho-chi-minh,quan-tan-binh,6,Mua bán nhà đất,Bán nhà,TPHCM,Quận Tân Bình
bán nhà bình chánh dưới 1 tỷ,150,https://muaban.net/tags/mua-ban-nha-huyen-binh-chanh-ho-chi-minh-duoi-1-ty,tag,ban,nha,ho-chi-minh,huyen-binh-chanh,5,Tags,Tags,,
bán nhà cấp 4 rẻ hóc môn giá 200 triệu,150,https://muaban.net/tags/mua-ban-nha-huyen-hoc-mon-ho-chi-minh-300-trieu,tag,ban,nha,ho-chi-minh,huyen-hoc-mon,7,Tags,Tags,,
bán nhà tân thới nhất quận 12,150,https://muaban.net/bat-dong-san/ban-nha-phuong-tan-thoi-nhat-quan-12-ho-chi-minh,cate,ban,nha,ho-chi-minh,quan-12,6,Mua bán nhà đất,Bán nhà,,
cần bán nhà quận 7 giá rẻ,150,https://muaban.net/bat-dong-san/ban-nha-quan-7-ho-chi-minh,cate,ban,nha,ho-chi-minh,quan-7,5,Mua bán nhà đất,Bán nhà,TPHCM,Quận 7
mua ban nha quan 9 gia 600-800tr,150,https://muaban.net/tags/mua-ban-nha-quan-9-ho-chi-minh-tu-600-den-800-trieu,tag,ban,nha,ho-chi-minh,quan-9-tu,8,Tags,Tags,,
mua nha go vap gia 700 trieu,150,https://muaban.net/tags/mua-ban-nha-quan-go-vap-ho-chi-minh-duoi-700-trieu,tag,ban,nha,ho-chi-minh,quan-go-vap,5,Tags,Tags,,
nhà bán quận 8 dưới 800 triệu,150,https://muaban.net/tags/mua-ban-nha-quan-8-ho-chi-minh-duoi-800-trieu,tag,ban,nha,ho-chi-minh,quan-8-duoi,4,Tags,Tags,,
nhà nha be duoi 500 trieu,150,https://muaban.net/tags/mua-ban-nha-huyen-nha-be-ho-chi-minh-duoi-500-trieu,tag,ban,nha,ho-chi-minh,huyen-nha-be,4,Tags,Tags,,
Bán nhà Gò Vấp dưới 5 tỷ,140,https://muaban.net/tags/ban-nha-quan-go-vap-ho-chi-minh-duoi-5-ty,tag,ban,nha,ho-chi-minh,quan-go-vap,10,Tags,Tags,,
Bán nhà quận 4 dưới 2 tỷ,140,https://muaban.net/tags/mua-ban-nha-quan-4-ho-chi-minh-duoi-2-ty,tag,ban,nha,ho-chi-minh,quan-4-duoi,9,Tags,Tags,,
Bán nhà quận Bình Thạnh từ 3 đến 4 tỷ,140,https://muaban.net/tags/mua-ban-nha-quan-binh-thanh-ho-chi-minh-gia-tu-3-ty-den-4-ty,tag,ban,nha,ho-chi-minh,quan-binh-thanh,2,Tags,Tags,,
Bán nhà quận Phú Nhuận dưới 10 tỷ,140,https://muaban.net/tags/mua-ban-nha-quan-phu-nhuan-ho-chi-minh-duoi-10-ty,tag,ban,nha,ho-chi-minh,quan-phu-nhuan,5,Tags,Tags,,
Bán nhà quận tân bình giá dưới 5 tỷ,140,https://muaban.net/tags/mua-ban-nha-quan-tan-binh-ho-chi-minh-duoi-5-ty,tag,ban,nha,ho-chi-minh,quan-tan-binh,5,Tags,Tags,,
Mua nhà Hóc Môn dưới 500 triệu,140,https://muaban.net/tags/mua-ban-nha-huyen-hoc-mon-ho-chi-minh-duoi-500-trieu,tag,ban,nha,ho-chi-minh,huyen-hoc-mon,3,Tags,Tags,,
Nhà Củ Chi dưới 500 triệu,140,https://muaban.net/tags/mua-ban-nha-huyen-cu-chi-ho-chi-minh-duoi-500-trieu,tag,ban,nha,ho-chi-minh,huyen-cu-chi,4,Tags,Tags,,
Nhà bán Quận Bình Tân dưới 700 triệu,140,https://muaban.net/tags/mua-ban-nha-quan-binh-tan-ho-chi-minh-duoi-700-trieu,tag,ban,nha,ho-chi-minh,quan-binh-tan,3,Tags,Tags,,
Nhà bán Quận Tân Phú dưới 4 tỷ,140,https://muaban.net/tags/mua-ban-nha-quan-tan-phu-ho-chi-minh-duoi-4-ty,tag,ban,nha,ho-chi-minh,quan-tan-phu,4,Tags,Tags,,
bán nhà củ chi dưới 1 tỷ,140,https://muaban.net/bat-dong-san/ban-nha-huyen-cu-chi-ho-chi-minh,cate,ban,nha,ho-chi-minh,huyen-cu-chi,7,Mua bán nhà đất,Bán nhà,TPHCM,Huyện Củ Chi
bán nhà phường 21 quận bình thạnh,140,https://muaban.net/bat-dong-san/ban-nha-phuong-21-quan-binh-thanh-ho-chi-minh,cate,ban,nha,ho-chi-minh,quan-binh-thanh,9,Cho thuê nhà đất,Bán nhà,Hà Nội,
bán nhà phường 22 quận bình thạnh,140,https://muaban.net/bat-dong-san/ban-nha-phuong-22-quan-binh-thanh-ho-chi-minh,cate,ban,nha,ho-chi-minh,quan-binh-thanh,6,Bất động sản,Bán nhà,Nam Định,
bán nhà phường phú mỹ,140,https://muaban.net/bat-dong-san/ban-nha-phuong-phu-my-quan-7-ho-chi-minh,cate,ban,nha,ho-chi-minh,quan-7,ngoai top 30,Mua bán nhà đất,Bán nhà,TPHCM,Quận Gò Vấp
bán nhà phường thạnh lộc quận 12,140,https://muaban.net/bat-dong-san/ban-nha-phuong-thanh-loc-quan-12-ho-chi-minh,cate,ban,nha,ho-chi-minh,quan-12,10,Mua bán nhà đất,Bán nhà,TPHCM,Quận 9 (TP. Thủ Đức)
bán nhà quận 10 dưới 10 tỷ,140,https://muaban.net/tags/mua-ban-nha-quan-10-ho-chi-minh-duoi-10-ty,tag,ban,nha,ho-chi-minh,quan-10-duoi,3,Tags,Tags,,
bán nhà quận 11 dưới 2 tỷ mới nhất,140,https://muaban.net/bat-dong-san/ban-nha-quan-11-ho-chi-minh,cate,ban,nha,ho-chi-minh,quan-11,3,Mua bán nhà đất,Bán nhà,TPHCM,Quận 11
bán nhà quận 11 dưới 3 tỷ,140,https://muaban.net/tags/mua-ban-nha-quan-11-ho-chi-minh-duoi-3-ty,tag,ban,nha,ho-chi-minh,quan-11-duoi,3,Tags,Tags,,
bán nhà quận 12 dưới 600 triệu,140,https://muaban.net/tags/mua-ban-nha-quan-12-ho-chi-minh-duoi-600-trieu,tag,ban,nha,ho-chi-minh,quan-12-duoi,7,Tags,Tags,,
bán nhà quận 4 dưới 3 tỷ,140,https://muaban.net/tags/mua-ban-nha-quan-4-ho-chi-minh-duoi-3-ty,tag,ban,nha,ho-chi-minh,quan-4-duoi,9,Tags,Tags,,
bán nhà quận gò vấp dưới 2 tỷ,140,https://muaban.net/tags/mua-ban-nha-quan-go-vap-ho-chi-minh-duoi-2-ty,tag,ban,nha,ho-chi-minh,quan-go-vap,3,Tags,Tags,,
bán nhà riêng cấp 4 giá rẻ ở củ chi,140,https://muaban.net/bat-dong-san/ban-nha-huyen-cu-chi-ho-chi-minh,cate,ban,nha,ho-chi-minh,huyen-cu-chi,6,Mua bán nhà đất,Bán nhà,TPHCM,Huyện Củ Chi
mua bán nhà quận 7,140,https://muaban.net/bat-dong-san/ban-nha-quan-7-ho-chi-minh,cate,ban,nha,ho-chi-minh,quan-7,5,Mua bán nhà đất,Bán nhà,TPHCM,Quận 7
mua bán nhà quận 8,140,https://muaban.net/bat-dong-san/ban-nha-quan-8-ho-chi-minh,cate,ban,nha,ho-chi-minh,quan-8,5,Mua bán nhà đất,Bán nhà,TPHCM,Quận 8
mua bán nhà tại tân phú,140,https://muaban.net/bat-dong-san/ban-nha-quan-tan-phu-ho-chi-minh,cate,ban,nha,ho-chi-minh,quan-tan-phu,8,Mua bán nhà đất,Bán nhà,TPHCM,Quận Tân Phú
mua nhà huyện nhà bè dưới 1 tỷ,140,https://muaban.net/tags/mua-ban-nha-huyen-nha-be-ho-chi-minh-duoi-1-ty,tag,ban,nha,ho-chi-minh,huyen-nha-be,3,Tags,Tags,,
mua nhà quận 6 dưới 3 tỷ,140,https://muaban.net/tags/mua-ban-nha-quan-6-ho-chi-minh-duoi-3-ty,tag,ban,nha,ho-chi-minh,quan-6-duoi,3,Tags,Tags,,
mua nhà quận 7 giá 1 tỷ,140,https://muaban.net/bat-dong-san/ban-nha-quan-7-ho-chi-minh,cate,ban,nha,ho-chi-minh,quan-7,3,Mua bán nhà đất,Bán nhà,TPHCM,Quận 7
mua đất nhà bè,140,https://muaban.net/bat-dong-san/ban-dat-huyen-nha-be-ho-chi-minh,cate,ban,nha,ho-chi-minh,huyen-nha-be,3,Mua bán nhà đất,Bán đất,TPHCM,Huyện Nhà Bè
nhà bán quận tân phú dưới 2 tỷ mới nhất,140,https://muaban.net/bat-dong-san/ban-nha-quan-tan-phu-ho-chi-minh,cate,ban,nha,ho-chi-minh,quan-tan-phu,3,Mua bán nhà đất,Bán nhà,TPHCM,Quận Tân Phú
nhà bán tphcm,140,https://muaban.net/bat-dong-san/ban-nha-ho-chi-minh,cate,ban,nha,ho-chi-minh,,7,Mua bán nhà đất,Bán nhà,TPHCM,
Bán nhà Bình Chánh dưới 2 tỷ,110,https://muaban.net/tags/mua-ban-nha-huyen-binh-chanh-ho-chi-minh-duoi-2-ty,tag,ban,nha,ho-chi-minh,huyen-binh-chanh,2,Tags,Tags,,
Bán nhà Quận 5 từ 1 tỷ đến 2 tỷ,110,https://muaban.net/tags/mua-ban-nha-quan-5-ho-chi-minh-tu-1-den-2-ty,tag,ban,nha,ho-chi-minh,quan-5-tu,3,Tags,Tags,,
Bán nhà huyện Hóc Môn dưới 1 tỷ,110,https://muaban.net/tags/mua-ban-nha-huyen-hoc-mon-ho-chi-minh-duoi-1-ty,tag,ban,nha,ho-chi-minh,huyen-hoc-mon,2,Tags,Tags,,
Bán nhà quận 2 giá dưới 3 tỷ,110,https://muaban.net/tags/mua-ban-nha-quan-2-ho-chi-minh-duoi-3-ty,tag,ban,nha,ho-chi-minh,quan-2-duoi,2,Tags,Tags,,
Bán nhà quận 5 dưới 2 tỷ,110,https://muaban.net/tags/mua-ban-nha-quan-5-ho-chi-minh-duoi-2-ty,tag,ban,nha,ho-chi-minh,quan-5-duoi,2,Tags,Tags,,
Bán nhà quận Bình Tân từ 1 đến 2 tỷ,110,https://muaban.net/tags/mua-ban-nha-quan-binh-tan-ho-chi-minh-gia-tu-1-ty-den-2-ty,tag,ban,nha,ho-chi-minh,quan-binh-tan,3,Tags,Tags,,
Bán nhà quận phú nhuận dưới 5 tỷ,110,https://muaban.net/tags/mua-ban-nha-quan-phu-nhuan-ho-chi-minh-duoi-5-ty,tag,ban,nha,ho-chi-minh,quan-phu-nhuan,7,Tags,Tags,,
Mua nhà ở Bình Chánh 800 triệu,110,https://muaban.net/tags/mua-ban-nha-huyen-binh-chanh-ho-chi-minh-800-trieu,tag,ban,nha,ho-chi-minh,huyen-binh-chanh,2,Tags,Tags,,
ban dat huyen nha be,110,https://muaban.net/bat-dong-san/ban-nha-huyen-nha-be-ho-chi-minh,cate,ban,nha,ho-chi-minh,huyen-nha-be,3,Mua bán nhà đất,Bán nhà,TPHCM,Huyện Nhà Bè
ban nha hoc mon gia 200 trieu,110,https://muaban.net/bat-dong-san/ban-nha-huyen-hoc-mon-ho-chi-minh,cate,ban,nha,ho-chi-minh,huyen-hoc-mon,8,Mua bán nhà đất,Bán nhà,TPHCM,Huyện Hóc Môn
ban nha quan 5 duoi 3 ty,110,https://muaban.net/bat-dong-san/ban-nha-quan-5-ho-chi-minh,cate,ban,nha,ho-chi-minh,quan-5,2,Mua bán nhà đất,Bán nhà,TPHCM,Quận 5
ban nha quan 9 gia 600 800tr,110,https://muaban.net/bat-dong-san/ban-nha-quan-9-ho-chi-minh,cate,ban,nha,ho-chi-minh,quan-9,9,Mua bán nhà đất,Bán nhà,TPHCM,Quận 9 (TP. Thủ Đức)
ban nha rieng quan 11,110,https://muaban.net/bat-dong-san/ban-nha-quan-11-ho-chi-minh,cate,ban,nha,ho-chi-minh,quan-11,7,Mua bán nhà đất,Bán nhà,TPHCM,Quận 11
ban nha tan binh duoi 2 ty,110,https://muaban.net/bat-dong-san/ban-nha-quan-tan-binh-ho-chi-minh,cate,ban,nha,ho-chi-minh,quan-tan-binh,3,Mua bán nhà đất,Bán nhà,TPHCM,Quận Tân Bình
bán nhà bình chánh giá dưới 2 tỷ,110,https://muaban.net/bat-dong-san/ban-nha-huyen-binh-chanh-ho-chi-minh,cate,ban,nha,ho-chi-minh,huyen-binh-chanh,3,Mua bán nhà đất,Bán nhà,TPHCM,Huyện Bình Chánh
bán nhà chính chủ hóc môn,110,https://muaban.net/bat-dong-san/ban-nha-huyen-hoc-mon-ho-chi-minh,cate,ban,nha,ho-chi-minh,huyen-hoc-mon,2,Mua bán nhà đất,Bán nhà,TPHCM,Huyện Hóc Môn
bán nhà chính chủ quận tân phú,110,https://muaban.net/bat-dong-san/ban-nha-quan-tan-phu-ho-chi-minh,cate,ban,nha,ho-chi-minh,quan-tan-phu,1,Mua bán nhà đất,Bán nhà,TPHCM,Quận Tân Phú
bán nhà chính chủ tphcm,110,https://muaban.net/bat-dong-san/ban-nha-ho-chi-minh,cate,ban,nha,ho-chi-minh,,5,Mua bán nhà đất,Bán nhà,TPHCM,
bán nhà cấp 4 quận 7,110,https://muaban.net/bat-dong-san/ban-nha-quan-7-ho-chi-minh,cate,ban,nha,ho-chi-minh,quan-7,7,Mua bán nhà đất,Bán nhà,TPHCM,Quận 7
bán nhà cấp 4 quận bình thạnh,110,https://muaban.net/bat-dong-san/ban-nha-quan-binh-thanh-ho-chi-minh,cate,ban,nha,ho-chi-minh,quan-binh-thanh,4,Mua bán nhà đất,Bán nhà,TPHCM,Quận Bình Thạnh
bán nhà gò vấp có hình,110,https://muaban.net/bat-dong-san/ban-nha-quan-go-vap-ho-chi-minh,cate,ban,nha,ho-chi-minh,quan-go-vap,6,Mua bán nhà đất,Bán nhà,TPHCM,Quận Gò Vấp
bán nhà huyện bình chánh dưới 1 tỷ,110,https://muaban.net/tags/mua-ban-nha-huyen-binh-chanh-ho-chi-minh-duoi-1-ty,tag,ban,nha,ho-chi-minh,huyen-binh-chanh,3,Tags,Tags,,
bán nhà huyện nhà bè,110,https://muaban.net/bat-dong-san/ban-nha-huyen-nha-be-ho-chi-minh,cate,ban,nha,ho-chi-minh,huyen-nha-be,7,Mua bán nhà đất,Bán nhà,TPHCM,Huyện Nhà Bè
bán nhà huyện nhà bè dưới 3 tỷ,110,https://muaban.net/tags/mua-ban-nha-huyen-nha-be-ho-chi-minh-duoi-3-ty,tag,ban,nha,ho-chi-minh,huyen-nha-be,3,Tags,Tags,,
bán nhà nhà be dưới 2 tỷ,110,https://muaban.net/bat-dong-san/ban-nha-huyen-nha-be-ho-chi-minh,cate,ban,nha,ho-chi-minh,huyen-nha-be,6,Mua bán nhà đất,Bán nhà,TPHCM,Huyện Nhà Bè
bán nhà phường thạnh xuân quận 12,110,https://muaban.net/bat-dong-san/ban-nha-phuong-thanh-xuan-quan-12-ho-chi-minh,cate,ban,nha,ho-chi-minh,quan-12,ngoai top 30,Mua bán nhà đất,Bán nhà,TPHCM,Quận Tân Bình
bán nhà phường tân chánh hiệp quận 12,110,https://muaban.net/bat-dong-san/ban-nha-phuong-tan-chanh-hiep-quan-12-ho-chi-minh,cate,ban,nha,ho-chi-minh,quan-12,7,Mua bán nhà đất,Bán nhà,TPHCM,Quận 8
bán nhà q bình thạnh,110,https://muaban.net/bat-dong-san/ban-nha-quan-binh-thanh-ho-chi-minh,cate,ban,nha,ho-chi-minh,quan-binh-thanh,9,Mua bán nhà đất,Bán nhà,TPHCM,Quận Bình Thạnh
bán nhà q tân phú,110,https://muaban.net/bat-dong-san/ban-nha-quan-tan-phu-ho-chi-minh,cate,ban,nha,ho-chi-minh,quan-tan-phu,4,Mua bán nhà đất,Bán nhà,TPHCM,Quận Tân Phú
bán nhà quận 10 dưới 1 tỷ,110,https://muaban.net/tags/mua-ban-nha-quan-10-ho-chi-minh-duoi-1-ty,tag,ban,nha,ho-chi-minh,quan-10-duoi,6,Tags,Tags,,
bán nhà quận 12 dưới 3 tỷ,110,https://muaban.net/tags/mua-ban-nha-quan-12-ho-chi-minh-duoi-3-ty,tag,ban,nha,ho-chi-minh,quan-12-duoi,3,Tags,Tags,,
bán nhà quận 12 giá rẻ 700 triệu,110,https://muaban.net/bat-dong-san/ban-nha-quan-12-ho-chi-minh,cate,ban,nha,ho-chi-minh,quan-12,5,Mua bán nhà đất,Bán nhà,TPHCM,Quận 12
bán nhà quận 2 dưới 3 tỷ,110,https://muaban.net/bat-dong-san/ban-nha-quan-2-ho-chi-minh,cate,ban,nha,ho-chi-minh,quan-2,2,Mua bán nhà đất,Bán nhà,TPHCM,Quận 2 (TP. Thủ Đức)
bán nhà quận 2 giá rẻ,110,https://muaban.net/bat-dong-san/ban-nha-quan-2-ho-chi-minh,cate,ban,nha,ho-chi-minh,quan-2,4,Mua bán nhà đất,Bán nhà,TPHCM,Quận 2 (TP. Thủ Đức)
bán nhà quận 6 chính chủ,110,https://muaban.net/bat-dong-san/ban-nha-quan-6-ho-chi-minh,cate,ban,nha,ho-chi-minh,quan-6,5,Mua bán nhà đất,Bán nhà,TPHCM,Quận 6
bán nhà quận 6 giá 2 tỷ,110,https://muaban.net/bat-dong-san/ban-nha-quan-6-ho-chi-minh,cate,ban,nha,ho-chi-minh,quan-6,3,Mua bán nhà đất,Bán nhà,TPHCM,Quận 6
bán nhà quận 6 từ 1 tỷ đến 2 tỷ,110,https://muaban.net/bat-dong-san/ban-nha-quan-6-ho-chi-minh,cate,ban,nha,ho-chi-minh,quan-6,3,Mua bán nhà đất,Bán nhà,TPHCM,Quận 6
bán nhà quận 7 dưới 2 tỷ,110,https://muaban.net/bat-dong-san/ban-nha-quan-7-ho-chi-minh,cate,ban,nha,ho-chi-minh,quan-7,3,Mua bán nhà đất,Bán nhà,TPHCM,Quận 7
bán nhà quận 8 chính chủ,110,https://muaban.net/bat-dong-san/ban-nha-quan-8-ho-chi-minh,cate,ban,nha,ho-chi-minh,quan-8,3,Mua bán nhà đất,Bán nhà,TPHCM,Quận 8
bán nhà quận 9 dưới 2 tỷ,110,https://muaban.net/tags/mua-ban-nha-quan-9-ho-chi-minh-duoi-2-ty,tag,ban,nha,ho-chi-minh,quan-9-duoi,4,Tags,Tags,,
bán nhà quận 9 dưới 3 tỷ,110,https://muaban.net/tags/mua-ban-nha-quan-9-ho-chi-minh-duoi-3-ty,tag,ban,nha,ho-chi-minh,quan-9-duoi,5,Tags,Tags,,
bán nhà quận gò vấp dưới 3 tỷ,110,https://muaban.net/tags/mua-ban-nha-quan-go-vap-ho-chi-minh-duoi-3-ty,tag,ban,nha,ho-chi-minh,quan-go-vap,3,Tags,Tags,,
bán nhà quận gò vấp giá dưới 2 tỷ,110,https://muaban.net/bat-dong-san/ban-nha-quan-go-vap-ho-chi-minh,cate,ban,nha,ho-chi-minh,quan-go-vap,3,Mua bán nhà đất,Bán nhà,TPHCM,Quận Gò Vấp
bán nhà quận phú nhuận dưới 2 tỷ,110,https://muaban.net/tags/mua-ban-nha-quan-phu-nhuan-ho-chi-minh-duoi-2-ty,tag,ban,nha,ho-chi-minh,quan-phu-nhuan,3,Tags,Tags,,
bán nhà quận tân bình giá 5 tỷ,110,https://muaban.net/bat-dong-san/ban-nha-quan-tan-binh-ho-chi-minh,cate,ban,nha,ho-chi-minh,quan-tan-binh,5,Mua bán nhà đất,Bán nhà,TPHCM,Quận Tân Bình
bán nhà quận tân phú giá dưới 2 tỷ,110,https://muaban.net/bat-dong-san/ban-nha-quan-tan-phu-ho-chi-minh,cate,ban,nha,ho-chi-minh,quan-tan-phu,3,Mua bán nhà đất,Bán nhà,TPHCM,Quận Tân Phú
bán nhà riêng tại quận 8,110,https://muaban.net/bat-dong-san/ban-nha-quan-8-ho-chi-minh,cate,ban,nha,ho-chi-minh,quan-8,5,Mua bán nhà đất,Bán nhà,TPHCM,Quận 8
mua ban nha o tan phu,110,https://muaban.net/bat-dong-san/ban-nha-quan-tan-phu-ho-chi-minh,cate,ban,nha,ho-chi-minh,quan-tan-phu,4,Mua bán nhà đất,Bán nhà,TPHCM,Quận Tân Phú
mua ban nha tan phu,110,https://muaban.net/bat-dong-san/ban-nha-quan-tan-phu-ho-chi-minh,cate,ban,nha,ho-chi-minh,quan-tan-phu,4,Mua bán nhà đất,Bán nhà,TPHCM,Quận Tân Phú
mua bán nhà bình chánh,110,https://muaban.net/bat-dong-san/ban-nha-huyen-binh-chanh-ho-chi-minh,cate,ban,nha,ho-chi-minh,huyen-binh-chanh,9,Mua bán nhà đất,Bán nhà,TPHCM,Huyện Bình Chánh
mua bán nhà quận 11,110,https://muaban.net/bat-dong-san/ban-nha-quan-11-ho-chi-minh,cate,ban,nha,ho-chi-minh,quan-11,5,Mua bán nhà đất,Bán nhà,TPHCM,Quận 11
mua bán nhà quận 12 dưới 2 tỷ,110,https://muaban.net/tags/mua-ban-nha-quan-12-ho-chi-minh-duoi-2-ty,tag,ban,nha,ho-chi-minh,quan-12-duoi,3,Tags,Tags,,
mua bán nhà quận 7 dưới 2 tỷ,110,https://muaban.net/bat-dong-san/ban-nha-quan-7-ho-chi-minh,cate,ban,nha,ho-chi-minh,quan-7,3,Mua bán nhà đất,Bán nhà,TPHCM,Quận 7
mua bán nhà quận bình thạnh,110,https://muaban.net/bat-dong-san/ban-nha-quan-binh-thanh-ho-chi-minh,cate,ban,nha,ho-chi-minh,quan-binh-thanh,5,Mua bán nhà đất,Bán nhà,TPHCM,Quận Bình Thạnh
mua bán nhà quận bình tân,110,https://muaban.net/bat-dong-san/ban-nha-quan-binh-tan-ho-chi-minh,cate,ban,nha,ho-chi-minh,quan-binh-tan,5,Mua bán nhà đất,Bán nhà,TPHCM,Quận Bình Tân
mua nha quan 2 duoi 2 ty,110,https://muaban.net/bat-dong-san/ban-nha-quan-2-ho-chi-minh,cate,ban,nha,ho-chi-minh,quan-2,2,Mua bán nhà đất,Bán nhà,TPHCM,Quận 2 (TP. Thủ Đức)
mua nha quan 7 duoi 1 ty,110,https://muaban.net/bat-dong-san/ban-nha-quan-7-ho-chi-minh,cate,ban,nha,ho-chi-minh,quan-7,3,Mua bán nhà đất,Bán nhà,TPHCM,Quận 7
mua nha tra gop gia re quan 12,110,https://muaban.net/bat-dong-san/ban-nha-quan-12-ho-chi-minh,cate,ban,nha,ho-chi-minh,quan-12,12,Mua bán nhà đất,Bán nhà,TPHCM,Quận 12
mua nhà dưới 3 tỷ tphcm,110,https://muaban.net/tags/mua-ban-nha-ho-chi-minh-duoi-3-ty,tag,ban,nha,ho-chi-minh,,10,Tags,Tags,,
mua nhà nhà bè dưới 1 tỷ,110,https://muaban.net/bat-dong-san/ban-nha-huyen-nha-be-ho-chi-minh,cate,ban,nha,ho-chi-minh,huyen-nha-be,6,Mua bán nhà đất,Bán nhà,TPHCM,Huyện Nhà Bè
nha ban duoi 2 ty quan binh thanh,110,https://muaban.net/bat-dong-san/ban-nha-quan-binh-thanh-ho-chi-minh,cate,ban,nha,ho-chi-minh,quan-binh-thanh,5,Mua bán nhà đất,Bán nhà,TPHCM,Quận Bình Thạnh
nha ban duoi 2 ty quan phu nhuan,110,https://muaban.net/bat-dong-san/ban-nha-quan-phu-nhuan-ho-chi-minh,cate,ban,nha,ho-chi-minh,quan-phu-nhuan,3,Mua bán nhà đất,Bán nhà,TPHCM,Quận Phú Nhuận
nha ban go vap duoi 2 ty,110,https://muaban.net/bat-dong-san/ban-nha-quan-go-vap-ho-chi-minh,cate,ban,nha,ho-chi-minh,quan-go-vap,4,Mua bán nhà đất,Bán nhà,TPHCM,Quận Gò Vấp
nha ban hoc mon,110,https://muaban.net/bat-dong-san/ban-nha-huyen-hoc-mon-ho-chi-minh,cate,ban,nha,ho-chi-minh,huyen-hoc-mon,3,Mua bán nhà đất,Bán nhà,TPHCM,Huyện Hóc Môn
nha ban quan 10 duoi 2 ty,110,https://muaban.net/bat-dong-san/ban-nha-quan-10-ho-chi-minh,cate,ban,nha,ho-chi-minh,quan-10,1,Mua bán nhà đất,Bán nhà,TPHCM,Quận 10
nha ban quan 11 co hinh,110,https://muaban.net/bat-dong-san/ban-nha-quan-11-ho-chi-minh,cate,ban,nha,ho-chi-minh,quan-11,6,Mua bán nhà đất,Bán nhà,TPHCM,Quận 11
nha ban quan 12 gia re,110,https://muaban.net/bat-dong-san/ban-nha-quan-12-ho-chi-minh,cate,ban,nha,ho-chi-minh,quan-12,6,Mua bán nhà đất,Bán nhà,TPHCM,Quận 12
nha ban quan binh tan duoi 700 trieu,110,https://muaban.net/bat-dong-san/ban-nha-quan-binh-tan-ho-chi-minh,cate,ban,nha,ho-chi-minh,quan-binh-tan,5,Mua bán nhà đất,Bán nhà,TPHCM,Quận Bình Tân
nha ban quan go vap co hinh,110,https://muaban.net/bat-dong-san/ban-nha-quan-go-vap-ho-chi-minh,cate,ban,nha,ho-chi-minh,quan-go-vap,4,Mua bán nhà đất,Bán nhà,TPHCM,Quận Gò Vấp
nha ban quan go vap duoi 800 trieu,110,https://muaban.net/bat-dong-san/ban-nha-quan-go-vap-ho-chi-minh,cate,ban,nha,ho-chi-minh,quan-go-vap,5,Mua bán nhà đất,Bán nhà,TPHCM,Quận Gò Vấp
nhà bán bình chánh giá rẻ,110,https://muaban.net/bat-dong-san/ban-nha-huyen-binh-chanh-ho-chi-minh,cate,ban,nha,ho-chi-minh,huyen-binh-chanh,9,Mua bán nhà đất,Bán nhà,TPHCM,Huyện Bình Chánh
nhà bán bình tân từ 1 tỷ đến 2 tỷ,110,https://muaban.net/bat-dong-san/ban-nha-quan-binh-tan-ho-chi-minh,cate,ban,nha,ho-chi-minh,quan-binh-tan,3,Mua bán nhà đất,Bán nhà,TPHCM,Quận Bình Tân
nhà bán bình tân từ 1ty đến 2 tỷ,110,https://muaban.net/bat-dong-san/ban-nha-quan-binh-tan-ho-chi-minh,cate,ban,nha,ho-chi-minh,quan-binh-tan,3,Mua bán nhà đất,Bán nhà,TPHCM,Quận Bình Tân
nhà bán dưới 1 tỷ quận 6,110,https://muaban.net/bat-dong-san/ban-nha-quan-6-ho-chi-minh,cate,ban,nha,ho-chi-minh,quan-6,4,Mua bán nhà đất,Bán nhà,TPHCM,Quận 6
nhà bán dưới 1 tỷ quận gò vấp,110,https://muaban.net/bat-dong-san/ban-nha-quan-go-vap-ho-chi-minh,cate,ban,nha,ho-chi-minh,quan-go-vap,3,Mua bán nhà đất,Bán nhà,TPHCM,Quận Gò Vấp
nhà bán dưới 1 tỷ quận tân bình,110,https://muaban.net/bat-dong-san/ban-nha-quan-tan-binh-ho-chi-minh,cate,ban,nha,ho-chi-minh,quan-tan-binh,7,Mua bán nhà đất,Bán nhà,TPHCM,Quận Tân Bình
nhà bán nhà bè,110,https://muaban.net/bat-dong-san/ban-nha-huyen-nha-be-ho-chi-minh,cate,ban,nha,ho-chi-minh,huyen-nha-be,10,Mua bán nhà đất,Bán nhà,TPHCM,Huyện Nhà Bè
nhà bán quận 4 dưới 2 tỷ,110,https://muaban.net/bat-dong-san/ban-nha-quan-4-ho-chi-minh,cate,ban,nha,ho-chi-minh,quan-4,7,Mua bán nhà đất,Bán nhà,TPHCM,Quận 4
nhà bán quận 8 giá rẻ,110,https://muaban.net/bat-dong-san/ban-nha-quan-8-ho-chi-minh,cate,ban,nha,ho-chi-minh,quan-8,3,Mua bán nhà đất,Bán nhà,TPHCM,Quận 8
nhà bán quận 9,110,https://muaban.net/bat-dong-san/ban-nha-quan-9-ho-chi-minh,cate,ban,nha,ho-chi-minh,quan-9,11,Mua bán nhà đất,Bán nhà,TPHCM,Quận 9 (TP. Thủ Đức)
nhà bán quận gò vấp,110,https://muaban.net/bat-dong-san/ban-nha-quan-go-vap-ho-chi-minh,cate,ban,nha,ho-chi-minh,quan-go-vap,8,Mua bán nhà đất,Bán nhà,TPHCM,Quận Gò Vấp
nhà bán quận gò vấp dưới 2 tỷ,110,https://muaban.net/bat-dong-san/ban-nha-quan-go-vap-ho-chi-minh,cate,ban,nha,ho-chi-minh,quan-go-vap,3,Mua bán nhà đất,Bán nhà,TPHCM,Quận Gò Vấp
nhà bán quận phú nhuận,110,https://muaban.net/bat-dong-san/ban-nha-quan-phu-nhuan-ho-chi-minh,cate,ban,nha,ho-chi-minh,quan-phu-nhuan,6,Mua bán nhà đất,Bán nhà,TPHCM,Quận Phú Nhuận
nhà bán quận tân phú dưới 5 tỷ,110,https://muaban.net/bat-dong-san/ban-nha-quan-tan-phu-ho-chi-minh,cate,ban,nha,ho-chi-minh,quan-tan-phu,4,Mua bán nhà đất,Bán nhà,TPHCM,Quận Tân Phú
Bán nhà phú nhuận dưới 3 tỷ,100,https://muaban.net/tags/mua-ban-nha-quan-phu-nhuan-ho-chi-minh-duoi-3-ty,tag,ban,nha,ho-chi-minh,quan-phu-nhuan,5,Tags,Tags,,
Bán nhà quận 10 dưới 2 tỷ,100,https://muaban.net/tags/mua-ban-nha-quan-10-ho-chi-minh-duoi-2-ty,tag,ban,nha,ho-chi-minh,quan-10-duoi,1,Tags,Tags,,
Bán nhà quận 5 dưới 1 tỷ,100,https://muaban.net/tags/mua-ban-nha-quan-5-ho-chi-minh-duoi-1-ty,tag,ban,nha,ho-chi-minh,quan-5-duoi,4,Tags,Tags,,
Bán nhà quận 9 dưới 1 tỷ,100,https://muaban.net/tags/mua-ban-nha-quan-9-ho-chi-minh-duoi-1-ty,tag,ban,nha,ho-chi-minh,quan-9-duoi,8,Tags,Tags,,
Bán nhà quận Gò Vấp dưới 4 tỷ,100,https://muaban.net/tags/mua-ban-nha-quan-go-vap-ho-chi-minh-duoi-4-ty,tag,ban,nha,ho-chi-minh,quan-go-vap,3,Tags,Tags,,
Nhà bán phú nhuận dưới 1 tỷ,100,https://muaban.net/tags/mua-ban-nha-quan-phu-nhuan-ho-chi-minh-duoi-1-ty,tag,ban,nha,ho-chi-minh,quan-phu-nhuan,1,Tags,Tags,,
ban nha huyen hoc mon,100,https://muaban.net/bat-dong-san/ban-nha-huyen-hoc-mon-ho-chi-minh,cate,ban,nha,ho-chi-minh,huyen-hoc-mon,5,Mua bán nhà đất,Bán nhà,TPHCM,Huyện Hóc Môn
ban nha quan 9 gia 300 trieu,100,https://muaban.net/bat-dong-san/ban-nha-quan-9-ho-chi-minh,cate,ban,nha,ho-chi-minh,quan-9,4,Mua bán nhà đất,Bán nhà,TPHCM,Quận 9 (TP. Thủ Đức)
ban nha rieng quan 6,100,https://muaban.net/bat-dong-san/ban-nha-quan-6-ho-chi-minh,cate,ban,nha,ho-chi-minh,quan-6,8,Mua bán nhà đất,Bán nhà,TPHCM,Quận 6
bán nhà bình chánh 500 triệu,100,https://muaban.net/bat-dong-san/ban-nha-huyen-binh-chanh-ho-chi-minh,cate,ban,nha,ho-chi-minh,huyen-binh-chanh,4,Mua bán nhà đất,Bán nhà,TPHCM,Huyện Bình Chánh
bán nhà cấp 4 giá rẻ quận 12,100,https://muaban.net/bat-dong-san/ban-nha-quan-12-ho-chi-minh,cate,ban,nha,ho-chi-minh,quan-12,4,Mua bán nhà đất,Bán nhà,TPHCM,Quận 12
bán nhà gò vấp dưới 1 tỷ,100,https://muaban.net/tags/mua-ban-nha-quan-go-vap-ho-chi-minh-duoi-1-ty,tag,ban,nha,ho-chi-minh,quan-go-vap,3,Tags,Tags,,
bán nhà huyện bình chánh,100,https://muaban.net/bat-dong-san/ban-nha-huyen-binh-chanh-ho-chi-minh,cate,ban,nha,ho-chi-minh,huyen-binh-chanh,8,Mua bán nhà đất,Bán nhà,TPHCM,Huyện Bình Chánh
bán nhà huyện củ chi dưới 1 tỷ,100,https://muaban.net/tags/mua-ban-nha-huyen-cu-chi-ho-chi-minh-duoi-1-ty,tag,ban,nha,ho-chi-minh,huyen-cu-chi,12,Tags,Tags,,
bán nhà huyện nhà bè dưới 2 tỷ,100,https://muaban.net/tags/mua-ban-nha-huyen-nha-be-ho-chi-minh-duoi-2-ty,tag,ban,nha,ho-chi-minh,huyen-nha-be,5,Tags,Tags,,
bán nhà lê văn lương,100,https://muaban.net/bat-dong-san/ban-nha-duong-le-van-luong-huyen-nha-be-ho-chi-minh,cate,ban,nha,ho-chi-minh,huyen-nha-be,7,Mua bán nhà đất,Bán nhà,,
bán nhà quận 1 dưới 3 tỷ,100,https://muaban.net/tags/mua-ban-nha-quan-1-ho-chi-minh-duoi-3-ty,tag,ban,nha,ho-chi-minh,quan-1-duoi,3,Tags,Tags,,
bán nhà quận 10 dưới 4 tỷ,100,https://muaban.net/tags/mua-ban-nha-quan-10-ho-chi-minh-duoi-4-ty,tag,ban,nha,ho-chi-minh,quan-10-duoi,3,Tags,Tags,,
bán nhà quận 10 dưới 5 tỷ,100,https://muaban.net/bat-dong-san/ban-nha-quan-10-ho-chi-minh,cate,ban,nha,ho-chi-minh,quan-10,3,Mua bán nhà đất,Bán nhà,TPHCM,Quận 10
bán nhà quận 10 từ 4 đến 5 tỷ,100,https://muaban.net/tags/mua-ban-nha-quan-10-ho-chi-minh-gia-tu-4-den-5-ty,tag,ban,nha,ho-chi-minh,quan-10-gia,3,Tags,Tags,,
bán nhà quận 11 dưới 1 tỷ,100,https://muaban.net/tags/mua-ban-nha-quan-11-ho-chi-minh-duoi-1-ty,tag,ban,nha,ho-chi-minh,quan-11-duoi,1,Tags,Tags,,
bán nhà quận 11 dưới 2 tỷ,100,https://muaban.net/tags/mua-ban-nha-quan-11-ho-chi-minh-duoi-2-ty,tag,ban,nha,ho-chi-minh,quan-11-duoi,3,Tags,Tags,,
bán nhà quận 12 dưới 1 tỷ,100,https://muaban.net/tags/mua-ban-nha-quan-12-ho-chi-minh-duoi-1-ty,tag,ban,nha,ho-chi-minh,quan-12-duoi,4,Tags,Tags,,
bán nhà quận 12 dưới 2 tỷ,100,https://muaban.net/bat-dong-san/ban-nha-quan-12-ho-chi-minh,cate,ban,nha,ho-chi-minh,quan-12,4,Mua bán nhà đất,Bán nhà,TPHCM,Quận 12
bán nhà quận 2 dưới 1 tỷ,100,https://muaban.net/tags/mua-ban-nha-quan-2-ho-chi-minh-duoi-1-ty,tag,ban,nha,ho-chi-minh,quan-2-duoi,3,Tags,Tags,,
bán nhà quận 2 giá 600 triệu,100,https://muaban.net/tags/mua-ban-nha-quan-2-ho-chi-minh-duoi-600-trieu,tag,ban,nha,ho-chi-minh,quan-2-duoi,2,Tags,Tags,,
bán nhà quận 3 dưới 3 tỷ,100,https://muaban.net/tags/mua-ban-nha-quan-3-ho-chi-minh-duoi-3-ty,tag,ban,nha,ho-chi-minh,quan-3-duoi,3,Tags,Tags,,
bán nhà quận 5 dưới 3 tỷ,100,https://muaban.net/tags/mua-ban-nha-quan-5-ho-chi-minh-duoi-3-ty,tag,ban,nha,ho-chi-minh,quan-5-duoi,3,Tags,Tags,,
bán nhà quận 6 dưới 2 tỷ,100,https://muaban.net/tags/mua-ban-nha-quan-6-ho-chi-minh-duoi-2-ty,tag,ban,nha,ho-chi-minh,quan-6-duoi,3,Tags,Tags,,
bán nhà quận 8 dưới 3 tỷ,100,https://muaban.net/tags/mua-ban-nha-quan-8-ho-chi-minh-duoi-3-ty,tag,ban,nha,ho-chi-minh,quan-8-duoi,3,Tags,Tags,,
bán nhà quận bình thạnh duới 1 tỷ,100,https://muaban.net/tags/mua-ban-nha-quan-binh-thanh-ho-chi-minh-duoi-1-ty,tag,ban,nha,ho-chi-minh,quan-binh-thanh,9,Tags,Tags,,
bán nhà quận bình thạnh duới 3 tỷ,100,https://muaban.net/tags/mua-ban-nha-quan-binh-thanh-ho-chi-minh-duoi-3-ty,tag,ban,nha,ho-chi-minh,quan-binh-thanh,3,Tags,Tags,,
bán nhà quận bình thạnh dưới 2 tỷ,100,https://muaban.net/bat-dong-san/ban-nha-quan-binh-thanh-ho-chi-minh,cate,ban,nha,ho-chi-minh,quan-binh-thanh,3,Mua bán nhà đất,Bán nhà,TPHCM,Quận Bình Thạnh
bán nhà quận bình tân dưới 3 tỷ,100,https://muaban.net/tags/mua-ban-nha-quan-binh-tan-ho-chi-minh-gia-3-ty,tag,ban,nha,ho-chi-minh,quan-binh-tan,6,Tags,Tags,,
bán nhà quận gò vấp dưới 1 tỷ,100,https://muaban.net/tags/mua-ban-nha-quan-go-vap-ho-chi-minh-duoi-1-ty,tag,ban,nha,ho-chi-minh,quan-go-vap,3,Tags,Tags,,
bán nhà quận thủ đức,100,https://muaban.net/bat-dong-san/ban-nha-quan-thu-duc-ho-chi-minh,cate,ban,nha,ho-chi-minh,quan-thu-duc,14,Mua bán nhà đất,Bán nhà,TPHCM,TP. Thủ Đức
bán nhà quận tân bình dưới 1 tỷ,100,https://muaban.net/tags/mua-ban-nha-quan-tan-binh-ho-chi-minh-duoi-1-ty,tag,ban,nha,ho-chi-minh,quan-tan-binh,7,Tags,Tags,,
bán nhà quận tân bình giá 3 tỷ,100,https://muaban.net/bat-dong-san/ban-nha-quan-tan-binh-ho-chi-minh,cate,ban,nha,ho-chi-minh,quan-tan-binh,3,Mua bán nhà đất,Bán nhà,TPHCM,Quận Tân Bình
bán nhà quận tân bình giá dưới 1 tỷ,100,https://muaban.net/bat-dong-san/ban-nha-quan-tan-binh-ho-chi-minh,cate,ban,nha,ho-chi-minh,quan-tan-binh,5,Mua bán nhà đất,Bán nhà,TPHCM,Quận Tân Bình
bán nhà quận tân bình giá dưới 3 tỷ,100,https://muaban.net/bat-dong-san/ban-nha-quan-tan-binh-ho-chi-minh,cate,ban,nha,ho-chi-minh,quan-tan-binh,3,Mua bán nhà đất,Bán nhà,TPHCM,Quận Tân Bình
bán nhà quận tân phú giá dưới 3 tỷ,100,https://muaban.net/bat-dong-san/ban-nha-quan-tan-phu-ho-chi-minh,cate,ban,nha,ho-chi-minh,quan-tan-phu,3,Mua bán nhà đất,Bán nhà,TPHCM,Quận Tân Phú
mua ban nha quan thu duc,100,https://muaban.net/bat-dong-san/ban-nha-quan-thu-duc-ho-chi-minh,cate,ban,nha,ho-chi-minh,quan-thu-duc,9,Mua bán nhà đất,Bán nhà,TPHCM,TP. Thủ Đức
mua bán nhà quận 11 dưới 2 tỷ,100,https://muaban.net/bat-dong-san/ban-nha-quan-11-ho-chi-minh,cate,ban,nha,ho-chi-minh,quan-11,3,Mua bán nhà đất,Bán nhà,TPHCM,Quận 11
mua bán nhà quận 8 dưới 2 tỷ,100,https://muaban.net/bat-dong-san/ban-nha-quan-8-ho-chi-minh,cate,ban,nha,ho-chi-minh,quan-8,3,Mua bán nhà đất,Bán nhà,TPHCM,Quận 8
mua bán nhà quận 9 dưới 2 tỷ,100,https://muaban.net/bat-dong-san/ban-nha-quan-9-ho-chi-minh,cate,ban,nha,ho-chi-minh,quan-9,3,Mua bán nhà đất,Bán nhà,TPHCM,Quận 9 (TP. Thủ Đức)
mua bán nhà quận tân bình dưới 3 tỷ,100,https://muaban.net/bat-dong-san/ban-nha-quan-tan-binh-ho-chi-minh,cate,ban,nha,ho-chi-minh,quan-tan-binh,3,Mua bán nhà đất,Bán nhà,TPHCM,Quận Tân Bình
mua nhà giá khoảng 400 triệu ở tphcm,100,https://muaban.net/tags/mua-ban-nha-ho-chi-minh-gia-400-trieu,tag,ban,nha,ho-chi-minh,,1,Tags,Tags,,
mua nhà quận thủ đức,100,https://muaban.net/bat-dong-san/ban-nha-quan-thu-duc-ho-chi-minh,cate,ban,nha,ho-chi-minh,quan-thu-duc,8,Mua bán nhà đất,Bán nhà,TPHCM,TP. Thủ Đức
nha ban quan 12 gia 500tr,100,https://muaban.net/bat-dong-san/ban-nha-quan-12-ho-chi-minh,cate,ban,nha,ho-chi-minh,quan-12,4,Mua bán nhà đất,Bán nhà,TPHCM,Quận 12
nha ban quan phu nhuan duoi 3 ty,100,https://muaban.net/bat-dong-san/ban-nha-quan-phu-nhuan-ho-chi-minh,cate,ban,nha,ho-chi-minh,quan-phu-nhuan,5,Mua bán nhà đất,Bán nhà,TPHCM,Quận Phú Nhuận
nha ban quan tan binh duoi 1 ty,100,https://muaban.net/bat-dong-san/ban-nha-quan-tan-binh-ho-chi-minh,cate,ban,nha,ho-chi-minh,quan-tan-binh,4,Mua bán nhà đất,Bán nhà,TPHCM,Quận Tân Bình
nhà bán quận 12 dưới 3 tỷ,100,https://muaban.net/bat-dong-san/ban-nha-quan-12-ho-chi-minh,cate,ban,nha,ho-chi-minh,quan-12,3,Mua bán nhà đất,Bán nhà,TPHCM,Quận 12
nhà bán quận tân bình dưới 2 tỷ,100,https://muaban.net/bat-dong-san/ban-nha-quan-tan-binh-ho-chi-minh,cate,ban,nha,ho-chi-minh,quan-tan-binh,3,Mua bán nhà đất,Bán nhà,TPHCM,Quận Tân Bình
nha ban quan 6 duoi 1 ty,90,https://muaban.net/bat-dong-san/ban-nha-quan-6-ho-chi-minh,cate,ban,nha,ho-chi-minh,quan-6,6,Mua bán nhà đất,Bán nhà,TPHCM,Quận 6
cần tiền bán gấp nhà thủ đức,80,https://muaban.net/bat-dong-san/ban-nha-quan-thu-duc-ho-chi-minh,cate,ban,nha,ho-chi-minh,quan-thu-duc,5,Mua bán nhà đất,Bán nhà,TPHCM,TP. Thủ Đức
bán nhà vườn củ chi,70,https://muaban.net/bat-dong-san/ban-nha-huyen-cu-chi-ho-chi-minh,cate,ban,nha,ho-chi-minh,huyen-cu-chi,17,Mua bán nhà đất,Bán nhà,TPHCM,Huyện Củ Chi
bán nhà bình chánh sổ hồng riêng,60,https://muaban.net/bat-dong-san/ban-nha-huyen-binh-chanh-ho-chi-minh,cate,ban,nha,ho-chi-minh,huyen-binh-chanh,11,Mua bán nhà đất,Bán nhà,TPHCM,Huyện Bình Chánh
ban nha go vap gia 300 trieu,50,https://muaban.net/bat-dong-san/ban-nha-quan-go-vap-ho-chi-minh,cate,ban,nha,ho-chi-minh,quan-go-vap,24,Mua bán nhà đất,Bán nhà,TPHCM,Quận Gò Vấp
nha ban quan tan phu duoi 500 trieu,50,https://muaban.net/bat-dong-san/ban-nha-quan-tan-phu-ho-chi-minh,cate,ban,nha,ho-chi-minh,quan-tan-phu,19,Mua bán nhà đất,Bán nhà,TPHCM,Quận Tân Phú
Mua bán nhà đất TPhCM dưới 2 tỷ,590,https://muaban.net/tags/mua-ban-nha-dat-ho-chi-minh-duoi-2-ty,tag,ban,nha dat,ho-chi-minh,,9,Mua bán nhà đất,Tags,TPHCM,Huyện Bình Chánh
Nhà đất Hóc Môn từ 500 triệu đến 1 tỷ,320,https://muaban.net/tags/mua-ban-nha-dat-huyen-hoc-mon-ho-chi-minh-tu-500-den-1-ty,tag,ban,nha dat,ho-chi-minh,huyen-hoc-mon,5,Tags,Tags,,
nha dat hoc mon gia duoi 500 trieu,250,https://muaban.net/tags/mua-ban-nha-dat-huyen-hoc-mon-ho-chi-minh-duoi-500-trieu,tag,ban,nha dat,ho-chi-minh,huyen-hoc-mon,7,Tags,Tags,,
mua bán nhà đất tphcm dưới 1 tỷ,200,https://muaban.net/tags/mua-ban-nha-dat-ho-chi-minh-duoi-1-ty,tag,ban,nha dat,ho-chi-minh,,10,Tags,Tags,,
Mua bán nhà đất TPHCM dưới 3 tỷ,170,https://muaban.net/tags/mua-ban-nha-dat-ho-chi-minh-duoi-3-ty,tag,ban,nha dat,ho-chi-minh,,7,Tags,Tags,,
bán nhà đất tphcm dưới 3 tỷ,170,https://muaban.net/tags/mua-ban-nha-dat-ho-chi-minh-duoi-3-ty,tag,ban,nha dat,ho-chi-minh,,7,Mua bán nhà đất,Tags,TPHCM,Huyện Nhà Bè
bán nhà mặt tiền quận 1,720,https://muaban.net/bat-dong-san/ban-nha-mat-tien-quan-1-ho-chi-minh,cate,ban,nha mat tien,ho-chi-minh,quan-1,5,Mua bán nhà đất,Bán nhà,TPHCM,Quận 1
bán nhà mặt tiền quận 3,590,https://muaban.net/bat-dong-san/ban-nha-mat-tien-quan-3-ho-chi-minh,cate,ban,nha mat tien,ho-chi-minh,quan-3,6,Mua bán nhà đất,Bán nhà,TPHCM,Quận 3
bán nhà mặt tiền quận 6,390,https://muaban.net/bat-dong-san/ban-nha-mat-tien-quan-6-ho-chi-minh,cate,ban,nha mat tien,ho-chi-minh,quan-6,6,Mua bán nhà đất,Bán nhà,TPHCM,Quận 6
bán nhà mặt tiền quận 7,210,https://muaban.net/bat-dong-san/ban-nha-mat-tien-quan-7-ho-chi-minh,cate,ban,nha mat tien,ho-chi-minh,quan-7,8,Mua bán nhà đất,Bán nhà,TPHCM,Quận 7
bán nhà mặt tiền quận 5,200,https://muaban.net/bat-dong-san/ban-nha-mat-tien-quan-5-ho-chi-minh,cate,ban,nha mat tien,ho-chi-minh,quan-5,3,Mua bán nhà đất,Bán nhà,,
bán nhà mặt tiền quận 10,140,https://muaban.net/bat-dong-san/ban-nha-mat-tien-quan-10-ho-chi-minh,cate,ban,nha mat tien,ho-chi-minh,quan-10,3,Mua bán nhà đất,Bán nhà,TPHCM,Quận 10
bán nhà mặt tiền quận 12,140,https://muaban.net/bat-dong-san/ban-nha-mat-tien-quan-12-ho-chi-minh,cate,ban,nha mat tien,ho-chi-minh,quan-12,5,Mua bán nhà đất,Bán nhà,TPHCM,Quận 12
bán nhà mặt tiền quận bình thạnh,110,https://muaban.net/bat-dong-san/ban-nha-mat-tien-quan-binh-thanh-ho-chi-minh,cate,ban,nha mat tien,ho-chi-minh,quan-binh-thanh,6,Mua bán nhà đất,Bán nhà,TPHCM,Quận Bình Thạnh
bán nhà mặt tiền tân phú,110,https://muaban.net/bat-dong-san/ban-nha-mat-tien-quan-tan-phu-ho-chi-minh,cate,ban,nha mat tien,ho-chi-minh,quan-tan-phu,2,Mua bán nhà đất,Bán nhà,TPHCM,Quận Tân Phú
nhà mặt tiền quận 12,110,https://muaban.net/bat-dong-san/ban-nha-mat-tien-quan-12-ho-chi-minh,cate,ban,nha mat tien,ho-chi-minh,quan-12,4,Mua bán nhà đất,Bán nhà,TPHCM,Quận 12
bán đất nông nghiệp củ chi,100,https://muaban.net/bat-dong-san/ban-dat-nong-nghiep-kho-bai-huyen-cu-chi-ho-chi-minh,cate,ban,"nha xuong, kho",ho-chi-minh,huyen-cu-chi,8,Mua bán nhà đất,Bán đất,TPHCM,Huyện Củ Chi
bán đất nông nghiệp hóc môn,100,https://muaban.net/bat-dong-san/ban-dat-nong-nghiep-kho-bai-huyen-hoc-mon-ho-chi-minh,cate,ban,"nha xuong, kho",ho-chi-minh,huyen-hoc-mon,4,Mua bán nhà đất,Bán đất,TPHCM,Huyện Hóc Môn
đất nông nghiệp tphcm,50,https://muaban.net/bat-dong-san/ban-dat-nong-nghiep-kho-bai-ho-chi-minh,cate,ban,"nha xuong, kho",ho-chi-minh,,ngoai top 30,Mua bán nhà đất,Bán đất,TPHCM,
cho thuê nguyên dãy nhà trọ tphcm,110,https://muaban.net/tags/day-tro-cho-thue-ho-chi-minh,tag,cho thue,,ho-chi-minh,,2,Tags,Tags,,
thuê chung cư quận 7,1.300,https://muaban.net/bat-dong-san/cho-thue-can-ho-chung-cu-quan-7-ho-chi-minh,cate,cho thue,can ho,ho-chi-minh,quan-7,16,Cho thuê nhà đất,Cho thuê căn hộ,TPHCM,Quận 7
thuê chung cư bình thạnh,880,https://muaban.net/bat-dong-san/cho-thue-can-ho-chung-cu-quan-binh-thanh-ho-chi-minh,cate,cho thue,can ho,ho-chi-minh,quan-binh-thanh,ngoai top 30,Cho thuê nhà đất,Cho thuê căn hộ,TPHCM,Quận Bình Thạnh
thuê chung cư quận 2,880,https://muaban.net/bat-dong-san/cho-thue-can-ho-chung-cu-quan-2-ho-chi-minh,cate,cho thue,can ho,ho-chi-minh,quan-2,ngoai top 30,Cho thuê nhà đất,Cho thuê căn hộ,TPHCM,Quận 2 (TP. Thủ Đức)
thuê chung cư thủ đức,880,https://muaban.net/bat-dong-san/cho-thue-can-ho-chung-cu-quan-thu-duc-ho-chi-minh,cate,cho thue,can ho,ho-chi-minh,quan-thu-duc,17,Cho thuê nhà đất,Cho thuê căn hộ,TPHCM,TP. Thủ Đức
chung cư quận 11,720,https://muaban.net/bat-dong-san/cho-thue-can-ho-chung-cu-quan-11-ho-chi-minh,cate,cho thue,can ho,ho-chi-minh,quan-11,15,Cho thuê nhà đất,Cho thuê căn hộ,TPHCM,Quận 11
thuê chung cư quận 10,590,https://muaban.net/bat-dong-san/cho-thue-can-ho-chung-cu-quan-10-ho-chi-minh,cate,cho thue,can ho,ho-chi-minh,quan-10,8,Cho thuê nhà đất,Cho thuê căn hộ,TPHCM,Quận 10
thuê chung cư quận 4,590,https://muaban.net/bat-dong-san/cho-thue-can-ho-chung-cu-quan-4-ho-chi-minh,cate,cho thue,can ho,ho-chi-minh,quan-4,18,Cho thuê nhà đất,Cho thuê căn hộ,TPHCM,Quận 4
thuê chung cư quận 8,590,https://muaban.net/bat-dong-san/cho-thue-can-ho-chung-cu-quan-8-ho-chi-minh,cate,cho thue,can ho,ho-chi-minh,quan-8,14,Cho thuê nhà đất,Cho thuê căn hộ,TPHCM,Quận 8
thuê căn hộ quận 7,590,https://muaban.net/bat-dong-san/cho-thue-can-ho-chung-cu-quan-7-ho-chi-minh,cate,cho thue,can ho,ho-chi-minh,quan-7,20,Cho thuê nhà đất,Cho thuê căn hộ,TPHCM,Quận 7
cho thuê căn hộ quận 7,480,https://muaban.net/bat-dong-san/cho-thue-can-ho-chung-cu-quan-7-ho-chi-minh,cate,cho thue,can ho,ho-chi-minh,quan-7,23,Cho thuê nhà đất,Cho thuê căn hộ,TPHCM,Quận 7
thuê chung cư gò vấp,480,https://muaban.net/bat-dong-san/cho-thue-can-ho-chung-cu-quan-go-vap-ho-chi-minh,cate,cho thue,can ho,ho-chi-minh,quan-go-vap,19,Cho thuê nhà đất,Cho thuê căn hộ,TPHCM,Quận Gò Vấp
thuê căn hộ quận 2,480,https://muaban.net/bat-dong-san/cho-thue-can-ho-chung-cu-quan-2-ho-chi-minh,cate,cho thue,can ho,ho-chi-minh,quan-2,ngoai top 30,Cho thuê nhà đất,Cho thuê căn hộ,TPHCM,Quận 2 (TP. Thủ Đức)
cho thuê chung cư bình thạnh,390,https://muaban.net/bat-dong-san/cho-thue-can-ho-chung-cu-quan-binh-thanh-ho-chi-minh,cate,cho thue,can ho,ho-chi-minh,quan-binh-thanh,19,Cho thuê nhà đất,Cho thuê căn hộ,TPHCM,Quận Bình Thạnh
cho thuê chung cư quận 7,390,https://muaban.net/bat-dong-san/cho-thue-can-ho-chung-cu-quan-7-ho-chi-minh,cate,cho thue,can ho,ho-chi-minh,quan-7,18,Cho thuê nhà đất,Cho thuê căn hộ,TPHCM,Quận 7
căn hộ dịch vụ quận 7,390,https://muaban.net/bat-dong-san/cho-thue-can-ho-chung-cu-quan-7-ho-chi-minh,cate,cho thue,can ho,ho-chi-minh,quan-7,19,Cho thuê nhà đất,Cho thuê căn hộ,TPHCM,Quận 7
thuê chung cư quận 12,390,https://muaban.net/bat-dong-san/cho-thue-can-ho-chung-cu-quan-12-ho-chi-minh,cate,cho thue,can ho,ho-chi-minh,quan-12,27,Cho thuê nhà đất,Cho thuê căn hộ,TPHCM,Quận 12
thuê chung cư quận 9,390,https://muaban.net/bat-dong-san/cho-thue-can-ho-chung-cu-quan-9-ho-chi-minh,cate,cho thue,can ho,ho-chi-minh,quan-9,21,Cho thuê nhà đất,Cho thuê căn hộ,TPHCM,Quận 9 (TP. Thủ Đức)
thuê chung cư tân bình,390,https://muaban.net/bat-dong-san/cho-thue-can-ho-chung-cu-quan-tan-binh-ho-chi-minh,cate,cho thue,can ho,ho-chi-minh,quan-tan-binh,21,Cho thuê nhà đất,Cho thuê căn hộ,TPHCM,Quận Tân Bình
thuê chung cư tân phú,390,https://muaban.net/bat-dong-san/cho-thue-can-ho-chung-cu-quan-tan-phu-ho-chi-minh,cate,cho thue,can ho,ho-chi-minh,quan-tan-phu,17,Cho thuê nhà đất,Cho thuê căn hộ,TPHCM,Quận Tân Phú
cho thuê chung cư quận 2,320,https://muaban.net/bat-dong-san/cho-thue-can-ho-chung-cu-quan-2-ho-chi-minh,cate,cho thue,can ho,ho-chi-minh,quan-2,ngoai top 30,Cho thuê nhà đất,Cho thuê căn hộ,TPHCM,Quận 2 (TP. Thủ Đức)
cho thuê căn hộ quận 2,320,https://muaban.net/bat-dong-san/cho-thue-can-ho-chung-cu-quan-2-ho-chi-minh,cate,cho thue,can ho,ho-chi-minh,quan-2,ngoai top 30,Cho thuê nhà đất,Cho thuê căn hộ,TPHCM,Quận 2 (TP. Thủ Đức)
thuê căn hộ quận 1,320,https://muaban.net/bat-dong-san/cho-thue-can-ho-chung-cu-quan-1-ho-chi-minh,cate,cho thue,can ho,ho-chi-minh,quan-1,8,Cho thuê nhà đất,Cho thuê căn hộ,TPHCM,Quận 1
thuê căn hộ quận 10,320,https://muaban.net/bat-dong-san/cho-thue-can-ho-chung-cu-quan-10-ho-chi-minh,cate,cho thue,can ho,ho-chi-minh,quan-10,14,Cho thuê nhà đất,Cho thuê căn hộ,TPHCM,Quận 10
thuê nhà nguyên căn giá 4 triệu tphcm,300,https://muaban.net/tags/cho-thue-nha-nguyen-can-ho-chi-minh-gia-4-trieu,tag,cho thue,can ho,ho-chi-minh,,2,Tags,Tags,,
cho thuê chung cư quận 4,260,https://muaban.net/bat-dong-san/cho-thue-can-ho-chung-cu-quan-4-ho-chi-minh,cate,cho thue,can ho,ho-chi-minh,quan-4,20,Cho thuê nhà đất,Cho thuê căn hộ,TPHCM,Quận 4
cho thuê căn hộ bình thạnh,260,https://muaban.net/bat-dong-san/cho-thue-can-ho-chung-cu-quan-binh-thanh-ho-chi-minh,cate,cho thue,can ho,ho-chi-minh,quan-binh-thanh,18,Cho thuê nhà đất,Cho thuê căn hộ,TPHCM,Quận Bình Thạnh
cho thuê căn hộ quận 10,260,https://muaban.net/bat-dong-san/cho-thue-can-ho-chung-cu-quan-10-ho-chi-minh,cate,cho thue,can ho,ho-chi-minh,quan-10,9,Cho thuê nhà đất,Cho thuê căn hộ,TPHCM,Quận 10
thuê chung cư quận 1,260,https://muaban.net/bat-dong-san/cho-thue-can-ho-chung-cu-quan-1-ho-chi-minh,cate,cho thue,can ho,ho-chi-minh,quan-1,8,Cho thuê nhà đất,Cho thuê căn hộ,TPHCM,Quận 1
thuê chung cư quận 3,260,https://muaban.net/bat-dong-san/cho-thue-can-ho-chung-cu-quan-3-ho-chi-minh,cate,cho thue,can ho,ho-chi-minh,quan-3,12,Cho thuê nhà đất,Cho thuê căn hộ,TPHCM,Quận 3
thuê chung cư quận 5,260,https://muaban.net/bat-dong-san/cho-thue-can-ho-chung-cu-quan-5-ho-chi-minh,cate,cho thue,can ho,ho-chi-minh,quan-5,9,Cho thuê nhà đất,Cho thuê căn hộ,TPHCM,Quận 5
thuê căn hộ quận 3,260,https://muaban.net/bat-dong-san/cho-thue-can-ho-chung-cu-quan-3-ho-chi-minh,cate,cho thue,can ho,ho-chi-minh,quan-3,12,Cho thuê nhà đất,Cho thuê căn hộ,TPHCM,Quận 3
thuê căn hộ tân bình,260,https://muaban.net/bat-dong-san/cho-thue-can-ho-chung-cu-quan-tan-binh-ho-chi-minh,cate,cho thue,can ho,ho-chi-minh,quan-tan-binh,18,Cho thuê nhà đất,Cho thuê căn hộ,TPHCM,Quận Tân Bình
cho thuê căn hộ quận 1,210,https://muaban.net/bat-dong-san/cho-thue-can-ho-chung-cu-quan-1-ho-chi-minh,cate,cho thue,can ho,ho-chi-minh,quan-1,9,Cho thuê nhà đất,Cho thuê căn hộ,TPHCM,Quận 1
cho thuê căn hộ quận 3,210,https://muaban.net/bat-dong-san/cho-thue-can-ho-chung-cu-quan-3-ho-chi-minh,cate,cho thue,can ho,ho-chi-minh,quan-3,ngoai top 30,Cho thuê nhà đất,Cho thuê căn hộ,TPHCM,Quận 3
Thuê chung cư Bình Thạnh 2 phòng ngủ,170,https://muaban.net/tags/cho-thue-chung-cu-2-phong-ngu-quan-binh-thanh-ho-chi-minh,tag,cho thue,can ho,ho-chi-minh,quan-binh-thanh,10,Tags,Tags,,
cho thuê chung cư gò vấp,170,https://muaban.net/bat-dong-san/cho-thue-can-ho-chung-cu-quan-go-vap-ho-chi-minh,cate,cho thue,can ho,ho-chi-minh,quan-go-vap,19,Cho thuê nhà đất,Cho thuê căn hộ,TPHCM,Quận Gò Vấp
cho thuê chung cư quận 10,170,https://muaban.net/bat-dong-san/cho-thue-can-ho-chung-cu-quan-10-ho-chi-minh,cate,cho thue,can ho,ho-chi-minh,quan-10,10,Cho thuê nhà đất,Cho thuê căn hộ,TPHCM,Quận 10
cho thuê chung cư thủ đức,170,https://muaban.net/bat-dong-san/cho-thue-can-ho-chung-cu-quan-thu-duc-ho-chi-minh,cate,cho thue,can ho,ho-chi-minh,quan-thu-duc,19,Cho thuê nhà đất,Cho thuê căn hộ,TPHCM,TP. Thủ Đức
cho thuê căn hộ quận 4,170,https://muaban.net/bat-dong-san/cho-thue-can-ho-chung-cu-quan-4-ho-chi-minh,cate,cho thue,can ho,ho-chi-minh,quan-4,25,Cho thuê nhà đất,Cho thuê căn hộ,TPHCM,Quận 4
căn hộ cho thuê quận 1,170,https://muaban.net/bat-dong-san/cho-thue-can-ho-chung-cu-quan-1-ho-chi-minh,cate,cho thue,can ho,ho-chi-minh,quan-1,17,Cho thuê nhà đất,Cho thuê căn hộ,TPHCM,Quận 1
căn hộ cho thuê quận 7,170,https://muaban.net/bat-dong-san/cho-thue-can-ho-chung-cu-quan-7-ho-chi-minh,cate,cho thue,can ho,ho-chi-minh,quan-7,ngoai top 30,Cho thuê nhà đất,Cho thuê căn hộ,TPHCM,Quận 7
thuê chung cư quận tân bình,170,https://muaban.net/bat-dong-san/cho-thue-can-ho-chung-cu-quan-tan-binh-ho-chi-minh,cate,cho thue,can ho,ho-chi-minh,quan-tan-binh,17,Cho thuê nhà đất,Cho thuê căn hộ,TPHCM,Quận Tân Bình
thuê chung cư quận tân phú,170,https://muaban.net/bat-dong-san/cho-thue-can-ho-chung-cu-quan-tan-phu-ho-chi-minh,cate,cho thue,can ho,ho-chi-minh,quan-tan-phu,14,Cho thuê nhà đất,Cho thuê căn hộ,TPHCM,Quận Tân Phú
thuê nhà nguyên căn giá 3 triệu tphcm,150,https://muaban.net/tags/cho-thue-nha-nguyen-can-ho-chi-minh-gia-3-trieu,tag,cho thue,can ho,ho-chi-minh,,2,Tags,Tags,,
Thuê chung cư giá 5 triệu TPHCM,140,https://muaban.net/tags/cho-thue-chung-cu-ho-chi-minh-gia-5-trieu,tag,cho thue,can ho,ho-chi-minh,,3,Tags,Tags,,
thue can ho quan thu duc,140,https://muaban.net/bat-dong-san/cho-thue-can-ho-chung-cu-quan-thu-duc-ho-chi-minh,cate,cho thue,can ho,ho-chi-minh,quan-thu-duc,18,Cho thuê nhà đất,Cho thuê căn hộ,TPHCM,TP. Thủ Đức
thuê căn hộ quận 8,140,https://muaban.net/bat-dong-san/cho-thue-can-ho-chung-cu-quan-8-ho-chi-minh,cate,cho thue,can ho,ho-chi-minh,quan-8,16,Cho thuê nhà đất,Cho thuê căn hộ,TPHCM,Quận 8
thuê căn hộ quận 9,140,https://muaban.net/bat-dong-san/cho-thue-can-ho-chung-cu-quan-9-ho-chi-minh,cate,cho thue,can ho,ho-chi-minh,quan-9,23,Cho thuê nhà đất,Cho thuê căn hộ,TPHCM,Quận 9 (TP. Thủ Đức)
Cho thuê chung cư 1 phòng ngủ TPHCM,110,https://muaban.net/tags/cho-thue-chung-cu-1-phong-ngu-ho-chi-minh,tag,cho thue,can ho,ho-chi-minh,,9,Tags,Tags,,
cho thuê căn hộ quận 8,110,https://muaban.net/bat-dong-san/cho-thue-can-ho-chung-cu-quan-8-ho-chi-minh,cate,cho thue,can ho,ho-chi-minh,quan-8,17,Cho thuê nhà đất,Cho thuê căn hộ,TPHCM,Quận 8
Cho Thuê Căn Hộ Tập Thể Bình Thạnh,50,https://muaban.net/bat-dong-san/cho-thue-can-ho-tap-the-cu-xa-quan-binh-thanh-ho-chi-minh,cate,cho thue,can ho,ho-chi-minh,quan-binh-thanh,16,Bất động sản,Cho thuê căn hộ,Hải Dương,Huyện Bình Giang
cho thuê Penthouse Quận Bình Thạnh,50,https://muaban.net/bat-dong-san/cho-thue-can-ho-penthouse-quan-binh-thanh-ho-chi-minh,cate,cho thue,can ho,ho-chi-minh,quan-binh-thanh,7,Bất động sản,Cho thuê căn hộ,Hậu Giang,TP. Vị Thanh
cho thuê chung cư Quận 5,50,https://muaban.net/bat-dong-san/cho-thue-can-ho-chung-cu-quan-5-ho-chi-minh,cate,cho thue,can ho,ho-chi-minh,quan-5,12,Bất động sản,Cho thuê căn hộ,Bà Rịa - Vũng Tàu,Thị Xã Phú Mỹ
căn hộ quận 4 cho thuê,50,https://muaban.net/bat-dong-san/cho-thue-can-ho-chung-cu-quan-4-ho-chi-minh,cate,cho thue,can ho,ho-chi-minh,quan-4,21,Cho thuê nhà đất,Cho thuê căn hộ,TPHCM,Quận 4
cho thuê mặt bằng dưới 5 triệu tphcm,390,https://muaban.net/tags/cho-thue-mat-bang-ho-chi-minh-duoi-5-trieu,tag,cho thue,"mat bang, cua hang",ho-chi-minh,,2,Bất động sản,Tags,Phú Thọ,TP. Việt Trì
cho thuê mặt bằng gò vấp,390,https://muaban.net/bat-dong-san/cho-thue-mat-bang-kinh-doanh-quan-go-vap-ho-chi-minh,cate,cho thue,"mat bang, cua hang",ho-chi-minh,quan-go-vap,3,Cho thuê nhà đất,"Mặt bằng, Cửa hàng, Shop",TPHCM,Quận Gò Vấp
cho thuê mặt bằng quận 7,390,https://muaban.net/bat-dong-san/cho-thue-mat-bang-kinh-doanh-quan-7-ho-chi-minh,cate,cho thue,"mat bang, cua hang",ho-chi-minh,quan-7,7,Cho thuê nhà đất,"Mặt bằng, Cửa hàng, Shop",TPHCM,Quận 7
thuê mặt bằng dưới 5 triệu tphcm,390,https://muaban.net/tags/cho-thue-mat-bang-ho-chi-minh-duoi-5-trieu,tag,cho thue,"mat bang, cua hang",ho-chi-minh,,1,Tags,Tags,,
Cho thuê mặt bằng giá 2 triệu TPHCM,320,https://muaban.net/tags/cho-thue-mat-bang-gia-2-trieu-ho-chi-minh,tag,cho thue,"mat bang, cua hang",ho-chi-minh,,1,Tags,Tags,,
cho thuê mặt bằng quận 1,320,https://muaban.net/bat-dong-san/cho-thue-mat-bang-kinh-doanh-quan-1-ho-chi-minh,cate,cho thue,"mat bang, cua hang",ho-chi-minh,quan-1,9,Cho thuê nhà đất,"Mặt bằng, Cửa hàng, Shop",TPHCM,Quận 1
thuê mặt bằng gò vấp,320,https://muaban.net/bat-dong-san/cho-thue-mat-bang-kinh-doanh-quan-go-vap-ho-chi-minh,cate,cho thue,"mat bang, cua hang",ho-chi-minh,quan-go-vap,5,Cho thuê nhà đất,"Mặt bằng, Cửa hàng, Shop",TPHCM,Quận Gò Vấp
thuê mặt bằng quận 7,320,https://muaban.net/bat-dong-san/cho-thue-mat-bang-kinh-doanh-quan-7-ho-chi-minh,cate,cho thue,"mat bang, cua hang",ho-chi-minh,quan-7,7,Cho thuê nhà đất,"Mặt bằng, Cửa hàng, Shop",TPHCM,Quận 7
cho thuê mặt bằng bình thạnh,260,https://muaban.net/bat-dong-san/cho-thue-mat-bang-kinh-doanh-quan-binh-thanh-ho-chi-minh,cate,cho thue,"mat bang, cua hang",ho-chi-minh,quan-binh-thanh,8,Cho thuê nhà đất,"Mặt bằng, Cửa hàng, Shop",TPHCM,Quận Bình Thạnh
cho thuê mặt bằng quận 12,260,https://muaban.net/bat-dong-san/cho-thue-mat-bang-kinh-doanh-quan-12-ho-chi-minh,cate,cho thue,"mat bang, cua hang",ho-chi-minh,quan-12,4,Cho thuê nhà đất,"Mặt bằng, Cửa hàng, Shop",TPHCM,Quận 12
cho thuê mặt bằng thủ đức,260,https://muaban.net/bat-dong-san/cho-thue-mat-bang-kinh-doanh-quan-thu-duc-ho-chi-minh,cate,cho thue,"mat bang, cua hang",ho-chi-minh,quan-thu-duc,7,Cho thuê nhà đất,"Mặt bằng, Cửa hàng, Shop",TPHCM,TP. Thủ Đức
thuê mặt bằng bình thạnh,260,https://muaban.net/bat-dong-san/cho-thue-mat-bang-kinh-doanh-quan-binh-thanh-ho-chi-minh,cate,cho thue,"mat bang, cua hang",ho-chi-minh,quan-binh-thanh,9,Cho thuê nhà đất,"Mặt bằng, Cửa hàng, Shop",TPHCM,Quận Bình Thạnh
thuê mặt bằng quận 1,260,https://muaban.net/bat-dong-san/cho-thue-mat-bang-kinh-doanh-quan-1-ho-chi-minh,cate,cho thue,"mat bang, cua hang",ho-chi-minh,quan-1,8,Cho thuê nhà đất,"Mặt bằng, Cửa hàng, Shop",TPHCM,Quận 1
cho thuê mặt bằng quận 10,210,https://muaban.net/bat-dong-san/cho-thue-mat-bang-kinh-doanh-quan-10-ho-chi-minh,cate,cho thue,"mat bang, cua hang",ho-chi-minh,quan-10,8,Cho thuê nhà đất,"Mặt bằng, Cửa hàng, Shop",TPHCM,Quận 10
cho thuê mặt bằng quận 8,210,https://muaban.net/bat-dong-san/cho-thue-mat-bang-kinh-doanh-quan-8-ho-chi-minh,cate,cho thue,"mat bang, cua hang",ho-chi-minh,quan-8,3,Cho thuê nhà đất,"Mặt bằng, Cửa hàng, Shop",TPHCM,Quận 8
mặt bằng cho thuê gò vấp,210,https://muaban.net/bat-dong-san/cho-thue-mat-bang-kinh-doanh-quan-go-vap-ho-chi-minh,cate,cho thue,"mat bang, cua hang",ho-chi-minh,quan-go-vap,5,Cho thuê nhà đất,"Mặt bằng, Cửa hàng, Shop",TPHCM,Quận Gò Vấp
mặt bằng cho thuê quận 7,210,https://muaban.net/bat-dong-san/cho-thue-mat-bang-kinh-doanh-quan-7-ho-chi-minh,cate,cho thue,"mat bang, cua hang",ho-chi-minh,quan-7,10,Cho thuê nhà đất,"Mặt bằng, Cửa hàng, Shop",TPHCM,Quận 7
mặt bằng quận 1,210,https://muaban.net/bat-dong-san/cho-thue-mat-bang-kinh-doanh-quan-1-ho-chi-minh,cate,cho thue,"mat bang, cua hang",ho-chi-minh,quan-1,7,Cho thuê nhà đất,"Mặt bằng, Cửa hàng, Shop",TPHCM,Quận 1
thuê mặt bằng quận 10,210,https://muaban.net/bat-dong-san/cho-thue-mat-bang-kinh-doanh-quan-10-ho-chi-minh,cate,cho thue,"mat bang, cua hang",ho-chi-minh,quan-10,7,Cho thuê nhà đất,"Mặt bằng, Cửa hàng, Shop",TPHCM,Quận 10
cho thuê mặt bằng quận 2,170,https://muaban.net/bat-dong-san/cho-thue-mat-bang-kinh-doanh-quan-2-ho-chi-minh,cate,cho thue,"mat bang, cua hang",ho-chi-minh,quan-2,10,Cho thuê nhà đất,"Mặt bằng, Cửa hàng, Shop",TPHCM,Quận 2 (TP. Thủ Đức)
cho thuê mặt bằng quận 3,170,https://muaban.net/bat-dong-san/cho-thue-mat-bang-kinh-doanh-quan-3-ho-chi-minh,cate,cho thue,"mat bang, cua hang",ho-chi-minh,quan-3,9,Cho thuê nhà đất,"Mặt bằng, Cửa hàng, Shop",TPHCM,Quận 3
cho thuê mặt bằng tân phú,170,https://muaban.net/bat-dong-san/cho-thue-mat-bang-kinh-doanh-quan-tan-phu-ho-chi-minh,cate,cho thue,"mat bang, cua hang",ho-chi-minh,quan-tan-phu,8,Cho thuê nhà đất,"Mặt bằng, Cửa hàng, Shop",TPHCM,Quận Tân Phú
cho thuê mặt bằng nhỏ quận 12,140,https://muaban.net/bat-dong-san/cho-thue-mat-bang-kinh-doanh-quan-12-ho-chi-minh,cate,cho thue,"mat bang, cua hang",ho-chi-minh,quan-12,3,Cho thuê nhà đất,"Mặt bằng, Cửa hàng, Shop",TPHCM,Quận 12
cho thuê mặt bằng quận 6,140,https://muaban.net/bat-dong-san/cho-thue-mat-bang-kinh-doanh-quan-6-ho-chi-minh,cate,cho thue,"mat bang, cua hang",ho-chi-minh,quan-6,3,Cho thuê nhà đất,"Mặt bằng, Cửa hàng, Shop",TPHCM,Quận 6
cho thuê mặt bằng tphcm,140,https://muaban.net/bat-dong-san/cho-thue-mat-bang-kinh-doanh-ho-chi-minh,cate,cho thue,"mat bang, cua hang",ho-chi-minh,,7,Cho thuê nhà đất,"Mặt bằng, Cửa hàng, Shop",TPHCM,
cho thuê mặt bằng tân bình,140,https://muaban.net/bat-dong-san/cho-thue-mat-bang-kinh-doanh-quan-tan-binh-ho-chi-minh,cate,cho thue,"mat bang, cua hang",ho-chi-minh,quan-tan-binh,23,Cho thuê nhà đất,"Mặt bằng, Cửa hàng, Shop",TPHCM,Quận Tân Bình
mặt bằng cho thuê bình thạnh,140,https://muaban.net/bat-dong-san/cho-thue-mat-bang-kinh-doanh-quan-binh-thanh-ho-chi-minh,cate,cho thue,"mat bang, cua hang",ho-chi-minh,quan-binh-thanh,9,Cho thuê nhà đất,"Mặt bằng, Cửa hàng, Shop",TPHCM,Quận Bình Thạnh
mặt bằng quận 10,140,https://muaban.net/bat-dong-san/cho-thue-mat-bang-kinh-doanh-quan-10-ho-chi-minh,cate,cho thue,"mat bang, cua hang",ho-chi-minh,quan-10,5,Cho thuê nhà đất,"Mặt bằng, Cửa hàng, Shop",TPHCM,Quận 10
mặt bằng quận 8,140,https://muaban.net/bat-dong-san/cho-thue-mat-bang-kinh-doanh-quan-8-ho-chi-minh,cate,cho thue,"mat bang, cua hang",ho-chi-minh,quan-8,3,Cho thuê nhà đất,"Mặt bằng, Cửa hàng, Shop",TPHCM,Quận 8
mặt bằng thủ đức,140,https://muaban.net/bat-dong-san/cho-thue-mat-bang-kinh-doanh-quan-thu-duc-ho-chi-minh,cate,cho thue,"mat bang, cua hang",ho-chi-minh,quan-thu-duc,9,Cho thuê nhà đất,"Mặt bằng, Cửa hàng, Shop",TPHCM,TP. Thủ Đức
thuê mặt bằng quận 2,140,https://muaban.net/bat-dong-san/cho-thue-mat-bang-kinh-doanh-quan-2-ho-chi-minh,cate,cho thue,"mat bang, cua hang",ho-chi-minh,quan-2,10,Cho thuê nhà đất,"Mặt bằng, Cửa hàng, Shop",TPHCM,Quận 2 (TP. Thủ Đức)
Cho thuê mặt bằng Quận 10 dưới 10 triệu,120,https://muaban.net/tags/cho-thue-mat-bang-quan-10-ho-chi-minh-duoi-10-trieu,tag,cho thue,"mat bang, cua hang",ho-chi-minh,quan-10-duoi,7,Bất động sản,Tags,Bắc Giang,
Mặt bằng Quận 1 dưới 10 triệu,110,https://muaban.net/tags/cho-thue-mat-bang-quan-1-ho-chi-minh-duoi-10-trieu,tag,cho thue,"mat bang, cua hang",ho-chi-minh,quan-1-duoi,3,Mua bán nhà đất,Tags,Long An,
Thuê mặt bằng Quận Gò Vấp giá 5 triệu,110,https://muaban.net/tags/cho-thue-mat-bang-quan-go-vap-ho-chi-minh-gia-5-trieu,tag,cho thue,"mat bang, cua hang",ho-chi-minh,quan-go-vap,2,Tags,Tags,,
cho thuê cửa hàng phố tạ quang bửu,110,https://muaban.net/bat-dong-san/cho-thue-cua-hang-shophouse-duong-ta-quang-buu-quan-8-ho-chi-minh,cate,cho thue,"mat bang, cua hang",ho-chi-minh,quan-8,9,Cho thuê nhà đất,"Cho thuê cửa hàng, shophouse",,
cho thuê mặt bằng nhỏ giá rẻ tphcm,110,https://muaban.net/bat-dong-san/cho-thue-mat-bang-kinh-doanh-ho-chi-minh,cate,cho thue,"mat bang, cua hang",ho-chi-minh,,5,Cho thuê nhà đất,"Mặt bằng, Cửa hàng, Shop",TPHCM,
cho thuê mặt bằng quận 11,110,https://muaban.net/bat-dong-san/cho-thue-mat-bang-kinh-doanh-quan-11-ho-chi-minh,cate,cho thue,"mat bang, cua hang",ho-chi-minh,quan-11,9,Cho thuê nhà đất,"Mặt bằng, Cửa hàng, Shop",TPHCM,Quận 11
cho thuê mặt bằng quận 5,110,https://muaban.net/bat-dong-san/cho-thue-mat-bang-kinh-doanh-quan-5-ho-chi-minh,cate,cho thue,"mat bang, cua hang",ho-chi-minh,quan-5,4,Cho thuê nhà đất,"Mặt bằng, Cửa hàng, Shop",TPHCM,Quận 5
cho thuê mặt bằng quận 9,110,https://muaban.net/bat-dong-san/cho-thue-mat-bang-kinh-doanh-quan-9-ho-chi-minh,cate,cho thue,"mat bang, cua hang",ho-chi-minh,quan-9,5,Cho thuê nhà đất,"Mặt bằng, Cửa hàng, Shop",TPHCM,Quận 9 (TP. Thủ Đức)
cho thuê mặt bằng quận bình tân,110,https://muaban.net/bat-dong-san/cho-thue-mat-bang-kinh-doanh-quan-binh-tan-ho-chi-minh,cate,cho thue,"mat bang, cua hang",ho-chi-minh,quan-binh-tan,4,Cho thuê nhà đất,"Mặt bằng, Cửa hàng, Shop",TPHCM,Quận Bình Tân
cho thuê mặt bằng quận tân phú,110,https://muaban.net/bat-dong-san/cho-thue-mat-bang-kinh-doanh-quan-tan-phu-ho-chi-minh,cate,cho thue,"mat bang, cua hang",ho-chi-minh,quan-tan-phu,8,Cho thuê nhà đất,"Mặt bằng, Cửa hàng, Shop",TPHCM,Quận Tân Phú
cho thuê mặt bằng quận tân phú giá rẻ,110,https://muaban.net/bat-dong-san/cho-thue-mat-bang-kinh-doanh-quan-tan-phu-ho-chi-minh,cate,cho thue,"mat bang, cua hang",ho-chi-minh,quan-tan-phu,8,Cho thuê nhà đất,"Mặt bằng, Cửa hàng, Shop",TPHCM,Quận Tân Phú
mặt bằng cho thuê quận 12,110,https://muaban.net/bat-dong-san/cho-thue-mat-bang-kinh-doanh-quan-12-ho-chi-minh,cate,cho thue,"mat bang, cua hang",ho-chi-minh,quan-12,4,Cho thuê nhà đất,"Mặt bằng, Cửa hàng, Shop",TPHCM,Quận 12
mặt bằng cho thuê thủ đức,110,https://muaban.net/bat-dong-san/cho-thue-mat-bang-kinh-doanh-quan-thu-duc-ho-chi-minh,cate,cho thue,"mat bang, cua hang",ho-chi-minh,quan-thu-duc,6,Cho thuê nhà đất,"Mặt bằng, Cửa hàng, Shop",TPHCM,TP. Thủ Đức
thuê mặt bằng quận 6,110,https://muaban.net/bat-dong-san/cho-thue-mat-bang-kinh-doanh-quan-6-ho-chi-minh,cate,cho thue,"mat bang, cua hang",ho-chi-minh,quan-6,2,Cho thuê nhà đất,"Mặt bằng, Cửa hàng, Shop",TPHCM,Quận 6
thuê mặt bằng quận 9,110,https://muaban.net/bat-dong-san/cho-thue-mat-bang-kinh-doanh-quan-9-ho-chi-minh,cate,cho thue,"mat bang, cua hang",ho-chi-minh,quan-9,4,Cho thuê nhà đất,"Mặt bằng, Cửa hàng, Shop",TPHCM,Quận 9 (TP. Thủ Đức)
cho thuê mặt bằng giá 3 triệu tphcm,100,https://muaban.net/tags/cho-thue-mat-bang-ho-chi-minh-gia-3-trieu,tag,cho thue,"mat bang, cua hang",ho-chi-minh,,1,Tags,Tags,,
cho thuê mặt bằng hai bà trưng quận 1,100,https://muaban.net/bat-dong-san/cho-thue-mat-bang-kinh-doanh-duong-hai-ba-trung-quan-1-ho-chi-minh,cate,cho thue,"mat bang, cua hang",ho-chi-minh,quan-1,6,Cho thuê nhà đất,"Mặt bằng, Cửa hàng, Shop",,
cho thuê mặt bằng hóc môn,100,https://muaban.net/bat-dong-san/cho-thue-mat-bang-kinh-doanh-huyen-hoc-mon-ho-chi-minh,cate,cho thue,"mat bang, cua hang",ho-chi-minh,huyen-hoc-mon,3,Cho thuê nhà đất,"Mặt bằng, Cửa hàng, Shop",TPHCM,Huyện Hóc Môn
cho thuê mặt bằng nhỏ quận 3,100,https://muaban.net/bat-dong-san/cho-thue-mat-bang-kinh-doanh-quan-3-ho-chi-minh,cate,cho thue,"mat bang, cua hang",ho-chi-minh,quan-3,8,Cho thuê nhà đất,"Mặt bằng, Cửa hàng, Shop",TPHCM,Quận 3
cho thuê mặt bằng quận 4,100,https://muaban.net/bat-dong-san/cho-thue-mat-bang-kinh-doanh-quan-4-ho-chi-minh,cate,cho thue,"mat bang, cua hang",ho-chi-minh,quan-4,9,Cho thuê nhà đất,"Mặt bằng, Cửa hàng, Shop",TPHCM,Quận 4
mặt bằng cho thuê quận bình tân,100,https://muaban.net/bat-dong-san/cho-thue-mat-bang-kinh-doanh-quan-binh-tan-ho-chi-minh,cate,cho thue,"mat bang, cua hang",ho-chi-minh,quan-binh-tan,5,Cho thuê nhà đất,"Mặt bằng, Cửa hàng, Shop",TPHCM,Quận Bình Tân
mặt bằng cho thuê quận bình tân giá 3-5tr,100,https://muaban.net/bat-dong-san/cho-thue-mat-bang-kinh-doanh-quan-binh-tan-ho-chi-minh,cate,cho thue,"mat bang, cua hang",ho-chi-minh,quan-binh-tan,2,Cho thuê nhà đất,"Mặt bằng, Cửa hàng, Shop",TPHCM,Quận Bình Tân
thuê nhà nguyên căn gò vấp,1.300,https://muaban.net/bat-dong-san/cho-thue-nha-quan-go-vap-ho-chi-minh,cate,cho thue,nha,ho-chi-minh,quan-go-vap,7,Cho thuê nhà đất,Thuê nhà,TPHCM,Quận Gò Vấp
thuê nhà quận 7,1.300,https://muaban.net/bat-dong-san/cho-thue-nha-quan-7-ho-chi-minh,cate,cho thue,nha,ho-chi-minh,quan-7,6,Cho thuê nhà đất,Thuê nhà,TPHCM,Quận 7
thuê nhà bình thạnh,1.000,https://muaban.net/bat-dong-san/cho-thue-nha-quan-binh-thanh-ho-chi-minh,cate,cho thue,nha,ho-chi-minh,quan-binh-thanh,6,Cho thuê nhà đất,Thuê nhà,TPHCM,Quận Bình Thạnh
thuê nhà gò vấp,1.000,https://muaban.net/bat-dong-san/cho-thue-nha-quan-go-vap-ho-chi-minh,cate,cho thue,nha,ho-chi-minh,quan-go-vap,6,Cho thuê nhà đất,Thuê nhà,TPHCM,Quận Gò Vấp
thuê nhà nguyên căn bình thạnh,1.000,https://muaban.net/bat-dong-san/cho-thue-nha-quan-binh-thanh-ho-chi-minh,cate,cho thue,nha,ho-chi-minh,quan-binh-thanh,5,Cho thuê nhà đất,Thuê nhà,TPHCM,Quận Bình Thạnh
thuê nhà nguyên căn quận 7,1.000,https://muaban.net/bat-dong-san/cho-thue-nha-quan-7-ho-chi-minh,cate,cho thue,nha,ho-chi-minh,quan-7,5,Cho thuê nhà đất,Thuê nhà,TPHCM,Quận 7
thuê nhà nguyên căn quận 12,880,https://muaban.net/bat-dong-san/cho-thue-nha-quan-12-ho-chi-minh,cate,cho thue,nha,ho-chi-minh,quan-12,10,Cho thuê nhà đất,Thuê nhà,TPHCM,Quận 12
thuê nhà nguyên căn thủ đức,880,https://muaban.net/bat-dong-san/cho-thue-nha-quan-thu-duc-ho-chi-minh,cate,cho thue,nha,ho-chi-minh,quan-thu-duc,5,Cho thuê nhà đất,Thuê nhà,TPHCM,TP. Thủ Đức
thuê nhà quận 10,880,https://muaban.net/bat-dong-san/cho-thue-nha-quan-10-ho-chi-minh,cate,cho thue,nha,ho-chi-minh,quan-10,9,Cho thuê nhà đất,Thuê nhà,TPHCM,Quận 10
thuê nhà quận 12,880,https://muaban.net/bat-dong-san/cho-thue-nha-quan-12-ho-chi-minh,cate,cho thue,nha,ho-chi-minh,quan-12,9,Cho thuê nhà đất,Thuê nhà,TPHCM,Quận 12
thuê nhà quận 8,880,https://muaban.net/bat-dong-san/cho-thue-nha-quan-8-ho-chi-minh,cate,cho thue,nha,ho-chi-minh,quan-8,8,Cho thuê nhà đất,Thuê nhà,TPHCM,Quận 8
cho thuê nhà nguyên căn thủ đức,720,https://muaban.net/bat-dong-san/cho-thue-nha-quan-thu-duc-ho-chi-minh,cate,cho thue,nha,ho-chi-minh,quan-thu-duc,5,Cho thuê nhà đất,Thuê nhà,TPHCM,TP. Thủ Đức
cho thuê nhà quận 7,720,https://muaban.net/bat-dong-san/cho-thue-nha-quan-7-ho-chi-minh,cate,cho thue,nha,ho-chi-minh,quan-7,4,Cho thuê nhà đất,Thuê nhà,TPHCM,Quận 7
nhà cho thuê quận 8,720,https://muaban.net/bat-dong-san/cho-thue-nha-quan-8-ho-chi-minh,cate,cho thue,nha,ho-chi-minh,quan-8,7,Cho thuê nhà đất,Thuê nhà,TPHCM,Quận 8
nhà nguyên căn gò vấp,720,https://muaban.net/bat-dong-san/cho-thue-nha-quan-go-vap-ho-chi-minh,cate,cho thue,nha,ho-chi-minh,quan-go-vap,4,Cho thuê nhà đất,Thuê nhà,TPHCM,Quận Gò Vấp
thuê nhà nguyên căn quận 8,720,https://muaban.net/bat-dong-san/cho-thue-nha-quan-8-ho-chi-minh,cate,cho thue,nha,ho-chi-minh,quan-8,8,Cho thuê nhà đất,Thuê nhà,TPHCM,Quận 8
thuê nhà nguyên căn tân bình,720,https://muaban.net/bat-dong-san/cho-thue-nha-quan-tan-binh-ho-chi-minh,cate,cho thue,nha,ho-chi-minh,quan-tan-binh,6,Cho thuê nhà đất,Thuê nhà,TPHCM,Quận Tân Bình
thuê nhà nguyên căn tân phú,720,https://muaban.net/bat-dong-san/cho-thue-nha-quan-tan-phu-ho-chi-minh,cate,cho thue,nha,ho-chi-minh,quan-tan-phu,6,Cho thuê nhà đất,Thuê nhà,TPHCM,Quận Tân Phú
thuê nhà quận 2,720,https://muaban.net/bat-dong-san/cho-thue-nha-quan-2-ho-chi-minh,cate,cho thue,nha,ho-chi-minh,quan-2,10,Cho thuê nhà đất,Thuê nhà,TPHCM,Quận 2 (TP. Thủ Đức)
thuê nhà bình tân,600,https://muaban.net/bat-dong-san/cho-thue-nha-quan-binh-tan-ho-chi-minh,cate,cho thue,nha,ho-chi-minh,quan-binh-tan,3,Cho thuê nhà đất,Thuê nhà,TPHCM,Quận Bình Tân
thuê nhà quận 1,600,https://muaban.net/bat-dong-san/cho-thue-nha-quan-1-ho-chi-minh,cate,cho thue,nha,ho-chi-minh,quan-1,5,Cho thuê nhà đất,Thuê nhà,TPHCM,Quận 1
thuê nhà quận 3,600,https://muaban.net/bat-dong-san/cho-thue-nha-quan-3-ho-chi-minh,cate,cho thue,nha,ho-chi-minh,quan-3,8,Cho thuê nhà đất,Thuê nhà,TPHCM,Quận 3
thuê nhà quận 6,600,https://muaban.net/bat-dong-san/cho-thue-nha-quan-6-ho-chi-minh,cate,cho thue,nha,ho-chi-minh,quan-6,8,Cho thuê nhà đất,Thuê nhà,TPHCM,Quận 6
cho thuê nhà bình thạnh,590,https://muaban.net/bat-dong-san/cho-thue-nha-quan-binh-thanh-ho-chi-minh,cate,cho thue,nha,ho-chi-minh,quan-binh-thanh,4,Cho thuê nhà đất,Thuê nhà,TPHCM,Quận Bình Thạnh
cho thuê nhà gò vấp,590,https://muaban.net/bat-dong-san/cho-thue-nha-quan-go-vap-ho-chi-minh,cate,cho thue,nha,ho-chi-minh,quan-go-vap,5,Cho thuê nhà đất,Thuê nhà,TPHCM,Quận Gò Vấp
cho thuê nhà quận 12,590,https://muaban.net/bat-dong-san/cho-thue-nha-quan-12-ho-chi-minh,cate,cho thue,nha,ho-chi-minh,quan-12,6,Cho thuê nhà đất,Thuê nhà,TPHCM,Quận 12
nhà cho thuê bình thạnh,590,https://muaban.net/bat-dong-san/cho-thue-nha-quan-binh-thanh-ho-chi-minh,cate,cho thue,nha,ho-chi-minh,quan-binh-thanh,6,Cho thuê nhà đất,Thuê nhà,TPHCM,Quận Bình Thạnh
nhà nguyên căn bình thạnh,590,https://muaban.net/bat-dong-san/cho-thue-nha-quan-binh-thanh-ho-chi-minh,cate,cho thue,nha,ho-chi-minh,quan-binh-thanh,5,Cho thuê nhà đất,Thuê nhà,TPHCM,Quận Bình Thạnh
thuê nhà nguyên căn bình tân,590,https://muaban.net/bat-dong-san/cho-thue-nha-quan-binh-tan-ho-chi-minh,cate,cho thue,nha,ho-chi-minh,quan-binh-tan,4,Cho thuê nhà đất,Thuê nhà,TPHCM,Quận Bình Tân
thuê nhà nguyên căn quận 10,590,https://muaban.net/bat-dong-san/cho-thue-nha-quan-10-ho-chi-minh,cate,cho thue,nha,ho-chi-minh,quan-10,8,Cho thuê nhà đất,Thuê nhà,TPHCM,Quận 10
thuê nhà quận 4,590,https://muaban.net/bat-dong-san/cho-thue-nha-quan-4-ho-chi-minh,cate,cho thue,nha,ho-chi-minh,quan-4,6,Cho thuê nhà đất,Thuê nhà,TPHCM,Quận 4
thuê nhà thủ đức,590,https://muaban.net/bat-dong-san/cho-thue-nha-quan-thu-duc-ho-chi-minh,cate,cho thue,nha,ho-chi-minh,quan-thu-duc,3,Cho thuê nhà đất,Thuê nhà,TPHCM,TP. Thủ Đức
thuê nhà tân bình,590,https://muaban.net/bat-dong-san/cho-thue-nha-quan-tan-binh-ho-chi-minh,cate,cho thue,nha,ho-chi-minh,quan-tan-binh,4,Cho thuê nhà đất,Thuê nhà,TPHCM,Quận Tân Bình
cho thuê nhà nguyên căn gò vấp,480,https://muaban.net/bat-dong-san/cho-thue-nha-quan-go-vap-ho-chi-minh,cate,cho thue,nha,ho-chi-minh,quan-go-vap,5,Cho thuê nhà đất,Thuê nhà,TPHCM,Quận Gò Vấp
cho thuê nhà nguyên căn quận 7,480,https://muaban.net/bat-dong-san/cho-thue-nha-quan-7-ho-chi-minh,cate,cho thue,nha,ho-chi-minh,quan-7,6,Cho thuê nhà đất,Thuê nhà,TPHCM,Quận 7
cho thuê nhà quận 1,480,https://muaban.net/bat-dong-san/cho-thue-nha-quan-1-ho-chi-minh,cate,cho thue,nha,ho-chi-minh,quan-1,6,Cho thuê nhà đất,Thuê nhà,TPHCM,Quận 1
cho thuê nhà quận 10,480,https://muaban.net/bat-dong-san/cho-thue-nha-quan-10-ho-chi-minh,cate,cho thue,nha,ho-chi-minh,quan-10,6,Cho thuê nhà đất,Thuê nhà,TPHCM,Quận 10
nhà cho thuê gò vấp,480,https://muaban.net/bat-dong-san/cho-thue-nha-quan-go-vap-ho-chi-minh,cate,cho thue,nha,ho-chi-minh,quan-go-vap,7,Cho thuê nhà đất,Thuê nhà,TPHCM,Quận Gò Vấp
nhà cho thuê quận 12,480,https://muaban.net/bat-dong-san/cho-thue-nha-quan-12-ho-chi-minh,cate,cho thue,nha,ho-chi-minh,quan-12,6,Cho thuê nhà đất,Thuê nhà,TPHCM,Quận 12
thuê nhà nguyên căn quận 9,480,https://muaban.net/bat-dong-san/cho-thue-nha-quan-9-ho-chi-minh,cate,cho thue,nha,ho-chi-minh,quan-9,8,Cho thuê nhà đất,Thuê nhà,TPHCM,Quận 9 (TP. Thủ Đức)
thuê nhà nguyên căn bình thạnh dưới 10 triệu,450,https://muaban.net/tags/cho-thue-nha-quan-binh-thanh-ho-chi-minh-duoi-10-trieu,tag,cho thue,nha,ho-chi-minh,quan-binh-thanh,3,Tags,Tags,,
Cho thuê nhà nguyên căn giá 2tr TPhCM,390,https://muaban.net/tags/cho-thue-nha-ho-chi-minh-gia-2-trieu,tag,cho thue,nha,ho-chi-minh,,2,Mua bán nhà đất,Tags,Bà Rịa - Vũng Tàu,
Cho thuê nhà nguyên căn hóc Môn giá 2 triệu,390,https://muaban.net/tags/cho-thue-nha-huyen-hoc-mon-ho-chi-minh-gia-2-trieu,tag,cho thue,nha,ho-chi-minh,huyen-hoc-mon,4,Cho thuê nhà đất,Tags,Thừa Thiên Huế,
cho thuê nhà nguyên căn bình thạnh,390,https://muaban.net/bat-dong-san/cho-thue-nha-quan-binh-thanh-ho-chi-minh,cate,cho thue,nha,ho-chi-minh,quan-binh-thanh,5,Cho thuê nhà đất,Thuê nhà,TPHCM,Quận Bình Thạnh
cho thuê nhà quận 2,390,https://muaban.net/bat-dong-san/cho-thue-nha-quan-2-ho-chi-minh,cate,cho thue,nha,ho-chi-minh,quan-2,ngoai top 30,Cho thuê nhà đất,Thuê nhà,TPHCM,Quận 2 (TP. Thủ Đức)
cho thuê nhà quận 3,390,https://muaban.net/bat-dong-san/cho-thue-nha-quan-3-ho-chi-minh,cate,cho thue,nha,ho-chi-minh,quan-3,7,Cho thuê nhà đất,Thuê nhà,TPHCM,Quận 3
cho thuê nhà quận 6,390,https://muaban.net/bat-dong-san/cho-thue-nha-quan-6-ho-chi-minh,cate,cho thue,nha,ho-chi-minh,quan-6,7,Cho thuê nhà đất,Thuê nhà,TPHCM,Quận 6
cho thuê nhà thủ đức,390,https://muaban.net/bat-dong-san/cho-thue-nha-quan-thu-duc-ho-chi-minh,cate,cho thue,nha,ho-chi-minh,quan-thu-duc,4,Cho thuê nhà đất,Thuê nhà,TPHCM,TP. Thủ Đức
cho thuê nhà tân bình,390,https://muaban.net/bat-dong-san/cho-thue-nha-quan-tan-binh-ho-chi-minh,cate,cho thue,nha,ho-chi-minh,quan-tan-binh,6,Cho thuê nhà đất,Thuê nhà,TPHCM,Quận Tân Bình
nhà cho thuê hóc môn,390,https://muaban.net/bat-dong-san/cho-thue-nha-huyen-hoc-mon-ho-chi-minh,cate,cho thue,nha,ho-chi-minh,huyen-hoc-mon,4,Cho thuê nhà đất,Thuê nhà,TPHCM,Huyện Hóc Môn
nhà nguyên căn quận 12,390,https://muaban.net/bat-dong-san/cho-thue-nha-quan-12-ho-chi-minh,cate,cho thue,nha,ho-chi-minh,quan-12,9,Cho thuê nhà đất,Thuê nhà,TPHCM,Quận 12
nhà nguyên căn quận 7,390,https://muaban.net/bat-dong-san/cho-thue-nha-quan-7-ho-chi-minh,cate,cho thue,nha,ho-chi-minh,quan-7,8,Cho thuê nhà đất,Thuê nhà,TPHCM,Quận 7
nhà nguyên căn thủ đức,390,https://muaban.net/bat-dong-san/cho-thue-nha-quan-thu-duc-ho-chi-minh,cate,cho thue,nha,ho-chi-minh,quan-thu-duc,5,Cho thuê nhà đất,Thuê nhà,TPHCM,TP. Thủ Đức
thuê nhà nguyên căn Hóc Môn giá 2 triệu,390,https://muaban.net/tags/cho-thue-nha-huyen-hoc-mon-ho-chi-minh-gia-2-trieu,tag,cho thue,nha,ho-chi-minh,huyen-hoc-mon,3,Tags,Tags,,
thuê nhà nguyên căn giá 2tr TPHCM,390,https://muaban.net/tags/cho-thue-nha-ho-chi-minh-gia-2-trieu,tag,cho thue,nha,ho-chi-minh,,3,Tags,Tags,,
thuê nhà nguyên căn quận 4,390,https://muaban.net/bat-dong-san/cho-thue-nha-quan-4-ho-chi-minh,cate,cho thue,nha,ho-chi-minh,quan-4,6,Cho thuê nhà đất,Thuê nhà,TPHCM,Quận 4
thuê nhà phú nhuận,390,https://muaban.net/bat-dong-san/cho-thue-nha-quan-phu-nhuan-ho-chi-minh,cate,cho thue,nha,ho-chi-minh,quan-phu-nhuan,5,Cho thuê nhà đất,Thuê nhà,TPHCM,Quận Phú Nhuận
thuê nhà quận 5,390,https://muaban.net/bat-dong-san/cho-thue-nha-quan-5-ho-chi-minh,cate,cho thue,nha,ho-chi-minh,quan-5,6,Cho thuê nhà đất,Thuê nhà,TPHCM,Quận 5
thuê nhà quận 9,390,https://muaban.net/bat-dong-san/cho-thue-nha-quan-9-ho-chi-minh,cate,cho thue,nha,ho-chi-minh,quan-9,10,Cho thuê nhà đất,Thuê nhà,TPHCM,Quận 9 (TP. Thủ Đức)
thuê nhà quận tân phú,390,https://muaban.net/bat-dong-san/cho-thue-nha-quan-tan-phu-ho-chi-minh,cate,cho thue,nha,ho-chi-minh,quan-tan-phu,4,Cho thuê nhà đất,Thuê nhà,TPHCM,Quận Tân Phú
thuê nhà quận tân phú dưới 5 triệu,390,https://muaban.net/tags/cho-thue-nha-quan-tan-phu-ho-chi-minh-duoi-5-trieu,tag,cho thue,nha,ho-chi-minh,quan-tan-phu,4,Mua bán nhà đất,Tags,Đồng Nai,Huyện Tân Phú
thuê nhà tân phú dưới 5 triệu,390,https://muaban.net/tags/cho-thue-nha-quan-tan-phu-ho-chi-minh-duoi-5-trieu,tag,cho thue,nha,ho-chi-minh,quan-tan-phu,4,Tags,Tags,,
Thuê nhà nguyên căn Gò Vấp giá từ 5 triệu,320,https://muaban.net/tags/cho-thue-nha-quan-go-vap-ho-chi-minh-5-trieu,tag,cho thue,nha,ho-chi-minh,quan-go-vap,3,Tags,Tags,,
cho thuê nhà nguyên căn quận 9,320,https://muaban.net/bat-dong-san/cho-thue-nha-quan-9-ho-chi-minh,cate,cho thue,nha,ho-chi-minh,quan-9,10,Cho thuê nhà đất,Thuê nhà,TPHCM,Quận 9 (TP. Thủ Đức)
cho thuê nhà nguyên căn quận bình tân,320,https://muaban.net/bat-dong-san/cho-thue-nha-quan-binh-tan-ho-chi-minh,cate,cho thue,nha,ho-chi-minh,quan-binh-tan,3,Cho thuê nhà đất,Thuê nhà,TPHCM,Quận Bình Tân
cho thuê nhà nguyên căn tân phú,320,https://muaban.net/bat-dong-san/cho-thue-nha-quan-tan-phu-ho-chi-minh,cate,cho thue,nha,ho-chi-minh,quan-tan-phu,6,Cho thuê nhà đất,Thuê nhà,TPHCM,Quận Tân Phú
cho thuê nhà quận 4,320,https://muaban.net/bat-dong-san/cho-thue-nha-quan-4-ho-chi-minh,cate,cho thue,nha,ho-chi-minh,quan-4,7,Cho thuê nhà đất,Thuê nhà,TPHCM,Quận 4
nhà cho thuê quận 10,320,https://muaban.net/bat-dong-san/cho-thue-nha-quan-10-ho-chi-minh,cate,cho thue,nha,ho-chi-minh,quan-10,8,Cho thuê nhà đất,Thuê nhà,TPHCM,Quận 10
nhà cho thuê quận 6,320,https://muaban.net/bat-dong-san/cho-thue-nha-quan-6-ho-chi-minh,cate,cho thue,nha,ho-chi-minh,quan-6,8,Cho thuê nhà đất,Thuê nhà,TPHCM,Quận 6
nhà cho thuê quận tân phú,320,https://muaban.net/bat-dong-san/cho-thue-nha-quan-tan-phu-ho-chi-minh,cate,cho thue,nha,ho-chi-minh,quan-tan-phu,6,Cho thuê nhà đất,Thuê nhà,TPHCM,Quận Tân Phú
thuê nhà bình chánh,320,https://muaban.net/bat-dong-san/cho-thue-nha-huyen-binh-chanh-ho-chi-minh,cate,cho thue,nha,ho-chi-minh,huyen-binh-chanh,9,Cho thuê nhà đất,Thuê nhà,TPHCM,Huyện Bình Chánh
thuê nhà nguyên căn phú nhuận,320,https://muaban.net/bat-dong-san/cho-thue-nha-quan-phu-nhuan-ho-chi-minh,cate,cho thue,nha,ho-chi-minh,quan-phu-nhuan,7,Cho thuê nhà đất,Thuê nhà,TPHCM,Quận Phú Nhuận
thuê nhà nguyên căn quận 2,320,https://muaban.net/bat-dong-san/cho-thue-nha-quan-2-ho-chi-minh,cate,cho thue,nha,ho-chi-minh,quan-2,19,Cho thuê nhà đất,Thuê nhà,TPHCM,Quận 2 (TP. Thủ Đức)
thuê nhà nguyên căn quận 3,320,https://muaban.net/bat-dong-san/cho-thue-nha-quan-3-ho-chi-minh,cate,cho thue,nha,ho-chi-minh,quan-3,8,Cho thuê nhà đất,Thuê nhà,TPHCM,Quận 3
thuê nhà nguyên căn quận 6,320,https://muaban.net/bat-dong-san/cho-thue-nha-quan-6-ho-chi-minh,cate,cho thue,nha,ho-chi-minh,quan-6,8,Cho thuê nhà đất,Thuê nhà,TPHCM,Quận 6
thuê nhà nguyên căn quận 7 giá 10 triệu,320,https://muaban.net/tags/cho-thue-nha-quan-7-ho-chi-minh-duoi-10-trieu,tag,cho thue,nha,ho-chi-minh,quan-7-duoi,4,Tags,Tags,,
thuê nhà quận 11,320,https://muaban.net/bat-dong-san/cho-thue-nha-quan-11-ho-chi-minh,cate,cho thue,nha,ho-chi-minh,quan-11,8,Cho thuê nhà đất,Thuê nhà,TPHCM,Quận 11
Thuê nhà nguyên căn Quận Bình Tân giá 3 triệu,260,https://muaban.net/tags/cho-thue-nha-quan-binh-tan-ho-chi-minh-gia-3-trieu,tag,cho thue,nha,ho-chi-minh,quan-binh-tan,4,Tags,Tags,,
Thuê nhà nguyên căn Quận Tân Bình giá 6 triệu,260,https://muaban.net/tags/cho-thue-nha-quan-tan-binh-ho-chi-minh-gia-6-trieu,tag,cho thue,nha,ho-chi-minh,quan-tan-binh,4,Tags,Tags,,
cho thuê nhà hóc môn,260,https://muaban.net/bat-dong-san/cho-thue-nha-huyen-hoc-mon-ho-chi-minh,cate,cho thue,nha,ho-chi-minh,huyen-hoc-mon,5,Cho thuê nhà đất,Thuê nhà,TPHCM,Huyện Hóc Môn
cho thuê nhà nguyên căn bình tân,260,https://muaban.net/bat-dong-san/cho-thue-nha-quan-binh-tan-ho-chi-minh,cate,cho thue,nha,ho-chi-minh,quan-binh-tan,3,Cho thuê nhà đất,Thuê nhà,TPHCM,Quận Bình Tân
cho thuê nhà nguyên căn giá 2tr bình tân,260,https://muaban.net/bat-dong-san/cho-thue-nha-quan-binh-tan-ho-chi-minh,cate,cho thue,nha,ho-chi-minh,quan-binh-tan,4,Cho thuê nhà đất,Thuê nhà,TPHCM,Quận Bình Tân
cho thuê nhà nguyên căn quận 10,260,https://muaban.net/bat-dong-san/cho-thue-nha-quan-10-ho-chi-minh,cate,cho thue,nha,ho-chi-minh,quan-10,6,Cho thuê nhà đất,Thuê nhà,TPHCM,Quận 10
cho thuê nhà nguyên căn quận 8,260,https://muaban.net/bat-dong-san/cho-thue-nha-quan-8-ho-chi-minh,cate,cho thue,nha,ho-chi-minh,quan-8,7,Cho thuê nhà đất,Thuê nhà,TPHCM,Quận 8
cho thuê nhà nguyên căn tân bình,260,https://muaban.net/bat-dong-san/cho-thue-nha-quan-tan-binh-ho-chi-minh,cate,cho thue,nha,ho-chi-minh,quan-tan-binh,6,Cho thuê nhà đất,Thuê nhà,TPHCM,Quận Tân Bình
cho thuê nhà phú nhuận,260,https://muaban.net/bat-dong-san/cho-thue-nha-quan-phu-nhuan-ho-chi-minh,cate,cho thue,nha,ho-chi-minh,quan-phu-nhuan,5,Cho thuê nhà đất,Thuê nhà,TPHCM,Quận Phú Nhuận
cho thuê nhà quận 11,260,https://muaban.net/bat-dong-san/cho-thue-nha-quan-11-ho-chi-minh,cate,cho thue,nha,ho-chi-minh,quan-11,8,Cho thuê nhà đất,Thuê nhà,TPHCM,Quận 11
nhà cho thuê quận bình tân,260,https://muaban.net/bat-dong-san/cho-thue-nha-quan-binh-tan-ho-chi-minh,cate,cho thue,nha,ho-chi-minh,quan-binh-tan,3,Cho thuê nhà đất,Thuê nhà,TPHCM,Quận Bình Tân
nhà nguyên căn tân bình,260,https://muaban.net/bat-dong-san/cho-thue-nha-quan-tan-binh-ho-chi-minh,cate,cho thue,nha,ho-chi-minh,quan-tan-binh,6,Cho thuê nhà đất,Thuê nhà,TPHCM,Quận Tân Bình
thuê nhà nguyên căn hóc môn,260,https://muaban.net/bat-dong-san/cho-thue-nha-huyen-hoc-mon-ho-chi-minh,cate,cho thue,nha,ho-chi-minh,huyen-hoc-mon,7,Cho thuê nhà đất,Thuê nhà,TPHCM,Huyện Hóc Môn
thuê nhà nguyên căn quận 11,260,https://muaban.net/bat-dong-san/cho-thue-nha-quan-11-ho-chi-minh,cate,cho thue,nha,ho-chi-minh,quan-11,6,Cho thuê nhà đất,Thuê nhà,TPHCM,Quận 11
thuê nhà nguyên căn quận 5,260,https://muaban.net/bat-dong-san/cho-thue-nha-quan-5-ho-chi-minh,cate,cho thue,nha,ho-chi-minh,quan-5,7,Cho thuê nhà đất,Thuê nhà,TPHCM,Quận 5
thuê nhà nguyên căn quận 5 dưới 6 triệu,260,https://muaban.net/tags/cho-thue-nha-quan-5-ho-chi-minh-duoi-6-trieu,tag,cho thue,nha,ho-chi-minh,quan-5-duoi,3,Tags,Tags,,
thuê nhà quận tân bình,260,https://muaban.net/bat-dong-san/cho-thue-nha-quan-tan-binh-ho-chi-minh,cate,cho thue,nha,ho-chi-minh,quan-tan-binh,3,Cho thuê nhà đất,Thuê nhà,TPHCM,Quận Tân Bình
thuê nhà tân phú,260,https://muaban.net/bat-dong-san/cho-thue-nha-quan-tan-phu-ho-chi-minh,cate,cho thue,nha,ho-chi-minh,quan-tan-phu,6,Cho thuê nhà đất,Thuê nhà,TPHCM,Quận Tân Phú
Cho thuê nhà nguyên căn giá 2 tr Bình Tân,210,https://muaban.net/tags/cho-thue-nha-quan-binh-tan-ho-chi-minh-gia-2-trieu,tag,cho thue,nha,ho-chi-minh,quan-binh-tan,4,Tags,Tags,,
Thuê nhà nguyên căn Gò Vấp giá 3 triệu,210,https://muaban.net/tags/cho-thue-nha-quan-go-vap-ho-chi-minh-gia-3-trieu,tag,cho thue,nha,ho-chi-minh,quan-go-vap,3,Tags,Tags,,
Thuê nhà nguyên căn Quận 10 giá 7 triệu,210,https://muaban.net/tags/cho-thue-nha-quan-10-ho-chi-minh-gia-7-trieu,tag,cho thue,nha,ho-chi-minh,quan-10-gia,7,Tags,Tags,,
Thuê nhà nguyên căn Quận 3 giá 7 triệu,210,https://muaban.net/tags/cho-thue-nha-quan-3-ho-chi-minh-gia-7-trieu,tag,cho thue,nha,ho-chi-minh,quan-3-gia,5,Tags,Tags,,
Thuê nhà nguyên căn Quận 6 giá 4 triệu,210,https://muaban.net/tags/cho-thue-nha-quan-6-ho-chi-minh-gia-4-trieu,tag,cho thue,nha,ho-chi-minh,quan-6-gia,4,Tags,Tags,,
cho thuê nhà nguyên căn quận 2,210,https://muaban.net/bat-dong-san/cho-thue-nha-quan-2-ho-chi-minh,cate,cho thue,nha,ho-chi-minh,quan-2,19,Cho thuê nhà đất,Thuê nhà,TPHCM,Quận 2 (TP. Thủ Đức)
cho thuê nhà quận 5,210,https://muaban.net/bat-dong-san/cho-thue-nha-quan-5-ho-chi-minh,cate,cho thue,nha,ho-chi-minh,quan-5,9,Cho thuê nhà đất,Thuê nhà,TPHCM,Quận 5
cho thuê nhà quận 9,210,https://muaban.net/bat-dong-san/cho-thue-nha-quan-9-ho-chi-minh,cate,cho thue,nha,ho-chi-minh,quan-9,10,Cho thuê nhà đất,Thuê nhà,TPHCM,Quận 9 (TP. Thủ Đức)
nhà cho thuê quận 3,210,https://muaban.net/bat-dong-san/cho-thue-nha-quan-3-ho-chi-minh,cate,cho thue,nha,ho-chi-minh,quan-3,8,Cho thuê nhà đất,Thuê nhà,TPHCM,Quận 3
nhà nguyên căn quận 9,210,https://muaban.net/bat-dong-san/cho-thue-nha-quan-9-ho-chi-minh,cate,cho thue,nha,ho-chi-minh,quan-9,9,Cho thuê nhà đất,Thuê nhà,TPHCM,Quận 9 (TP. Thủ Đức)
thuê nhà nguyên căn nhà bè,210,https://muaban.net/bat-dong-san/cho-thue-nha-huyen-nha-be-ho-chi-minh,cate,cho thue,nha,ho-chi-minh,huyen-nha-be,3,Cho thuê nhà đất,Thuê nhà,TPHCM,Huyện Nhà Bè
thuê nhà ngắn hạn 1 tháng tphcm,210,https://muaban.net/tags/thue-nha-ngan-han-1-thang-ho-chi-minh,tag,cho thue,nha,ho-chi-minh,,4,Tags,Tags,,
Thuê nhà nguyên căn Quận 8 giá 5 triệu,170,https://muaban.net/tags/cho-thue-nha-quan-8-ho-chi-minh-gia-5-trieu,tag,cho thue,nha,ho-chi-minh,quan-8-gia,3,Tags,Tags,,
Tìm nhà cho thuê Tân Phú giá 3 triệu,170,https://muaban.net/tags/cho-thue-nha-quan-tan-phu-ho-chi-minh-gia-3-trieu,tag,cho thue,nha,ho-chi-minh,quan-tan-phu,3,Tags,Tags,,
cho thuê nhà nguyên căn phú nhuận,170,https://muaban.net/bat-dong-san/cho-thue-nha-quan-phu-nhuan-ho-chi-minh,cate,cho thue,nha,ho-chi-minh,quan-phu-nhuan,5,Cho thuê nhà đất,Thuê nhà,TPHCM,Quận Phú Nhuận
cho thuê nhà nguyên căn quận 3,170,https://muaban.net/bat-dong-san/cho-thue-nha-quan-3-ho-chi-minh,cate,cho thue,nha,ho-chi-minh,quan-3,7,Cho thuê nhà đất,Thuê nhà,TPHCM,Quận 3
cho thuê nhà nguyên căn quận 4,170,https://muaban.net/bat-dong-san/cho-thue-nha-quan-4-ho-chi-minh,cate,cho thue,nha,ho-chi-minh,quan-4,7,Cho thuê nhà đất,Thuê nhà,TPHCM,Quận 4
cho thuê nhà nguyên căn quận 6,170,https://muaban.net/bat-dong-san/cho-thue-nha-quan-6-ho-chi-minh,cate,cho thue,nha,ho-chi-minh,quan-6,8,Cho thuê nhà đất,Thuê nhà,TPHCM,Quận 6
nhà cho thuê bình chánh,170,https://muaban.net/bat-dong-san/cho-thue-nha-huyen-binh-chanh-ho-chi-minh,cate,cho thue,nha,ho-chi-minh,huyen-binh-chanh,8,Cho thuê nhà đất,Thuê nhà,TPHCM,Huyện Bình Chánh
thuê nhà củ chi,170,https://muaban.net/bat-dong-san/cho-thue-nha-huyen-cu-chi-ho-chi-minh,cate,cho thue,nha,ho-chi-minh,huyen-cu-chi,7,Cho thuê nhà đất,Thuê nhà,TPHCM,Huyện Củ Chi
thuê nhà nguyên căn bình thạnh 4tr,170,https://muaban.net/tags/cho-thue-nha-quan-binh-thanh-ho-chi-minh-duoi-4-trieu,tag,cho thue,nha,ho-chi-minh,quan-binh-thanh,7,Tags,Tags,,
Cho thuê nhà quận 3 dưới 10 triệu,150,https://muaban.net/tags/cho-thue-nha-quan-3-ho-chi-minh-duoi-10-trieu,tag,cho thue,nha,ho-chi-minh,quan-3-duoi,3,Tags,Tags,,
nhà cho thuê thủ đức,150,https://muaban.net/bat-dong-san/cho-thue-nha-quan-thu-duc-ho-chi-minh,cate,cho thue,nha,ho-chi-minh,quan-thu-duc,5,Cho thuê nhà đất,Thuê nhà,,
Thuê nhà Quận 10 giá 3 triệu,140,https://muaban.net/tags/cho-thue-nha-quan-10-ho-chi-minh-gia-3-trieu,tag,cho thue,nha,ho-chi-minh,quan-10-gia,10,Tags,Tags,,
Thuê nhà nguyên căn Quận 12 giá 5 triệu,140,https://muaban.net/tags/cho-thue-nha-quan-12-ho-chi-minh-gia-5-trieu,tag,cho thue,nha,ho-chi-minh,quan-12-gia,3,Tags,Tags,,
nhà cho thuê quận 2,140,https://muaban.net/bat-dong-san/cho-thue-nha-quan-2-ho-chi-minh,cate,cho thue,nha,ho-chi-minh,quan-2,19,Cho thuê nhà đất,Thuê nhà,TPHCM,Quận 2 (TP. Thủ Đức)
nhà cho thuê quận tân bình,140,https://muaban.net/bat-dong-san/cho-thue-nha-quan-tan-binh-ho-chi-minh,cate,cho thue,nha,ho-chi-minh,quan-tan-binh,6,Cho thuê nhà đất,Thuê nhà,TPHCM,Quận Tân Bình
nhà nguyên căn phú nhuận,140,https://muaban.net/bat-dong-san/cho-thue-nha-quan-phu-nhuan-ho-chi-minh,cate,cho thue,nha,ho-chi-minh,quan-phu-nhuan,4,Cho thuê nhà đất,Thuê nhà,TPHCM,Quận Phú Nhuận
nhà nguyên căn quận 10,140,https://muaban.net/bat-dong-san/cho-thue-nha-quan-10-ho-chi-minh,cate,cho thue,nha,ho-chi-minh,quan-10,7,Cho thuê nhà đất,Thuê nhà,TPHCM,Quận 10
thuê nhà nguyên căn quận bình thạnh,140,https://muaban.net/bat-dong-san/cho-thue-nha-quan-binh-thanh-ho-chi-minh,cate,cho thue,nha,ho-chi-minh,quan-binh-thanh,7,Cho thuê nhà đất,Thuê nhà,TPHCM,Quận Bình Thạnh
thuê nhà nguyên căn quận phú nhuận giá 7tr,140,https://muaban.net/tags/cho-thue-nha-quan-phu-nhuan-ho-chi-minh-duoi-7-trieu,tag,cho thue,nha,ho-chi-minh,quan-phu-nhuan,4,Tags,Tags,,
thuê nhà quận gò vấp,140,https://muaban.net/bat-dong-san/cho-thue-nha-quan-go-vap-ho-chi-minh,cate,cho thue,nha,ho-chi-minh,quan-go-vap,5,Cho thuê nhà đất,Thuê nhà,TPHCM,Quận Gò Vấp
thuê nhà quận phú nhuận,140,https://muaban.net/bat-dong-san/cho-thue-nha-quan-phu-nhuan-ho-chi-minh,cate,cho thue,nha,ho-chi-minh,quan-phu-nhuan,6,Cho thuê nhà đất,Thuê nhà,TPHCM,Quận Phú Nhuận
Nhà cho thuê Quận Bình Tân giá 5-10tr,110,https://muaban.net/tags/cho-thue-nha-quan-binh-tan-ho-chi-minh-tu-5-den-10-trieu,tag,cho thue,nha,ho-chi-minh,quan-binh-tan,3,Tags,Tags,,
Thuê nhà Quận 4 giá 3 triệu,110,https://muaban.net/tags/thue-nha-quan-4-ho-chi-minh-gia-3-trieu,tag,cho thue,nha,ho-chi-minh,quan-4-gia,6,Tags,Tags,,
Thuê nhà nguyên căn Nhà Bè giá 3 triệu,110,https://muaban.net/tags/cho-thue-nha-huyen-nha-be-ho-chi-minh-gia-3-trieu,tag,cho thue,nha,ho-chi-minh,huyen-nha-be,6,Tags,Tags,,
Thuê nhà nguyên căn Quận 11 giá 3 triệu,110,https://muaban.net/tags/cho-thue-nha-quan-11-ho-chi-minh-gia-3-trieu,tag,cho thue,nha,ho-chi-minh,quan-11-gia,2,Tags,Tags,,
Thuê nhà nguyên căn Quận 11 giá 6 triệu,110,https://muaban.net/tags/cho-thue-nha-quan-11-ho-chi-minh-gia-6-trieu,tag,cho thue,nha,ho-chi-minh,quan-11-gia,3,Tags,Tags,,
cho thuê nhà củ chi,110,https://muaban.net/bat-dong-san/cho-thue-nha-huyen-cu-chi-ho-chi-minh,cate,cho thue,nha,ho-chi-minh,huyen-cu-chi,9,Cho thuê nhà đất,Thuê nhà,TPHCM,Huyện Củ Chi
cho thuê nhà nguyên căn tphcm,110,https://muaban.net/bat-dong-san/cho-thue-nha-ho-chi-minh,cate,cho thue,nha,ho-chi-minh,,11,Cho thuê nhà đất,Thuê nhà,TPHCM,
cho thuê nhà quận phú nhuận,110,https://muaban.net/bat-dong-san/cho-thue-nha-quan-phu-nhuan-ho-chi-minh,cate,cho thue,nha,ho-chi-minh,quan-phu-nhuan,5,Cho thuê nhà đất,Thuê nhà,TPHCM,Quận Phú Nhuận
nhà cho thuê nguyên căn gò vấp,110,https://muaban.net/bat-dong-san/cho-thue-nha-quan-go-vap-ho-chi-minh,cate,cho thue,nha,ho-chi-minh,quan-go-vap,5,Cho thuê nhà đất,Thuê nhà,TPHCM,Quận Gò Vấp
nhà cho thuê q11,110,https://muaban.net/bat-dong-san/cho-thue-nha-quan-11-ho-chi-minh,cate,cho thue,nha,ho-chi-minh,quan-11,6,Cho thuê nhà đất,Thuê nhà,TPHCM,Quận 11
nhà cho thuê quận bình tân giá 2 triệu,110,https://muaban.net/bat-dong-san/cho-thue-nha-quan-binh-tan-ho-chi-minh,cate,cho thue,nha,ho-chi-minh,quan-binh-tan,7,Cho thuê nhà đất,Thuê nhà,TPHCM,Quận Bình Tân
nhà nguyên căn cho thuê quận bình thạnh,110,https://muaban.net/bat-dong-san/cho-thue-nha-quan-binh-thanh-ho-chi-minh,cate,cho thue,nha,ho-chi-minh,quan-binh-thanh,7,Cho thuê nhà đất,Thuê nhà,TPHCM,Quận Bình Thạnh
thuê nhà nguyên căn củ chi,110,https://muaban.net/bat-dong-san/cho-thue-nha-huyen-cu-chi-ho-chi-minh,cate,cho thue,nha,ho-chi-minh,huyen-cu-chi,8,Cho thuê nhà đất,Thuê nhà,TPHCM,Huyện Củ Chi
thuê nhà nguyên căn giá 4 triệu,110,https://muaban.net/tags/cho-thue-nha-quan-5-ho-chi-minh-duoi-4-trieu,tag,cho thue,nha,ho-chi-minh,quan-5-duoi,1,Tags,Tags,,
thuê nhà nguyên căn quận 3 giá rẻ,110,https://muaban.net/bat-dong-san/cho-thue-nha-quan-3-ho-chi-minh,cate,cho thue,nha,ho-chi-minh,quan-3,7,Cho thuê nhà đất,Thuê nhà,TPHCM,Quận 3
thuê nhà nguyên căn quận 4 giá 5 triệu,110,https://muaban.net/tags/cho-thue-nha-quan-4-ho-chi-minh-duoi-5-trieu,tag,cho thue,nha,ho-chi-minh,quan-4-duoi,5,Tags,Tags,,
thuê nhà nguyên căn quận bình thạnh giá 6 triệu,110,https://muaban.net/tags/cho-thue-nha-quan-binh-thanh-ho-chi-minh-duoi-6-trieu,tag,cho thue,nha,ho-chi-minh,quan-binh-thanh,4,Tags,Tags,,
thuê nhà nguyên căn quận bình tân,110,https://muaban.net/bat-dong-san/cho-thue-nha-quan-binh-tan-ho-chi-minh,cate,cho thue,nha,ho-chi-minh,quan-binh-tan,3,Cho thuê nhà đất,Thuê nhà,TPHCM,Quận Bình Tân
cho thuê nhà thủ đức 3tr đến 6 triệu,100,https://muaban.net/tags/cho-thue-nha-thu-duc-ho-chi-minh-tu-3-den-6-trieu,tag,cho thue,nha,ho-chi-minh,,1,Tags,Tags,,
nhà cho thuê quận 6 giá rẻ,100,https://muaban.net/bat-dong-san/cho-thue-nha-quan-6-ho-chi-minh,cate,cho thue,nha,ho-chi-minh,quan-6,6,Cho thuê nhà đất,Thuê nhà,TPHCM,Quận 6
thuê nhà q8,100,https://muaban.net/bat-dong-san/cho-thue-nha-quan-8-ho-chi-minh,cate,cho thue,nha,ho-chi-minh,quan-8,9,Cho thuê nhà đất,Thuê nhà,TPHCM,Quận 8
phòng trọ quận 7,2.400,https://muaban.net/bat-dong-san/cho-thue-nha-tro-phong-tro-quan-7-ho-chi-minh,cate,cho thue,"nha tro, phong tro",ho-chi-minh,quan-7,5,Cho thuê nhà đất,"Nhà trọ, Phòng trọ",TPHCM,Quận 7
phòng trọ thủ đức,2.400,https://muaban.net/bat-dong-san/cho-thue-nha-tro-phong-tro-quan-thu-duc-ho-chi-minh,cate,cho thue,"nha tro, phong tro",ho-chi-minh,quan-thu-duc,17,Cho thuê nhà đất,"Nhà trọ, Phòng trọ",TPHCM,TP. Thủ Đức
nhà trọ quận 7,1.600,https://muaban.net/bat-dong-san/cho-thue-nha-tro-phong-tro-quan-7-ho-chi-minh,cate,cho thue,"nha tro, phong tro",ho-chi-minh,quan-7,5,Cho thuê nhà đất,"Nhà trọ, Phòng trọ",TPHCM,Quận 7
phòng trọ quận 10,1.600,https://muaban.net/bat-dong-san/cho-thue-nha-tro-phong-tro-quan-10-ho-chi-minh,cate,cho thue,"nha tro, phong tro",ho-chi-minh,quan-10,9,Cho thuê nhà đất,"Nhà trọ, Phòng trọ",TPHCM,Quận 10
phòng trọ quận 12,1.600,https://muaban.net/bat-dong-san/cho-thue-nha-tro-phong-tro-quan-12-ho-chi-minh,cate,cho thue,"nha tro, phong tro",ho-chi-minh,quan-12,4,Cho thuê nhà đất,"Nhà trọ, Phòng trọ",TPHCM,Quận 12
nhà trọ thủ đức,1.300,https://muaban.net/bat-dong-san/cho-thue-nha-tro-phong-tro-quan-thu-duc-ho-chi-minh,cate,cho thue,"nha tro, phong tro",ho-chi-minh,quan-thu-duc,15,Cho thuê nhà đất,"Nhà trọ, Phòng trọ",TPHCM,TP. Thủ Đức
phòng trọ quận 8,1.300,https://muaban.net/bat-dong-san/cho-thue-nha-tro-phong-tro-quan-8-ho-chi-minh,cate,cho thue,"nha tro, phong tro",ho-chi-minh,quan-8,6,Cho thuê nhà đất,"Nhà trọ, Phòng trọ",TPHCM,Quận 8
phòng trọ quận 2,1.000,https://muaban.net/bat-dong-san/cho-thue-nha-tro-phong-tro-quan-2-ho-chi-minh,cate,cho thue,"nha tro, phong tro",ho-chi-minh,quan-2,15,Cho thuê nhà đất,"Nhà trọ, Phòng trọ",TPHCM,Quận 2 (TP. Thủ Đức)
phòng trọ quận 3,1.000,https://muaban.net/bat-dong-san/cho-thue-nha-tro-phong-tro-quan-3-ho-chi-minh,cate,cho thue,"nha tro, phong tro",ho-chi-minh,quan-3,8,Cho thuê nhà đất,"Nhà trọ, Phòng trọ",TPHCM,Quận 3
phòng trọ quận 9,1.000,https://muaban.net/bat-dong-san/cho-thue-nha-tro-phong-tro-quan-9-ho-chi-minh,cate,cho thue,"nha tro, phong tro",ho-chi-minh,quan-9,13,Cho thuê nhà đất,"Nhà trọ, Phòng trọ",TPHCM,Quận 9 (TP. Thủ Đức)
nhà trọ quận 10,880,https://muaban.net/bat-dong-san/cho-thue-nha-tro-phong-tro-quan-10-ho-chi-minh,cate,cho thue,"nha tro, phong tro",ho-chi-minh,quan-10,10,Cho thuê nhà đất,"Nhà trọ, Phòng trọ",TPHCM,Quận 10
nhà trọ quận 8,880,https://muaban.net/bat-dong-san/cho-thue-nha-tro-phong-tro-quan-8-ho-chi-minh,cate,cho thue,"nha tro, phong tro",ho-chi-minh,quan-8,8,Cho thuê nhà đất,"Nhà trọ, Phòng trọ",TPHCM,Quận 8
phòng trọ quận 4,880,https://muaban.net/bat-dong-san/cho-thue-nha-tro-phong-tro-quan-4-ho-chi-minh,cate,cho thue,"nha tro, phong tro",ho-chi-minh,quan-4,8,Cho thuê nhà đất,"Nhà trọ, Phòng trọ",TPHCM,Quận 4
phòng trọ quận 5,880,https://muaban.net/bat-dong-san/cho-thue-nha-tro-phong-tro-quan-5-ho-chi-minh,cate,cho thue,"nha tro, phong tro",ho-chi-minh,quan-5,19,Cho thuê nhà đất,"Nhà trọ, Phòng trọ",TPHCM,Quận 5
phòng trọ tphcm,720,https://muaban.net/bat-dong-san/cho-thue-nha-tro-phong-tro-ho-chi-minh,cate,cho thue,"nha tro, phong tro",ho-chi-minh,,15,Cho thuê nhà đất,"Nhà trọ, Phòng trọ",TPHCM,
nhà trọ quận 2,590,https://muaban.net/bat-dong-san/cho-thue-nha-tro-phong-tro-quan-2-ho-chi-minh,cate,cho thue,"nha tro, phong tro",ho-chi-minh,quan-2,16,Cho thuê nhà đất,"Nhà trọ, Phòng trọ",TPHCM,Quận 2 (TP. Thủ Đức)
nhà trọ quận 9,590,https://muaban.net/bat-dong-san/cho-thue-nha-tro-phong-tro-quan-9-ho-chi-minh,cate,cho thue,"nha tro, phong tro",ho-chi-minh,quan-9,15,Cho thuê nhà đất,"Nhà trọ, Phòng trọ",TPHCM,Quận 9 (TP. Thủ Đức)
phòng trọ quận 1,590,https://muaban.net/bat-dong-san/cho-thue-nha-tro-phong-tro-quan-1-ho-chi-minh,cate,cho thue,"nha tro, phong tro",ho-chi-minh,quan-1,9,Cho thuê nhà đất,"Nhà trọ, Phòng trọ",TPHCM,Quận 1
phòng trọ quận 11,590,https://muaban.net/bat-dong-san/cho-thue-nha-tro-phong-tro-quan-11-ho-chi-minh,cate,cho thue,"nha tro, phong tro",ho-chi-minh,quan-11,8,Cho thuê nhà đất,"Nhà trọ, Phòng trọ",TPHCM,Quận 11
phòng trọ quận 6,590,https://muaban.net/bat-dong-san/cho-thue-nha-tro-phong-tro-quan-6-ho-chi-minh,cate,cho thue,"nha tro, phong tro",ho-chi-minh,quan-6,9,Cho thuê nhà đất,"Nhà trọ, Phòng trọ",TPHCM,Quận 6
Sleep box Quận 10,480,https://muaban.net/tags/cho-thue-phong-tro-sleepbox-quan-10-ho-chi-minh,tag,cho thue,"nha tro, phong tro",ho-chi-minh,quan-10,5,Cho thuê nhà đất,Tags,Cần Thơ,Quận Ninh Kiều
Sleep box Quận 10 giá rẻ,480,https://muaban.net/tags/cho-thue-phong-tro-sleepbox-quan-10-ho-chi-minh,tag,cho thue,"nha tro, phong tro",ho-chi-minh,quan-10,7,Tags,Tags,,
cho thuê phòng trọ quận 7,480,https://muaban.net/bat-dong-san/cho-thue-nha-tro-phong-tro-quan-7-ho-chi-minh,cate,cho thue,"nha tro, phong tro",ho-chi-minh,quan-7,4,Cho thuê nhà đất,"Nhà trọ, Phòng trọ",TPHCM,Quận 7
nhà trọ quận 4,480,https://muaban.net/bat-dong-san/cho-thue-nha-tro-phong-tro-quan-4-ho-chi-minh,cate,cho thue,"nha tro, phong tro",ho-chi-minh,quan-4,9,Cho thuê nhà đất,"Nhà trọ, Phòng trọ",TPHCM,Quận 4
nhà trọ quận 5,480,https://muaban.net/bat-dong-san/cho-thue-nha-tro-phong-tro-quan-5-ho-chi-minh,cate,cho thue,"nha tro, phong tro",ho-chi-minh,quan-5,10,Cho thuê nhà đất,"Nhà trọ, Phòng trọ",TPHCM,Quận 5
phòng trọ quận tân bình,480,https://muaban.net/bat-dong-san/cho-thue-nha-tro-phong-tro-quan-tan-binh-ho-chi-minh,cate,cho thue,"nha tro, phong tro",ho-chi-minh,quan-tan-binh,10,Cho thuê nhà đất,"Nhà trọ, Phòng trọ",TPHCM,Quận Tân Bình
thuê phòng trọ quận 7,480,https://muaban.net/bat-dong-san/cho-thue-nha-tro-phong-tro-quan-7-ho-chi-minh,cate,cho thue,"nha tro, phong tro",ho-chi-minh,quan-7,4,Cho thuê nhà đất,"Nhà trọ, Phòng trọ",TPHCM,Quận 7
Phòng trọ 1 người ở Bình Thạnh,390,https://muaban.net/tags/cho-thue-phong-tro-1-nguoi-o-quan-binh-thanh-ho-chi-minh,tag,cho thue,"nha tro, phong tro",ho-chi-minh,quan-binh-thanh,8,Mua bán nhà đất,Tags,Đồng Nai,Huyện Vĩnh Cửu
nhà trọ quận 3,390,https://muaban.net/bat-dong-san/cho-thue-nha-tro-phong-tro-quan-3-ho-chi-minh,cate,cho thue,"nha tro, phong tro",ho-chi-minh,quan-3,9,Cho thuê nhà đất,"Nhà trọ, Phòng trọ",TPHCM,Quận 3
nhà trọ quận 6,390,https://muaban.net/bat-dong-san/cho-thue-nha-tro-phong-tro-quan-6-ho-chi-minh,cate,cho thue,"nha tro, phong tro",ho-chi-minh,quan-6,10,Cho thuê nhà đất,"Nhà trọ, Phòng trọ",TPHCM,Quận 6
phòng trọ gò vấp,390,https://muaban.net/bat-dong-san/cho-thue-nha-tro-phong-tro-quan-go-vap-ho-chi-minh,cate,cho thue,"nha tro, phong tro",ho-chi-minh,quan-go-vap,4,Mua bán nhà đất,"Nhà trọ, Phòng trọ",,
phòng trọ hóc môn,390,https://muaban.net/bat-dong-san/cho-thue-nha-tro-phong-tro-huyen-hoc-mon-ho-chi-minh,cate,cho thue,"nha tro, phong tro",ho-chi-minh,huyen-hoc-mon,8,Cho thuê nhà đất,"Nhà trọ, Phòng trọ",TPHCM,Huyện Hóc Môn
phòng trọ quận bình thạnh,390,https://muaban.net/bat-dong-san/cho-thue-nha-tro-phong-tro-quan-binh-thanh-ho-chi-minh,cate,cho thue,"nha tro, phong tro",ho-chi-minh,quan-binh-thanh,12,Cho thuê nhà đất,"Nhà trọ, Phòng trọ",TPHCM,Quận Bình Thạnh
phòng trọ quận tân phú,390,https://muaban.net/bat-dong-san/cho-thue-nha-tro-phong-tro-quan-tan-phu-ho-chi-minh,cate,cho thue,"nha tro, phong tro",ho-chi-minh,quan-tan-phu,6,Cho thuê nhà đất,"Nhà trọ, Phòng trọ",TPHCM,Quận Tân Phú
thuê phòng trọ quận 10,390,https://muaban.net/bat-dong-san/cho-thue-nha-tro-phong-tro-quan-10-ho-chi-minh,cate,cho thue,"nha tro, phong tro",ho-chi-minh,quan-10,10,Cho thuê nhà đất,"Nhà trọ, Phòng trọ",TPHCM,Quận 10
Phòng trọ Bình Thạnh có gác,320,https://muaban.net/tags/cho-thue-phong-tro-co-gac-quan-binh-thanh-ho-chi-minh,tag,cho thue,"nha tro, phong tro",ho-chi-minh,quan-binh-thanh,10,Tags,Tags,,
Sleepbox Quận 7,320,https://muaban.net/tags/cho-thue-phong-tro-sleepbox-quan-7-ho-chi-minh,tag,cho thue,"nha tro, phong tro",ho-chi-minh,quan-7,16,Tags,Tags,,
nhà trọ bình chánh,320,https://muaban.net/bat-dong-san/cho-thue-nha-tro-phong-tro-huyen-binh-chanh-ho-chi-minh,cate,cho thue,"nha tro, phong tro",ho-chi-minh,huyen-binh-chanh,19,Cho thuê nhà đất,"Nhà trọ, Phòng trọ",TPHCM,Huyện Bình Chánh
phòng trọ hiệp bình chánh,300,https://muaban.net/bat-dong-san/cho-thue-nha-tro-phong-tro-phuong-hiep-binh-chanh-quan-thu-duc-ho-chi-minh,cate,cho thue,"nha tro, phong tro",ho-chi-minh,quan-thu-duc,9,Cho thuê nhà đất,"Nhà trọ, Phòng trọ",,
nhà trọ quận 1,260,https://muaban.net/bat-dong-san/cho-thue-nha-tro-phong-tro-quan-1-ho-chi-minh,cate,cho thue,"nha tro, phong tro",ho-chi-minh,quan-1,14,Cho thuê nhà đất,"Nhà trọ, Phòng trọ",TPHCM,Quận 1
nhà trọ quận 11,260,https://muaban.net/bat-dong-san/cho-thue-nha-tro-phong-tro-quan-11-ho-chi-minh,cate,cho thue,"nha tro, phong tro",ho-chi-minh,quan-11,17,Cho thuê nhà đất,"Nhà trọ, Phòng trọ",TPHCM,Quận 11
thuê phòng trọ quận 2,260,https://muaban.net/bat-dong-san/cho-thue-nha-tro-phong-tro-quan-2-ho-chi-minh,cate,cho thue,"nha tro, phong tro",ho-chi-minh,quan-2,11,Cho thuê nhà đất,"Nhà trọ, Phòng trọ",TPHCM,Quận 2 (TP. Thủ Đức)
thuê phòng trọ thủ đức,260,https://muaban.net/bat-dong-san/cho-thue-nha-tro-phong-tro-quan-thu-duc-ho-chi-minh,cate,cho thue,"nha tro, phong tro",ho-chi-minh,quan-thu-duc,9,Cho thuê nhà đất,"Nhà trọ, Phòng trọ",TPHCM,TP. Thủ Đức
Phòng trọ 1 người ở Gò Vấp,210,https://muaban.net/tags/cho-thue-phong-tro-1-nguoi-o-quan-go-vap-ho-chi-minh,tag,cho thue,"nha tro, phong tro",ho-chi-minh,quan-go-vap,6,Tags,Tags,,
Phòng trọ Quận 10 có gác,210,https://muaban.net/tags/cho-thue-phong-tro-co-gac-quan-10-ho-chi-minh,tag,cho thue,"nha tro, phong tro",ho-chi-minh,quan-10,9,Tags,Tags,,
Phòng trọ Quận 8 giá 1-2 triệu,210,https://muaban.net/tags/cho-thue-phong-tro-quan-8-ho-chi-minh-tu-1-den-2-trieu,tag,cho thue,"nha tro, phong tro",ho-chi-minh,quan-8-tu,5,Tags,Tags,,
Sleepbox Quận 1,210,https://muaban.net/tags/cho-thue-phong-tro-sleepbox-quan-1-ho-chi-minh,tag,cho thue,"nha tro, phong tro",ho-chi-minh,quan-1,10,Tags,Tags,,
cho thuê phòng trọ quận 10,210,https://muaban.net/bat-dong-san/cho-thue-nha-tro-phong-tro-quan-10-ho-chi-minh,cate,cho thue,"nha tro, phong tro",ho-chi-minh,quan-10,10,Cho thuê nhà đất,"Nhà trọ, Phòng trọ",TPHCM,Quận 10
nhà trọ nhà bè,210,https://muaban.net/bat-dong-san/cho-thue-nha-tro-phong-tro-huyen-nha-be-ho-chi-minh,cate,cho thue,"nha tro, phong tro",ho-chi-minh,huyen-nha-be,20,Cho thuê nhà đất,"Nhà trọ, Phòng trọ",TPHCM,Huyện Nhà Bè
phòng trọ bình chánh,210,https://muaban.net/bat-dong-san/cho-thue-nha-tro-phong-tro-huyen-binh-chanh-ho-chi-minh,cate,cho thue,"nha tro, phong tro",ho-chi-minh,huyen-binh-chanh,20,Cho thuê nhà đất,"Nhà trọ, Phòng trọ",TPHCM,Huyện Bình Chánh
phòng trọ quận bình tân,210,https://muaban.net/bat-dong-san/cho-thue-nha-tro-phong-tro-quan-binh-tan-ho-chi-minh,cate,cho thue,"nha tro, phong tro",ho-chi-minh,quan-binh-tan,9,Cho thuê nhà đất,"Nhà trọ, Phòng trọ",TPHCM,Quận Bình Tân
phòng trọ quận phú nhuận,210,https://muaban.net/bat-dong-san/cho-thue-nha-tro-phong-tro-quan-phu-nhuan-ho-chi-minh,cate,cho thue,"nha tro, phong tro",ho-chi-minh,quan-phu-nhuan,9,Cho thuê nhà đất,"Nhà trọ, Phòng trọ",TPHCM,Quận Phú Nhuận
thuê phòng trọ quận 3,210,https://muaban.net/bat-dong-san/cho-thue-nha-tro-phong-tro-quan-3-ho-chi-minh,cate,cho thue,"nha tro, phong tro",ho-chi-minh,quan-3,8,Cho thuê nhà đất,"Nhà trọ, Phòng trọ",TPHCM,Quận 3
thuê phòng trọ quận 8,210,https://muaban.net/bat-dong-san/cho-thue-nha-tro-phong-tro-quan-8-ho-chi-minh,cate,cho thue,"nha tro, phong tro",ho-chi-minh,quan-8,10,Cho thuê nhà đất,"Nhà trọ, Phòng trọ",TPHCM,Quận 8
thuê phòng trọ quận phú nhuận dưới 2 triệu,210,https://muaban.net/tags/cho-thue-phong-tro-quan-phu-nhuan-ho-chi-minh-duoi-2-trieu,tag,cho thue,"nha tro, phong tro",ho-chi-minh,quan-phu-nhuan,7,Tags,Tags,,
phòng trọ quận 8 giá 1 triệu,200,https://muaban.net/tags/cho-thue-phong-tro-quan-8-ho-chi-minh-duoi-1-trieu,tag,cho thue,"nha tro, phong tro",ho-chi-minh,quan-8-duoi,6,Tags,Tags,,
Ký túc xá Quận 10,170,https://muaban.net/tags/cho-thue-phong-tro-ktx-quan-10-ho-chi-minh,tag,cho thue,"nha tro, phong tro",ho-chi-minh,quan-10,7,Tags,Tags,,
Phòng trọ Quận 12 dưới 2 triệu,170,https://muaban.net/tags/cho-thue-phong-tro-quan-12-ho-chi-minh-duoi-2-trieu,tag,cho thue,"nha tro, phong tro",ho-chi-minh,quan-12-duoi,3,Tags,Tags,,
cho thuê phòng trọ thủ đức,170,https://muaban.net/bat-dong-san/cho-thue-nha-tro-phong-tro-quan-thu-duc-ho-chi-minh,cate,cho thue,"nha tro, phong tro",ho-chi-minh,quan-thu-duc,9,Cho thuê nhà đất,"Nhà trọ, Phòng trọ",TPHCM,TP. Thủ Đức
phòng trọ quận gò vấp,170,https://muaban.net/bat-dong-san/cho-thue-nha-tro-phong-tro-quan-go-vap-ho-chi-minh,cate,cho thue,"nha tro, phong tro",ho-chi-minh,quan-go-vap,5,Cho thuê nhà đất,"Nhà trọ, Phòng trọ",TPHCM,Quận Gò Vấp
thuê phòng trọ quận bình thạnh dưới 1 triệu,150,https://muaban.net/tags/cho-thue-phong-tro-quan-binh-thanh-ho-chi-minh-duoi-1-trieu,tag,cho thue,"nha tro, phong tro",ho-chi-minh,quan-binh-thanh,7,Tags,Tags,,
thuê phòng trọ quận bình thạnh dưới 2 triệu,150,https://muaban.net/tags/cho-thue-phong-tro-quan-binh-thanh-ho-chi-minh-duoi-2-trieu,tag,cho thue,"nha tro, phong tro",ho-chi-minh,quan-binh-thanh,10,Tags,Tags,,
Ký túc xá Quận 7,140,https://muaban.net/tags/cho-thue-phong-tro-ktx-quan-7-ho-chi-minh,tag,cho thue,"nha tro, phong tro",ho-chi-minh,quan-7,5,Tags,Tags,,
Phòng trọ Quận 12 dưới 1 triệu,140,https://muaban.net/tags/cho-thue-phong-tro-quan-12-ho-chi-minh-duoi-1-trieu,tag,cho thue,"nha tro, phong tro",ho-chi-minh,quan-12-duoi,4,Tags,Tags,,
Phòng trọ Quận 3 giá 1 triệu,140,https://muaban.net/tags/cho-thue-phong-tro-quan-3-ho-chi-minh-gia-1-trieu,tag,cho thue,"nha tro, phong tro",ho-chi-minh,quan-3-gia,9,Tags,Tags,,
Phòng trọ cho thuê Quận 3 giá 1 triệu,140,https://muaban.net/tags/cho-thue-phong-tro-quan-3-ho-chi-minh-gia-1-trieu,tag,cho thue,"nha tro, phong tro",ho-chi-minh,quan-3-gia,12,Mua bán nhà đất,Tags,TPHCM,Huyện Nhà Bè
Sleep box TPHCM,140,https://muaban.net/tags/cho-thue-phong-tro-sleepbox-ho-chi-minh,tag,cho thue,"nha tro, phong tro",ho-chi-minh,,2,Tags,Tags,,
Tìm phòng trọ Quận Bình Tân giá 1 triệu,140,https://muaban.net/tags/cho-thue-phong-tro-quan-binh-tan-ho-chi-minh-gia-1-trieu,tag,cho thue,"nha tro, phong tro",ho-chi-minh,quan-binh-tan,6,Tags,Tags,,
cho thuê phòng trọ quận 2,140,https://muaban.net/bat-dong-san/cho-thue-nha-tro-phong-tro-quan-2-ho-chi-minh,cate,cho thue,"nha tro, phong tro",ho-chi-minh,quan-2,ngoai top 30,Cho thuê nhà đất,"Nhà trọ, Phòng trọ",TPHCM,Quận 2 (TP. Thủ Đức)
thuê phòng trọ ngắn hạn tphcm,140,https://muaban.net/tags/thue-phong-tro-ngan-han-ho-chi-minh,tag,cho thue,"nha tro, phong tro",ho-chi-minh,,1,Tags,Tags,,
Thuê phòng trọ quận Phú Nhuận dưới 1 triệu,120,https://muaban.net/tags/cho-thue-phong-tro-quan-phu-nhuan-ho-chi-minh-duoi-1-trieu,tag,cho thue,"nha tro, phong tro",ho-chi-minh,quan-phu-nhuan,8,Tags,Tags,,
Ký túc xá Quận 1,110,https://muaban.net/tags/cho-thue-phong-tro-ktx-quan-1-ho-chi-minh,tag,cho thue,"nha tro, phong tro",ho-chi-minh,quan-1,6,Tags,Tags,,
Ký túc xá Thủ Đức,110,https://muaban.net/tags/cho-thue-phong-tro-ktx-thu-duc-ho-chi-minh,tag,cho thue,"nha tro, phong tro",ho-chi-minh,,9,Tags,Tags,,
Phòng trọ Quận 1 giá 2 triệu,110,https://muaban.net/tags/cho-thue-phong-tro-quan-1-ho-chi-minh-gia-2-trieu,tag,cho thue,"nha tro, phong tro",ho-chi-minh,quan-1-gia,8,Tags,Tags,,
Phòng trọ Quận 4 giá 2 triệu,110,https://muaban.net/tags/cho-thue-phong-tro-quan-4-ho-chi-minh-gia-2-trieu,tag,cho thue,"nha tro, phong tro",ho-chi-minh,quan-4-gia,10,Tags,Tags,,
Phòng trọ Tân Bình dưới 3 triệu,110,https://muaban.net/tags/cho-thue-phong-tro-quan-tan-binh-ho-chi-minh-duoi-3-trieu,tag,cho thue,"nha tro, phong tro",ho-chi-minh,quan-tan-binh,4,Tags,Tags,,
Sleepbox Quận 3,110,https://muaban.net/tags/cho-thue-phong-tro-sleepbox-quan-3-ho-chi-minh,tag,cho thue,"nha tro, phong tro",ho-chi-minh,quan-3,8,Tags,Tags,,
Sleepbox Quận 5,110,https://muaban.net/tags/cho-thue-phong-tro-sleepbox-quan-5-ho-chi-minh,tag,cho thue,"nha tro, phong tro",ho-chi-minh,quan-5,5,Tags,Tags,,
cho thuê phòng trọ quận 9,110,https://muaban.net/bat-dong-san/cho-thue-nha-tro-phong-tro-quan-9-ho-chi-minh,cate,cho thue,"nha tro, phong tro",ho-chi-minh,quan-9,15,Cho thuê nhà đất,"Nhà trọ, Phòng trọ",TPHCM,Quận 9 (TP. Thủ Đức)
nhà trọ quận 6 đường hậu giang,110,https://muaban.net/bat-dong-san/cho-thue-nha-tro-phong-tro-duong-hau-giang-quan-6-ho-chi-minh,cate,cho thue,"nha tro, phong tro",ho-chi-minh,quan-6,10,Mua bán nhà đất,Bán nhà,TPHCM,Huyện Hóc Môn
thuê phòng trọ quận 1,110,https://muaban.net/bat-dong-san/cho-thue-nha-tro-phong-tro-quan-1-ho-chi-minh,cate,cho thue,"nha tro, phong tro",ho-chi-minh,quan-1,13,Cho thuê nhà đất,"Nhà trọ, Phòng trọ",TPHCM,Quận 1
thuê phòng trọ quận 5,110,https://muaban.net/bat-dong-san/cho-thue-nha-tro-phong-tro-quan-5-ho-chi-minh,cate,cho thue,"nha tro, phong tro",ho-chi-minh,quan-5,14,Cho thuê nhà đất,"Nhà trọ, Phòng trọ",TPHCM,Quận 5
thuê phòng trọ quận 6,110,https://muaban.net/bat-dong-san/cho-thue-nha-tro-phong-tro-quan-6-ho-chi-minh,cate,cho thue,"nha tro, phong tro",ho-chi-minh,quan-6,8,Cho thuê nhà đất,"Nhà trọ, Phòng trọ",TPHCM,Quận 6
thuê phòng trọ quận tân bình dưới 1 triệu,110,https://muaban.net/tags/cho-thue-phong-tro-quan-tan-binh-ho-chi-minh-duoi-1-trieu,tag,cho thue,"nha tro, phong tro",ho-chi-minh,quan-tan-binh,6,Tags,Tags,,
thuê phòng trọ quận 4 dưới 1 triệu,100,https://muaban.net/tags/cho-thue-phong-tro-quan-4-ho-chi-minh-duoi-1-trieu,tag,cho thue,"nha tro, phong tro",ho-chi-minh,quan-4-duoi,7,Tags,Tags,,
thuê phòng trọ quận tân bình dưới 2 triệu,100,https://muaban.net/tags/cho-thue-phong-tro-quan-tan-binh-ho-chi-minh-duoi-2-trieu,tag,cho thue,"nha tro, phong tro",ho-chi-minh,quan-tan-binh,6,Tags,Tags,,
phòng trọ hiệp bình chánh thủ đức,70,https://muaban.net/bat-dong-san/cho-thue-nha-tro-phong-tro-phuong-hiep-binh-chanh-quan-thu-duc-ho-chi-minh,cate,cho thue,"nha tro, phong tro",ho-chi-minh,quan-thu-duc,8,Mua bán nhà đất,"Nhà trọ, Phòng trọ",Lâm Đồng,Huyện Đức Trọng
Cho Thuê phòng Trọ Phường An Lạc,50,https://muaban.net/bat-dong-san/cho-thue-nha-tro-phong-tro-phuong-an-lac-quan-binh-tan-ho-chi-minh,cate,cho thue,"nha tro, phong tro",ho-chi-minh,quan-binh-tan,9,Mua bán nhà đất,"Nhà trọ, Phòng trọ",Hậu Giang,
nhà trọ giá rẻ tphcm,50,https://muaban.net/bat-dong-san/cho-thue-nha-tro-phong-tro-ho-chi-minh,cate,cho thue,"nha tro, phong tro",ho-chi-minh,,13,Cho thuê nhà đất,"Nhà trọ, Phòng trọ",TPHCM,
cho thuê kho xưởng bình tân,210,https://muaban.net/bat-dong-san/cho-thue-nha-xuong-nha-kho-quan-binh-tan-ho-chi-minh,cate,cho thue,"nha xuong, kho",ho-chi-minh,quan-binh-tan,10,Cho thuê nhà đất,Cho thuê đất,TPHCM,Quận Bình Tân
cho thuê kho bãi,150,https://muaban.net/bat-dong-san/cho-thue-nha-xuong-nha-kho-ho-chi-minh,cate,cho thue,"nha xuong, kho",ho-chi-minh,,ngoai top 30,Cho thuê nhà đất,"Nhà xưởng, kho, đất",,
cho thuê xưởng quận 12,110,https://muaban.net/bat-dong-san/cho-thue-nha-xuong-nha-kho-quan-12-ho-chi-minh,cate,cho thue,"nha xuong, kho",ho-chi-minh,quan-12,9,Cho thuê nhà đất,Cho thuê đất,TPHCM,Quận 12
nhà xưởng cho thuê quận 12,110,https://muaban.net/bat-dong-san/cho-thue-nha-xuong-nha-kho-quan-12-ho-chi-minh,cate,cho thue,"nha xuong, kho",ho-chi-minh,quan-12,7,Cho thuê nhà đất,Cho thuê đất,TPHCM,Quận 12
thuê kho xưởng quận 9,110,https://muaban.net/bat-dong-san/cho-thue-nha-xuong-nha-kho-quan-9-ho-chi-minh,cate,cho thue,"nha xuong, kho",ho-chi-minh,quan-9,16,Cho thuê nhà đất,Cho thuê đất,TPHCM,Quận 9 (TP. Thủ Đức)
cho thuê nhà xưởng quận 9,80,https://muaban.net/bat-dong-san/cho-thue-nha-xuong-nha-kho-quan-9-ho-chi-minh,cate,cho thue,"nha xuong, kho",ho-chi-minh,quan-9,15,Cho thuê nhà đất,Cho thuê đất,TPHCM,Quận 9 (TP. Thủ Đức)
cho thuê mặt bằng đường nguyễn thị tú,120,https://muaban.net/bat-dong-san/cho-thue-van-phong-mat-bang-duong-nguyen-thi-tu-quan-binh-tan-ho-chi-minh,cate,cho thue,van phong,ho-chi-minh,quan-binh-tan,10,Cho thuê nhà đất,Cho thuê văn phòng,,
thuê mặt bằng hiệp bình phước,110,https://muaban.net/bat-dong-san/cho-thue-van-phong-mat-bang-phuong-hiep-binh-phuoc-quan-thu-duc-ho-chi-minh,cate,cho thue,van phong,ho-chi-minh,quan-thu-duc,2,Cho thuê nhà đất,Cho thuê văn phòng,,
sang quán cafe tân phú,150,https://muaban.net/bat-dong-san/sang-nhuong-quan-ca-phe-do-uong-quan-tan-phu-ho-chi-minh,cate,sang nhuong,sang nhuong quan,ho-chi-minh,quan-tan-phu,5,Sang nhượng cửa hàng,"Quán cà phê, Đồ uống",,
sang quán cafe gò vấp,140,https://muaban.net/bat-dong-san/sang-nhuong-quan-ca-phe-do-uong-quan-go-vap-ho-chi-minh,cate,sang nhuong,sang nhuong quan,ho-chi-minh,quan-go-vap,10,Sang nhượng cửa hàng,"Quán cà phê, Đồ uống",TPHCM,Quận Gò Vấp
sang quán cafe bình thạnh,110,https://muaban.net/bat-dong-san/sang-nhuong-quan-ca-phe-do-uong-quan-binh-thanh-ho-chi-minh,cate,sang nhuong,sang nhuong quan,ho-chi-minh,quan-binh-thanh,4,Sang nhượng cửa hàng,"Quán cà phê, Đồ uống",TPHCM,Quận Bình Thạnh
sang quán cafe bình tân,110,https://muaban.net/bat-dong-san/sang-nhuong-quan-ca-phe-do-uong-quan-binh-tan-ho-chi-minh,cate,sang nhuong,sang nhuong quan,ho-chi-minh,quan-binh-tan,5,Sang nhượng cửa hàng,"Quán cà phê, Đồ uống",TPHCM,Quận Bình Tân
sang quán cafe quận 7,110,https://muaban.net/bat-dong-san/sang-nhuong-quan-ca-phe-do-uong-quan-7-ho-chi-minh,cate,sang nhuong,sang nhuong quan,ho-chi-minh,quan-7,11,Sang nhượng cửa hàng,"Quán cà phê, Đồ uống",TPHCM,Quận 7
sang quán cafe quận 9,110,https://muaban.net/bat-dong-san/sang-nhuong-quan-ca-phe-do-uong-quan-9-ho-chi-minh,cate,sang nhuong,sang nhuong quan,ho-chi-minh,quan-9,8,Sang nhượng cửa hàng,"Quán cà phê, Đồ uống",TPHCM,Quận 9 (TP. Thủ Đức)
sang quán cafe quận 12,100,https://muaban.net/bat-dong-san/sang-nhuong-quan-ca-phe-do-uong-quan-12-ho-chi-minh,cate,sang nhuong,sang nhuong quan,ho-chi-minh,quan-12,5,Sang nhượng cửa hàng,"Quán cà phê, Đồ uống",,
sang quán cafe thành phố hồ chí minh,100,https://muaban.net/bat-dong-san/sang-nhuong-quan-ca-phe-do-uong-ho-chi-minh,cate,sang nhuong,sang nhuong quan,ho-chi-minh,,3,Sang nhượng cửa hàng,"Quán cà phê, Đồ uống",TPHCM,
mua bán nhà đất hòa bình,100,https://muaban.net/bat-dong-san/hoa-binh,cate,,,hoa-binh,,ngoai top 30,Bất động sản,Bất động sản,Hòa Bình,
bán đất lương sơn hòa bình,480,https://muaban.net/bat-dong-san/ban-dat-huyen-luong-son-hoa-binh,cate,ban,dat,hoa-binh,huyen-luong-son,25,Mua bán nhà đất,Bán đất,Hòa Bình,Huyện Lương Sơn
bán đất hòa bình,260,https://muaban.net/bat-dong-san/ban-dat-hoa-binh,cate,ban,dat,hoa-binh,,28,Mua bán nhà đất,Bán đất,Hòa Bình,
bán đất hoà bình,170,https://muaban.net/bat-dong-san/ban-dat-tp-hoa-binh-hoa-binh,cate,ban,dat,hoa-binh,,10,Mua bán nhà đất,Bán đất,Hòa Bình,TP. Hoà Bình
bán đất kim bôi hòa bình,140,https://muaban.net/bat-dong-san/ban-dat-huyen-kim-boi-hoa-binh,cate,ban,dat,hoa-binh,huyen-kim-boi,15,Mua bán nhà đất,Bán đất,Hòa Bình,Huyện Kim Bôi
bán đất kỳ sơn hòa bình,110,https://muaban.net/bat-dong-san/ban-dat-huyen-ky-son-hoa-binh-hoa-binh,cate,ban,dat,hoa-binh,huyen-ky-son,11,Mua bán nhà đất,Bán đất,Hòa Bình,Huyện Kỳ Sơn
đất hòa bình,110,https://muaban.net/bat-dong-san/ban-dat-hoa-binh,cate,ban,dat,hoa-binh,,8,Mua bán nhà đất,Bán đất,Hòa Bình,
bán đất tân lạc hòa bình,100,https://muaban.net/bat-dong-san/ban-dat-huyen-tan-lac-hoa-binh,cate,ban,dat,hoa-binh,huyen-tan-lac,17,Mua bán nhà đất,Bán đất,Hòa Bình,Huyện Tân Lạc
bán đất lạc thủy hòa bình,70,https://muaban.net/bat-dong-san/ban-dat-huyen-lac-thuy-hoa-binh,cate,ban,dat,hoa-binh,huyen-lac-thuy,23,Mua bán nhà đất,Bán đất,Hòa Bình,Huyện Lạc Thuỷ
nhà đất hưng yên,260,https://muaban.net/bat-dong-san/hung-yen,cate,,,hung-yen,,25,Bất động sản,Bất động sản,Hưng Yên,
bán đất hưng yên,390,https://muaban.net/bat-dong-san/ban-dat-hung-yen,cate,ban,dat,hung-yen,,15,Mua bán nhà đất,Bán đất,Hưng Yên,
đất hưng yên,320,https://muaban.net/bat-dong-san/ban-dat-hung-yen,cate,ban,dat,hung-yen,,22,Mua bán nhà đất,Bán đất,Hưng Yên,
bán đất khoái châu hưng yên,170,https://muaban.net/bat-dong-san/ban-dat-huyen-khoai-chau-hung-yen,cate,ban,dat,hung-yen,huyen-khoai-chau,ngoai top 30,Mua bán nhà đất,Bán đất,Hưng Yên,Huyện Khoái Châu
bán đất mỹ hào hưng yên,90,https://muaban.net/bat-dong-san/ban-dat-huyen-my-hao-hung-yen,cate,ban,dat,hung-yen,huyen-my-hao,ngoai top 30,Mua bán nhà đất,Bán đất,Hưng Yên,Huyện Mỹ Hào
nhà đất khánh hòa,300,https://muaban.net/bat-dong-san/khanh-hoa,cate,,,khanh-hoa,,ngoai top 30,Bất động sản,Bất động sản,Khánh Hòa,
bán đất diên khánh,170,https://muaban.net/bat-dong-san/huyen-dien-khanh-khanh-hoa,cate,,,khanh-hoa,huyen-dien-khanh,ngoai top 30,Bất động sản,Bất động sản,Khánh Hòa,Huyện Diên Khánh
bán đất cam ranh,110,https://muaban.net/bat-dong-san/tp-cam-ranh-khanh-hoa,cate,,,khanh-hoa,tp-cam-ranh,ngoai top 30,Bất động sản,Bất động sản,Khánh Hòa,TP. Cam Ranh
nhà đất cam lâm,80,https://muaban.net/bat-dong-san/huyen-cam-lam-khanh-hoa,cate,,,khanh-hoa,huyen-cam-lam,ngoai top 30,Bất động sản,Bất động sản,Khánh Hòa,Huyện Cam Lâm
nhà đất nha trang,1.600,https://muaban.net/bat-dong-san/tp-nha-trang-khanh-hoa,cate,,nha,khanh-hoa,tp-nha-trang,20,Bất động sản,Bất động sản,Khánh Hòa,TP. Nha Trang
bán đất cam lâm,170,https://muaban.net/bat-dong-san/ban-dat-huyen-cam-lam-khanh-hoa,cate,ban,dat,khanh-hoa,huyen-cam-lam,25,Mua bán nhà đất,Bán đất,Khánh Hòa,Huyện Cam Lâm
bán đất diên khánh khánh hòa,100,https://muaban.net/bat-dong-san/ban-dat-huyen-dien-khanh-khanh-hoa,cate,ban,dat,khanh-hoa,huyen-dien-khanh,ngoai top 30,Mua bán nhà đất,Bán đất,Khánh Hòa,Huyện Diên Khánh
mua bán đất diên khánh,100,https://muaban.net/bat-dong-san/ban-dat-huyen-dien-khanh-khanh-hoa,cate,ban,dat,khanh-hoa,huyen-dien-khanh,ngoai top 30,Mua bán nhà đất,Bán đất,Khánh Hòa,Huyện Diên Khánh
bán đất khánh hòa,70,https://muaban.net/bat-dong-san/ban-dat-khanh-hoa,cate,ban,dat,khanh-hoa,,ngoai top 30,Mua bán nhà đất,Bán đất,Khánh Hòa,
đất nền cam lâm,70,https://muaban.net/bat-dong-san/ban-dat-huyen-cam-lam-khanh-hoa,cate,ban,dat,khanh-hoa,huyen-cam-lam,21,Mua bán nhà đất,Bán đất,Khánh Hòa,Huyện Cam Lâm
bán nhà nha trang,880,https://muaban.net/bat-dong-san/ban-nha-tp-nha-trang-khanh-hoa,cate,ban,nha,khanh-hoa,tp-nha-trang,9,Mua bán nhà đất,Bán nhà,Khánh Hòa,TP. Nha Trang
bán đất nha trang,720,https://muaban.net/bat-dong-san/ban-dat-tp-nha-trang-khanh-hoa,cate,ban,nha,khanh-hoa,tp-nha-trang,19,Mua bán nhà đất,Bán đất,Khánh Hòa,TP. Nha Trang
bán nhà đất nha trang,390,https://muaban.net/bat-dong-san/ban-nha-tp-nha-trang-khanh-hoa,cate,ban,nha,khanh-hoa,tp-nha-trang,3,Mua bán nhà đất,Bán nhà,Khánh Hòa,TP. Nha Trang
mua bán nhà đất nha trang,390,https://muaban.net/bat-dong-san/ban-nha-tp-nha-trang-khanh-hoa,cate,ban,nha,khanh-hoa,tp-nha-trang,16,Mua bán nhà đất,Bán nhà,Khánh Hòa,TP. Nha Trang
bán nhà ở nha trang giá 2 đến 3 tỷ,350,https://muaban.net/tags/mua-ban-nha-tp-nha-trang-khanh-hoa-tu-2-den-3-ty,tag,ban,nha,khanh-hoa,tp-nha-trang,7,Tags,Tags,,
bán nhà nha trang 1 2 tỷ,320,https://muaban.net/bat-dong-san/ban-nha-tp-nha-trang-khanh-hoa,cate,ban,nha,khanh-hoa,tp-nha-trang,10,Mua bán nhà đất,Bán nhà,Khánh Hòa,TP. Nha Trang
Bán nhà ở Nha Trang giá từ 2 đến 3 tỷ,260,https://muaban.net/tags/mua-ban-nha-tp-nha-trang-khanh-hoa-tu-2-den-3-ty,tag,ban,nha,khanh-hoa,tp-nha-trang,9,Tags,Tags,,
bán nhà nha trang dưới 2 tỷ,260,https://muaban.net/bat-dong-san/ban-nha-tp-nha-trang-khanh-hoa,cate,ban,nha,khanh-hoa,tp-nha-trang,9,Mua bán nhà đất,Bán nhà,Khánh Hòa,TP. Nha Trang
cần bán nhà gấp ở nha trang,260,https://muaban.net/bat-dong-san/ban-nha-tp-nha-trang-khanh-hoa,cate,ban,nha,khanh-hoa,tp-nha-trang,10,Mua bán nhà đất,Bán nhà,Khánh Hòa,TP. Nha Trang
tìm mua nhà cấp 4 giá rẻ tại nha trang,260,https://muaban.net/tags/ban-nha-cap-4-tp-nha-trang-khanh-hoa,tag,ban,nha,khanh-hoa,tp-nha-trang,10,Tags,Tags,,
nhà bán nha trang,210,https://muaban.net/bat-dong-san/ban-nha-tp-nha-trang-khanh-hoa,cate,ban,nha,khanh-hoa,tp-nha-trang,ngoai top 30,Mua bán nhà đất,Bán nhà,Khánh Hòa,TP. Nha Trang
nhà bán nha trang giá 600 triệu,140,https://muaban.net/bat-dong-san/ban-nha-tp-nha-trang-khanh-hoa,cate,ban,nha,khanh-hoa,tp-nha-trang,10,Mua bán nhà đất,Bán nhà,Khánh Hòa,TP. Nha Trang
bán nhà tp nha trang dưới 2 tỷ,120,https://muaban.net/tags/mua-ban-nha-tp-nha-trang-khanh-hoa-duoi-2-ty,tag,ban,nha,khanh-hoa,tp-nha-trang,10,Tags,Tags,,
bán đất nền nha trang,90,https://muaban.net/bat-dong-san/ban-dat-tp-nha-trang-khanh-hoa,cate,ban,nha,khanh-hoa,tp-nha-trang,21,Mua bán nhà đất,Bán đất,Khánh Hòa,TP. Nha Trang
bán đất nha trang khánh hòa,80,https://muaban.net/bat-dong-san/ban-dat-tp-nha-trang-khanh-hoa,cate,ban,nha,khanh-hoa,tp-nha-trang,20,Mua bán nhà đất,Bán đất,Khánh Hòa,TP. Nha Trang
nha ban nha trang gia 400 trieu,50,https://muaban.net/bat-dong-san/ban-nha-tp-nha-trang-khanh-hoa,cate,ban,nha,khanh-hoa,tp-nha-trang,ngoai top 30,Mua bán nhà đất,Bán nhà,Khánh Hòa,TP. Nha Trang
bán nhà mặt tiền nha trang,170,https://muaban.net/bat-dong-san/ban-nha-mat-tien-tp-nha-trang-khanh-hoa,cate,ban,nha mat tien,khanh-hoa,tp-nha-trang,10,Mua bán nhà đất,Bán nhà,Khánh Hòa,TP. Nha Trang
cho thuê mặt bằng nha trang,260,https://muaban.net/bat-dong-san/cho-thue-mat-bang-kinh-doanh-tp-nha-trang-khanh-hoa,cate,cho thue,"mat bang, cua hang",khanh-hoa,tp-nha-trang,25,Cho thuê nhà đất,"Mặt bằng, Cửa hàng, Shop",Khánh Hòa,TP. Nha Trang
thuê nhà nha trang,390,https://muaban.net/bat-dong-san/cho-thue-nha-tp-nha-trang-khanh-hoa,cate,cho thue,nha,khanh-hoa,tp-nha-trang,29,Cho thuê nhà đất,Thuê nhà,Khánh Hòa,TP. Nha Trang
cho thuê nhà nha trang,260,https://muaban.net/bat-dong-san/cho-thue-nha-tp-nha-trang-khanh-hoa,cate,cho thue,nha,khanh-hoa,tp-nha-trang,13,Cho thuê nhà đất,Thuê nhà,Khánh Hòa,TP. Nha Trang
thuê nhà nguyên căn nha trang giá 3 triệu,170,https://muaban.net/bat-dong-san/cho-thue-nha-tp-nha-trang-khanh-hoa,cate,cho thue,nha,khanh-hoa,tp-nha-trang,ngoai top 30,Cho thuê nhà đất,Thuê nhà,Khánh Hòa,TP. Nha Trang
nhà đất kiên giang,590,https://muaban.net/bat-dong-san/kien-giang,cate,,,kien-giang,,ngoai top 30,Bất động sản,Bất động sản,Kiên Giang,
nhà đất rạch giá,140,https://muaban.net/bat-dong-san/tp-rach-gia-kien-giang,cate,,,kien-giang,tp-rach-gia,18,Bất động sản,Bất động sản,Kiên Giang,TP. Rạch Giá
mua bán nhà đất kiên giang,110,https://muaban.net/bat-dong-san/kien-giang,cate,,,kien-giang,,30,Bất động sản,Bất động sản,Kiên Giang,
bán biệt thự phú quốc,110,https://muaban.net/bat-dong-san/ban-biet-thu-villa-penthouse-huyen-phu-quoc-kien-giang,cate,ban,"biet thu, villa",kien-giang,huyen-phu-quoc,6,Mua bán nhà đất,Bán nhà,Kiên Giang,Huyện Phú Quốc
biệt thự phú quốc,90,https://muaban.net/bat-dong-san/ban-biet-thu-villa-penthouse-huyen-phu-quoc-kien-giang,cate,ban,"biet thu, villa",kien-giang,huyen-phu-quoc,ngoai top 30,Mua bán nhà đất,Bán nhà,Kiên Giang,Huyện Phú Quốc
bán đất hà tiên,100,https://muaban.net/bat-dong-san/ban-dat-thi-xa-ha-tien-kien-giang,cate,ban,dat,kien-giang,thi-xa-ha-tien,21,Mua bán nhà đất,Bán đất,Kiên Giang,Thị Xã Hà Tiên
bán đất rạch giá,80,https://muaban.net/bat-dong-san/ban-dat-tp-rach-gia-kien-giang,cate,ban,dat,kien-giang,tp-rach-gia,21,Mua bán nhà đất,Bán đất,Kiên Giang,TP. Rạch Giá
bán nhà thành phố rạch giá dưới 1 tỷ,210,https://muaban.net/tags/mua-ban-nha-tp-rach-gia-kien-giang-duoi-1-ty,tag,ban,nha,kien-giang,tp-rach-gia,10,Tags,Tags,,
bán nhà phú quốc,110,https://muaban.net/bat-dong-san/ban-nha-huyen-phu-quoc-kien-giang,cate,ban,nha,kien-giang,huyen-phu-quoc,ngoai top 30,Mua bán nhà đất,Bán nhà,Kiên Giang,Huyện Phú Quốc
nhà trọ rạch giá,170,https://muaban.net/bat-dong-san/cho-thue-nha-tro-phong-tro-tp-rach-gia-kien-giang,cate,cho thue,"nha tro, phong tro",kien-giang,tp-rach-gia,ngoai top 30,Cho thuê nhà đất,"Nhà trọ, Phòng trọ",Kiên Giang,TP. Rạch Giá
bán đất kon tum,200,https://muaban.net/bat-dong-san/ban-dat-kon-tum,cate,ban,dat,kon-tum,,25,Mua bán nhà đất,Bán đất,Kon Tum,
bán đất kon tum dưới 1 tỷ,110,https://muaban.net/tags/mua-ban-dat-kon-tum-duoi-1-ty,tag,ban,dat,kon-tum,,5,Tags,Tags,,
bán đất ngọc hồi,110,https://muaban.net/bat-dong-san/ban-dat-huyen-ngoc-hoi-kon-tum,cate,ban,dat,kon-tum,huyen-ngoc-hoi,19,Mua bán nhà đất,Bán đất,Kon Tum,Huyện Ngọc Hồi
mua bán đất kon tum,50,https://muaban.net/bat-dong-san/ban-dat-kon-tum,cate,ban,dat,kon-tum,,24,Mua bán nhà đất,Bán đất,Kon Tum,
nhà đất lai châu,90,https://muaban.net/bat-dong-san/lai-chau,cate,,,lai-chau,,ngoai top 30,Bất động sản,Bất động sản,Lai Châu,
bất động sản đà lạt,1.000,https://muaban.net/bat-dong-san/tp-da-lat-lam-dong,cate,,,lam-dong,tp-da-lat,21,Bất động sản,Bất động sản,Lâm Đồng,TP. Đà Lạt
bất động sản bảo lộc,210,https://muaban.net/bat-dong-san/tp-bao-loc-lam-dong,cate,,,lam-dong,tp-bao-loc,21,Bất động sản,Bất động sản,Lâm Đồng,TP. Bảo Lộc
nhà đất lâm đồng,170,https://muaban.net/bat-dong-san/lam-dong,cate,,,lam-dong,,19,Bất động sản,Bất động sản,Lâm Đồng,
chung cư đà lạt,390,https://muaban.net/bat-dong-san/ban-can-ho-tp-da-lat-lam-dong,cate,ban,can ho,lam-dong,tp-da-lat,ngoai top 30,Mua bán nhà đất,Bán căn hộ,Lâm Đồng,TP. Đà Lạt
bán đất lâm đồng,880,https://muaban.net/bat-dong-san/ban-dat-lam-dong,cate,ban,dat,lam-dong,,27,Mua bán nhà đất,Bán đất,Lâm Đồng,
bán đất đà lạt,720,https://muaban.net/bat-dong-san/ban-dat-tp-da-lat-lam-dong,cate,ban,dat,lam-dong,tp-da-lat,ngoai top 30,Mua bán nhà đất,Bán đất,Lâm Đồng,TP. Đà Lạt
bán đất bảo lộc,480,https://muaban.net/bat-dong-san/ban-dat-tp-bao-loc-lam-dong,cate,ban,dat,lam-dong,tp-bao-loc,17,Mua bán nhà đất,Bán đất,Lâm Đồng,TP. Bảo Lộc
mua đất lâm đồng,200,https://muaban.net/bat-dong-san/ban-dat-lam-dong,cate,ban,dat,lam-dong,,26,Mua bán nhà đất,Bán đất,Lâm Đồng,
bán đất bảo lộc lâm đồng,150,https://muaban.net/bat-dong-san/ban-dat-tp-bao-loc-lam-dong,cate,ban,dat,lam-dong,tp-bao-loc,18,Mua bán nhà đất,Bán đất,Lâm Đồng,TP. Bảo Lộc
giá đất lâm đồng,140,https://muaban.net/bat-dong-san/ban-dat-lam-dong,cate,ban,dat,lam-dong,,ngoai top 30,Mua bán nhà đất,Bán đất,Lâm Đồng,
bán đất di linh,110,https://muaban.net/bat-dong-san/ban-dat-huyen-di-linh-lam-dong,cate,ban,dat,lam-dong,huyen-di-linh,17,Mua bán nhà đất,Bán đất,Lâm Đồng,Huyện Di Linh
bán đất lạc dương,110,https://muaban.net/bat-dong-san/ban-dat-huyen-lac-duong-lam-dong,cate,ban,dat,lam-dong,huyen-lac-duong,ngoai top 30,Mua bán nhà đất,Bán đất,Lâm Đồng,Huyện Lạc Dương
bán đất đức trọng,110,https://muaban.net/bat-dong-san/ban-dat-huyen-duc-trong-lam-dong,cate,ban,dat,lam-dong,huyen-duc-trong,27,Mua bán nhà đất,Bán đất,Lâm Đồng,Huyện Đức Trọng
mua bán đất bảo lộc,110,https://muaban.net/bat-dong-san/ban-dat-tp-bao-loc-lam-dong,cate,ban,dat,lam-dong,tp-bao-loc,17,Mua bán nhà đất,Bán đất,Lâm Đồng,TP. Bảo Lộc
bán đất đà lạt giá rẻ,100,https://muaban.net/bat-dong-san/ban-dat-tp-da-lat-lam-dong,cate,ban,dat,lam-dong,tp-da-lat,27,Mua bán nhà đất,Bán đất,Lâm Đồng,TP. Đà Lạt
bán đất di linh lâm đồng,80,https://muaban.net/bat-dong-san/ban-dat-huyen-di-linh-lam-dong,cate,ban,dat,lam-dong,huyen-di-linh,14,Mua bán nhà đất,Bán đất,Lâm Đồng,Huyện Di Linh
bán đất đơn dương,80,https://muaban.net/bat-dong-san/ban-dat-huyen-don-duong-lam-dong,cate,ban,dat,lam-dong,huyen-don-duong,ngoai top 30,Mua bán nhà đất,Bán đất,Lâm Đồng,Huyện Đơn Dương
Bán nhà Đà Lạt dưới 2 tỷ,260,https://muaban.net/tags/mua-ban-nha-da-lat-lam-dong-duoi-2-ty,tag,ban,nha,lam-dong,,6,Tags,Tags,,
Mua nhà Đà Lạt giá 400 triệu,110,https://muaban.net/tags/mua-ban-nha-da-lat-lam-dong-400-trieu,tag,ban,nha,lam-dong,,6,Tags,Tags,,
Nhà đất Đà Lạt giá 500 đến 800 triệu,140,https://muaban.net/tags/mua-ban-nha-dat-da-lat-lam-dong-tu-500-den-800-trieu,tag,ban,nha dat,lam-dong,,5,Mua bán nhà đất,Tags,TPHCM,Quận 12
Nhà đất Đà Lạt từ 500 đến 800 triệu,140,https://muaban.net/tags/mua-ban-nha-dat-da-lat-lam-dong-tu-500-den-800-trieu,tag,ban,nha dat,lam-dong,,4,Tags,Tags,,
bán đất nông nghiệp đà lạt giá rẻ,110,https://muaban.net/bat-dong-san/ban-dat-nong-nghiep-kho-bai-tp-da-lat-lam-dong,cate,ban,"nha xuong, kho",lam-dong,tp-da-lat,8,Mua bán nhà đất,Bán đất,Lâm Đồng,TP. Đà Lạt
bán đất nông nghiệp đà lạt,80,https://muaban.net/bat-dong-san/ban-dat-nong-nghiep-kho-bai-tp-da-lat-lam-dong,cate,ban,"nha xuong, kho",lam-dong,tp-da-lat,8,Mua bán nhà đất,Bán đất,Lâm Đồng,TP. Đà Lạt
thuê căn hộ đà lạt,90,https://muaban.net/bat-dong-san/cho-thue-can-ho-chung-cu-tp-da-lat-lam-dong,cate,cho thue,can ho,lam-dong,tp-da-lat,ngoai top 30,Cho thuê nhà đất,Cho thuê căn hộ,Lâm Đồng,TP. Đà Lạt
cho thuê mặt bằng đà lạt,260,https://muaban.net/bat-dong-san/cho-thue-mat-bang-kinh-doanh-tp-da-lat-lam-dong,cate,cho thue,"mat bang, cua hang",lam-dong,tp-da-lat,17,Cho thuê nhà đất,"Mặt bằng, Cửa hàng, Shop",Lâm Đồng,TP. Đà Lạt
thuê nhà đà lạt,590,https://muaban.net/bat-dong-san/cho-thue-nha-tp-da-lat-lam-dong,cate,cho thue,nha,lam-dong,tp-da-lat,10,Cho thuê nhà đất,Thuê nhà,Lâm Đồng,TP. Đà Lạt
thuê nhà nguyên căn đà lạt,260,https://muaban.net/bat-dong-san/cho-thue-nha-tp-da-lat-lam-dong,cate,cho thue,nha,lam-dong,tp-da-lat,9,Cho thuê nhà đất,Thuê nhà,Lâm Đồng,TP. Đà Lạt
cho thuê nhà đà lạt,210,https://muaban.net/bat-dong-san/cho-thue-nha-tp-da-lat-lam-dong,cate,cho thue,nha,lam-dong,tp-da-lat,9,Cho thuê nhà đất,Thuê nhà,Lâm Đồng,TP. Đà Lạt
thuê nhà bảo lộc,140,https://muaban.net/bat-dong-san/cho-thue-nha-tp-bao-loc-lam-dong,cate,cho thue,nha,lam-dong,tp-bao-loc,15,Cho thuê nhà đất,Thuê nhà,Lâm Đồng,TP. Bảo Lộc
thuê nhà nguyên căn giá rẻ bảo lộc,80,https://muaban.net/bat-dong-san/cho-thue-nha-tp-bao-loc-lam-dong,cate,cho thue,nha,lam-dong,tp-bao-loc,9,Cho thuê nhà đất,Thuê nhà,Lâm Đồng,TP. Bảo Lộc
thuê nhà nguyên căn bảo lộc,50,https://muaban.net/bat-dong-san/cho-thue-nha-tp-bao-loc-lam-dong,cate,cho thue,nha,lam-dong,tp-bao-loc,18,Cho thuê nhà đất,Thuê nhà,Lâm Đồng,TP. Bảo Lộc
phòng trọ đà lạt,590,https://muaban.net/bat-dong-san/cho-thue-nha-tro-phong-tro-tp-da-lat-lam-dong,cate,cho thue,"nha tro, phong tro",lam-dong,tp-da-lat,16,Cho thuê nhà đất,"Nhà trọ, Phòng trọ",Lâm Đồng,TP. Đà Lạt
nhà trọ đà lạt,390,https://muaban.net/bat-dong-san/cho-thue-nha-tro-phong-tro-tp-da-lat-lam-dong,cate,cho thue,"nha tro, phong tro",lam-dong,tp-da-lat,ngoai top 30,Cho thuê nhà đất,"Nhà trọ, Phòng trọ",Lâm Đồng,TP. Đà Lạt
phòng trọ bảo lộc,170,https://muaban.net/bat-dong-san/cho-thue-nha-tro-phong-tro-tp-bao-loc-lam-dong,cate,cho thue,"nha tro, phong tro",lam-dong,tp-bao-loc,9,Cho thuê nhà đất,"Nhà trọ, Phòng trọ",Lâm Đồng,TP. Bảo Lộc
thuê phòng trọ đà lạt,140,https://muaban.net/bat-dong-san/cho-thue-nha-tro-phong-tro-tp-da-lat-lam-dong,cate,cho thue,"nha tro, phong tro",lam-dong,tp-da-lat,ngoai top 30,Cho thuê nhà đất,"Nhà trọ, Phòng trọ",Lâm Đồng,TP. Đà Lạt
phòng trọ sinh viên đà lạt,110,https://muaban.net/bat-dong-san/cho-thue-nha-tro-phong-tro-tp-da-lat-lam-dong,cate,cho thue,"nha tro, phong tro",lam-dong,tp-da-lat,9,Cho thuê nhà đất,"Nhà trọ, Phòng trọ",Lâm Đồng,TP. Đà Lạt
thuê đất đà lạt,90,https://muaban.net/bat-dong-san/cho-thue-nha-xuong-nha-kho-tp-da-lat-lam-dong,cate,cho thue,"nha xuong, kho",lam-dong,tp-da-lat,16,Cho thuê nhà đất,Cho thuê đất,Lâm Đồng,TP. Đà Lạt
nhà đất lạng sơn,170,https://muaban.net/bat-dong-san/lang-son,cate,,,lang-son,,ngoai top 30,Bất động sản,Bất động sản,Lạng Sơn,
nha dat lang son moi nhat,100,https://muaban.net/bat-dong-san/lang-son,cate,,,lang-son,,22,Bất động sản,Bất động sản,Lạng Sơn,
nhà đất lào cai,210,https://muaban.net/bat-dong-san/lao-cai,cate,,,lao-cai,,23,Bất động sản,Bất động sản,Lào Cai,
nhà đất long an,140,https://muaban.net/bat-dong-san/long-an,cate,,,long-an,,6,Bất động sản,Bất động sản,Long An,
mua bán nhà đất long an,110,https://muaban.net/bat-dong-san/long-an,cate,,,long-an,,9,Bất động sản,Bất động sản,Long An,
bán nhà đất long an,100,https://muaban.net/bat-dong-san/long-an,cate,,,long-an,,10,Bất động sản,Bất động sản,Long An,
đất đức huệ,720,https://muaban.net/bat-dong-san/ban-dat-huyen-duc-hue-long-an,cate,ban,dat,long-an,huyen-duc-hue,23,Mua bán nhà đất,Bán đất,Long An,Huyện Đức Huệ
ban dat long an,590,https://muaban.net/bat-dong-san/ban-dat-long-an,cate,ban,dat,long-an,,15,Mua bán nhà đất,Bán đất,Long An,
đất nền long an,590,https://muaban.net/bat-dong-san/ban-dat-long-an,cate,ban,dat,long-an,,ngoai top 30,Mua bán nhà đất,Bán đất,Long An,
giá đất long an,320,https://muaban.net/bat-dong-san/ban-dat-long-an,cate,ban,dat,long-an,,25,Mua bán nhà đất,Bán đất,Long An,
đất vườn long an,320,https://muaban.net/tags/mua-ban-dat-vuon-long-an,tag,ban,dat,long-an,,14,Tags,Tags,,
mua đất long an,210,https://muaban.net/bat-dong-san/ban-dat-long-an,cate,ban,dat,long-an,,17,Mua bán nhà đất,Bán đất,Long An,
bán đất cần giuộc,170,https://muaban.net/bat-dong-san/ban-dat-huyen-can-giuoc-long-an,cate,ban,dat,long-an,huyen-can-giuoc,13,Mua bán nhà đất,Bán đất,Long An,Huyện Cần Giuộc
mua bán đất long an,120,https://muaban.net/bat-dong-san/ban-dat-long-an,cate,ban,dat,long-an,,17,Bất động sản,Bất động sản,Long An,
bán đất bến lức,110,https://muaban.net/bat-dong-san/ban-dat-huyen-ben-luc-long-an,cate,ban,dat,long-an,huyen-ben-luc,9,Mua bán nhà đất,Bán đất,Long An,Huyện Bến Lức
bán đất đức hòa,100,https://muaban.net/bat-dong-san/ban-dat-huyen-duc-hoa-long-an,cate,ban,dat,long-an,huyen-duc-hoa,16,Mua bán nhà đất,Bán đất,Long An,Huyện Đức Hoà
dat re long an,100,https://muaban.net/bat-dong-san/ban-dat-long-an,cate,ban,dat,long-an,,18,Mua bán nhà đất,Bán đất,Long An,
mua đất bến lức,100,https://muaban.net/bat-dong-san/ban-dat-huyen-ben-luc-long-an,cate,ban,dat,long-an,huyen-ben-luc,8,Mua bán nhà đất,Bán đất,Long An,Huyện Bến Lức
Bán đất vườn Long An,90,https://muaban.net/bat-dong-san/ban-dat-tho-cu-long-an,cate,ban,dat,long-an,,9,Mua bán nhà đất,Bán đất,Long An,
bán đất tân an,90,https://muaban.net/bat-dong-san/ban-dat-thanh-pho-tan-an-long-an,cate,ban,dat,long-an,thanh-pho-tan-an,21,Mua bán nhà đất,Bán đất,Long An,TP. Tân An
đất cần đước,80,https://muaban.net/bat-dong-san/ban-dat-huyen-can-duoc-long-an,cate,ban,dat,long-an,huyen-can-duoc,17,Mua bán nhà đất,Bán đất,Long An,Huyện Cần Đước
bán đất tân trụ,70,https://muaban.net/bat-dong-san/ban-dat-huyen-tan-tru-long-an,cate,ban,dat,long-an,huyen-tan-tru,14,Mua bán nhà đất,Bán đất,Long An,Huyện Tân Trụ
bán đất vĩnh hưng,50,https://muaban.net/bat-dong-san/ban-dat-huyen-vinh-hung-long-an,cate,ban,dat,long-an,huyen-vinh-hung,15,Mua bán nhà đất,Bán đất,Long An,Huyện Vĩnh Hưng
bán nhà long an,140,https://muaban.net/bat-dong-san/ban-nha-long-an,cate,ban,nha,long-an,,6,Mua bán nhà đất,Bán nhà,Long An,
bán nhà ở long an,100,https://muaban.net/bat-dong-san/ban-nha-long-an,cate,ban,nha,long-an,,5,Mua bán nhà đất,Bán nhà,Long An,
cho thuê nhà long an,110,https://muaban.net/bat-dong-san/cho-thue-nha-long-an,cate,cho thue,nha,long-an,,8,Cho thuê nhà đất,Thuê nhà,Long An,
nhà trọ bến lức,110,https://muaban.net/bat-dong-san/cho-thue-nha-tro-phong-tro-huyen-ben-luc-long-an,cate,cho thue,"nha tro, phong tro",long-an,huyen-ben-luc,14,Cho thuê nhà đất,"Nhà trọ, Phòng trọ",Long An,Huyện Bến Lức
nhà đất nam định,880,https://muaban.net/bat-dong-san/nam-dinh,cate,,,nam-dinh,,ngoai top 30,Bất động sản,Bất động sản,Nam Định,
nhà đất nam định giá từ 400 đến 600 triệu,590,https://muaban.net/bat-dong-san/nam-dinh,cate,,,nam-dinh,,8,Bất động sản,Bất động sản,Nam Định,
mua bán nhà đất nam định,210,https://muaban.net/bat-dong-san/nam-dinh,cate,,,nam-dinh,,19,Bất động sản,Bất động sản,Nam Định,
nhà đất nam định dưới 700 triệu,110,https://muaban.net/bat-dong-san/nam-dinh,cate,,,nam-dinh,,6,Bất động sản,Bất động sản,Nam Định,
bán đất nam định dưới 700 triệu,300,https://muaban.net/tags/mua-ban-dat-nam-dinh-duoi-700-trieu,tag,ban,dat,nam-dinh,,10,Tags,Tags,,
bán đất nam định,170,https://muaban.net/bat-dong-san/ban-dat-nam-dinh,cate,ban,dat,nam-dinh,,ngoai top 30,Mua bán nhà đất,Bán đất,Nam Định,
bán nhà nam định,170,https://muaban.net/bat-dong-san/ban-nha-nam-dinh,cate,ban,nha,nam-dinh,,ngoai top 30,Mua bán nhà đất,Bán nhà,Nam Định,
Nhà đất Nam Định dưới 1 tỷ,170,https://muaban.net/tags/mua-ban-nha-dat-nam-dinh-duoi-1-ty,tag,ban,nha dat,nam-dinh,,ngoai top 30,Mua bán nhà đất,Tags,TPHCM,Quận 4
thuê nhà nam định,170,https://muaban.net/bat-dong-san/cho-thue-nha-nam-dinh,cate,cho thue,nha,nam-dinh,,ngoai top 30,Cho thuê nhà đất,Thuê nhà,Nam Định,
nhà đất nghệ an,210,https://muaban.net/bat-dong-san/nghe-an,cate,,,nghe-an,,ngoai top 30,Bất động sản,Bất động sản,Nghệ An,
bán đất cửa lò,170,https://muaban.net/bat-dong-san/thi-xa-cua-lo-nghe-an,cate,,,nghe-an,thi-xa-cua-lo,ngoai top 30,Bất động sản,Bất động sản,Nghệ An,Thị Xã Cửa Lò
nhà đất vinh,170,https://muaban.net/bat-dong-san/tp-vinh-nghe-an,cate,,,nghe-an,tp-vinh,ngoai top 30,Bất động sản,Bất động sản,Nghệ An,TP. Vinh
bán đất tp vinh,210,https://muaban.net/bat-dong-san/ban-dat-tp-vinh-nghe-an,cate,ban,dat,nghe-an,tp-vinh,26,Mua bán nhà đất,Bán đất,Nghệ An,TP. Vinh
bán nhà đất tp vinh dưới 800tr,170,https://muaban.net/bat-dong-san/ban-nha-tp-vinh-nghe-an,cate,ban,nha,nghe-an,tp-vinh,ngoai top 30,Mua bán nhà đất,Bán nhà,Nghệ An,TP. Vinh
mua bán nhà đất tp vinh,170,https://muaban.net/bat-dong-san/ban-nha-tp-vinh-nghe-an,cate,ban,nha,nghe-an,tp-vinh,30,Mua bán nhà đất,Bán nhà,Nghệ An,TP. Vinh
nhà đất ninh bình,320,https://muaban.net/bat-dong-san/ninh-binh,cate,,,ninh-binh,,ngoai top 30,Bất động sản,Bất động sản,Ninh Bình,
bán đất ninh bình,260,https://muaban.net/bat-dong-san/ban-dat-ninh-binh,cate,ban,dat,ninh-binh,,ngoai top 30,Mua bán nhà đất,Bán đất,Ninh Bình,
đất rẻ ninh bình,170,https://muaban.net/bat-dong-san/ban-dat-ninh-binh,cate,ban,dat,ninh-binh,,ngoai top 30,Mua bán nhà đất,Bán đất,Ninh Bình,
nhà đất ninh thuận,170,https://muaban.net/bat-dong-san/ninh-thuan,cate,,,ninh-thuan,,9,Bất động sản,Bất động sản,Ninh Thuận,
mua bán nhà đất ninh thuận,140,https://muaban.net/bat-dong-san/ninh-thuan,cate,,,ninh-thuan,,9,Bất động sản,Bất động sản,Ninh Thuận,
nhà đất ninh thuận dưới 500 triệu,110,https://muaban.net/bat-dong-san/ninh-thuan,cate,,,ninh-thuan,,7,Bất động sản,Bất động sản,Ninh Thuận,
bán đất ninh thuận,140,https://muaban.net/bat-dong-san/ban-dat-ninh-thuan,cate,ban,dat,ninh-thuan,,7,Mua bán nhà đất,Bán đất,Ninh Thuận,
nhà đất ninh thuận giá 500 triệu,140,https://muaban.net/tags/mua-ban-dat-ninh-thuan-duoi-500-trieu,tag,ban,dat,ninh-thuan,,8,Mua bán nhà đất,Tags,TPHCM,Quận 9 (TP. Thủ Đức)
giá đất ninh thuận,110,https://muaban.net/bat-dong-san/ban-dat-ninh-thuan,cate,ban,dat,ninh-thuan,,16,Mua bán nhà đất,Bán đất,Ninh Thuận,
đất ninh thuận,110,https://muaban.net/bat-dong-san/ban-dat-ninh-thuan,cate,ban,dat,ninh-thuan,,10,Mua bán nhà đất,Bán đất,Ninh Thuận,
nhà đất việt trì,480,https://muaban.net/bat-dong-san/tp-viet-tri-phu-tho,cate,,,phu-tho,tp-viet-tri,24,Bất động sản,Bất động sản,Phú Thọ,TP. Việt Trì
nhà đất phú thọ,140,https://muaban.net/bat-dong-san/phu-tho,cate,,,phu-tho,,ngoai top 30,Bất động sản,Bất động sản,Phú Thọ,
nhà đất phú yên,320,https://muaban.net/bat-dong-san/phu-yen,cate,,,phu-yen,,20,Bất động sản,Bất động sản,Phú Yên,
mua bán nhà đất tuy hòa,140,https://muaban.net/bat-dong-san/tp-tuy-hoa-phu-yen,cate,,,phu-yen,tp-tuy-hoa,ngoai top 30,Bất động sản,Bất động sản,Phú Yên,TP. Tuy Hoà
nhà đất tuy hòa,140,https://muaban.net/bat-dong-san/tp-tuy-hoa-phu-yen,cate,,,phu-yen,tp-tuy-hoa,ngoai top 30,Bất động sản,Bất động sản,Phú Yên,TP. Tuy Hoà
nha dat tuy hoa phu yen,120,https://muaban.net/bat-dong-san/tp-tuy-hoa-phu-yen,cate,,,phu-yen,tp-tuy-hoa,ngoai top 30,Bất động sản,Bất động sản,Phú Yên,TP. Tuy Hoà
bán đất phú yên,140,https://muaban.net/bat-dong-san/ban-dat-phu-yen,cate,ban,dat,phu-yen,,24,Mua bán nhà đất,Bán đất,Phú Yên,
Nhà đất Tuy Hòa từ 500 triệu đến 1 tỷ,210,https://muaban.net/tags/mua-ban-nha-dat-tuy-hoa-phu-yen-tu-500-den-1-ty,tag,ban,nha dat,phu-yen,,4,Tags,Tags,,
bán Nhà đất Phú Yên dưới 1 tỷ,140,https://muaban.net/tags/mua-ban-nha-dat-phu-yen-duoi-1-ty,tag,ban,nha dat,phu-yen,,9,Mua bán nhà đất,Tags,TPHCM,Quận Bình Thạnh
bán đất quảng bình,90,https://muaban.net/bat-dong-san/ban-dat-quang-binh,cate,ban,dat,quang-binh,,ngoai top 30,Mua bán nhà đất,Bán đất,Quảng Bình,
nhà đất tam kỳ,320,https://muaban.net/bat-dong-san/tp-tam-ky-quang-nam,cate,,,quang-nam,tp-tam-ky,19,Bất động sản,Bất động sản,Quảng Nam,TP. Tam Kỳ
nhà đất hội an,210,https://muaban.net/bat-dong-san/tp-hoi-an-quang-nam,cate,,,quang-nam,tp-hoi-an,16,Bất động sản,Bất động sản,Quảng Nam,TP. Hội An
nhà đất núi thành,100,https://muaban.net/bat-dong-san/huyen-phu-ninh-quang-nam-quang-nam,cate,,,quang-nam,huyen-phu-ninh,21,Bất động sản,Bất động sản,Quảng Nam,Huyện Phú Ninh
bán đất hội an,590,https://muaban.net/bat-dong-san/ban-dat-tp-hoi-an-quang-nam,cate,ban,dat,quang-nam,tp-hoi-an,15,Mua bán nhà đất,Bán đất,Quảng Nam,TP. Hội An
bán đất quảng nam,110,https://muaban.net/bat-dong-san/ban-dat-quang-nam,cate,ban,dat,quang-nam,,16,Mua bán nhà đất,Bán đất,Quảng Nam,
bán đất tam kỳ,110,https://muaban.net/bat-dong-san/ban-dat-tp-tam-ky-quang-nam,cate,ban,dat,quang-nam,tp-tam-ky,ngoai top 30,Mua bán nhà đất,Bán đất,Quảng Nam,TP. Tam Kỳ
đất nền quảng nam,50,https://muaban.net/bat-dong-san/ban-dat-quang-nam,cate,ban,dat,quang-nam,,ngoai top 30,Mua bán nhà đất,Bán đất,Quảng Nam,
bán nhà hội an,210,https://muaban.net/bat-dong-san/ban-nha-tp-hoi-an-quang-nam,cate,ban,nha,quang-nam,tp-hoi-an,19,Mua bán nhà đất,Bán nhà,Quảng Nam,TP. Hội An
nhà đất quảng ngãi,480,https://muaban.net/bat-dong-san/quang-ngai,cate,,,quang-ngai,,ngoai top 30,Bất động sản,Bất động sản,Quảng Ngãi,
mua bán nhà đất quảng ngãi,90,https://muaban.net/bat-dong-san/quang-ngai,cate,,,quang-ngai,,25,Bất động sản,Bất động sản,Quảng Ngãi,
bán đất quảng ngãi,170,https://muaban.net/bat-dong-san/ban-dat-quang-ngai,cate,ban,dat,quang-ngai,,24,Mua bán nhà đất,Bán đất,Quảng Ngãi,
nhà đất hạ long,390,https://muaban.net/bat-dong-san/tp-ha-long-quang-ninh,cate,,,quang-ninh,tp-ha-long,9,Bất động sản,Bất động sản,Quảng Ninh,TP. Hạ Long
nhà đất quảng ninh,170,https://muaban.net/bat-dong-san/quang-ninh,cate,,,quang-ninh,,19,Bất động sản,Bất động sản,Quảng Ninh,
mua bán nhà đất quảng ninh,100,https://muaban.net/bat-dong-san/quang-ninh,cate,,,quang-ninh,,16,Bất động sản,Bất động sản,Quảng Ninh,
nhà đất uông bí,100,https://muaban.net/bat-dong-san/thanh-pho-uong-bi-quang-ninh,cate,,,quang-ninh,thanh-pho-uong-bi,27,Bất động sản,Bất động sản,Quảng Ninh,Thành Phố Uông Bí
nhà đất cẩm phả,70,https://muaban.net/bat-dong-san/thanh-pho-cam-pha-quang-ninh,cate,,,quang-ninh,thanh-pho-cam-pha,ngoai top 30,Bất động sản,Bất động sản,Quảng Ninh,Thành phố Cẩm Phả
chung cư hạ long,590,https://muaban.net/bat-dong-san/ban-can-ho-tp-ha-long-quang-ninh,cate,ban,can ho,quang-ninh,tp-ha-long,ngoai top 30,Mua bán nhà đất,Bán căn hộ,Quảng Ninh,TP. Hạ Long
bán đất quảng ninh,100,https://muaban.net/bat-dong-san/ban-dat-quang-ninh,cate,ban,dat,quang-ninh,,25,Mua bán nhà đất,Bán đất,Quảng Ninh,
nhà đất quảng trị,100,https://muaban.net/bat-dong-san/quang-tri,cate,,,quang-tri,,24,Bất động sản,Bất động sản,Quảng Trị,
mua bán đất quảng trị,50,https://muaban.net/bat-dong-san/ban-dat-quang-tri,cate,ban,dat,quang-tri,,22,Mua bán nhà đất,Bán đất,Quảng Trị,
nhà đất sóc trăng,720,https://muaban.net/bat-dong-san/soc-trang,cate,,,soc-trang,,26,Bất động sản,Bất động sản,Sóc Trăng,
mua bán nhà đất sóc trăng,100,https://muaban.net/bat-dong-san/soc-trang,cate,,,soc-trang,,25,Bất động sản,Bất động sản,Sóc Trăng,
mua bán đất sóc trăng,300,https://muaban.net/bat-dong-san/ban-dat-soc-trang,cate,ban,dat,soc-trang,,14,Mua bán nhà đất,Bán đất,Sóc Trăng,
bán đất sóc trăng,260,https://muaban.net/bat-dong-san/ban-dat-soc-trang,cate,ban,dat,soc-trang,,28,Mua bán nhà đất,Bán đất,Sóc Trăng,
mua đất sóc trăng,100,https://muaban.net/bat-dong-san/ban-dat-soc-trang,cate,ban,dat,soc-trang,,15,Mua bán nhà đất,Bán đất,Sóc Trăng,
bán nhà 160 triệu sóc trăng,100,https://muaban.net/bat-dong-san/ban-nha-soc-trang,cate,ban,nha,soc-trang,,8,Mua bán nhà đất,Bán nhà,Sóc Trăng,
thuê nhà sóc trăng,100,https://muaban.net/bat-dong-san/cho-thue-nha-soc-trang,cate,cho thue,nha,soc-trang,,9,Cho thuê nhà đất,Thuê nhà,Sóc Trăng,
nhà trọ sóc trăng,210,https://muaban.net/bat-dong-san/cho-thue-nha-tro-phong-tro-soc-trang,cate,cho thue,"nha tro, phong tro",soc-trang,,8,Cho thuê nhà đất,"Nhà trọ, Phòng trọ",Sóc Trăng,
nhà đất tây ninh,590,https://muaban.net/bat-dong-san/tp-tay-ninh-tay-ninh,cate,,,tay-ninh,,21,Bất động sản,Bất động sản,Tây Ninh,TP. Tây Ninh
mua bán nhà đất tây ninh,170,https://muaban.net/bat-dong-san/tay-ninh,cate,,,tay-ninh,,10,Bất động sản,Bất động sản,Tây Ninh,
bán nhà đất tây ninh 200 triệu,140,https://muaban.net/bat-dong-san/tay-ninh,cate,,,tay-ninh,,8,Bất động sản,Bất động sản,Tây Ninh,
bán đất tây ninh,320,https://muaban.net/bat-dong-san/ban-dat-tay-ninh,cate,ban,dat,tay-ninh,,ngoai top 30,Mua bán nhà đất,Bán đất,Tây Ninh,
mua đất tây ninh,110,https://muaban.net/bat-dong-san/ban-dat-tay-ninh,cate,ban,dat,tay-ninh,,12,Mua bán nhà đất,Bán đất,Tây Ninh,
mua bán đất tây ninh,80,https://muaban.net/bat-dong-san/ban-dat-tay-ninh,cate,ban,dat,tay-ninh,,10,Mua bán nhà đất,Bán đất,Tây Ninh,
bán nhà tây ninh,320,https://muaban.net/bat-dong-san/ban-nha-tay-ninh,cate,ban,nha,tay-ninh,,14,Mua bán nhà đất,Bán nhà,Tây Ninh,
ban nha tp tay ninh,90,https://muaban.net/bat-dong-san/ban-nha-tp-tay-ninh-tay-ninh,cate,ban,nha,tay-ninh,,13,Mua bán nhà đất,Bán nhà,Tây Ninh,TP. Tây Ninh
bán nhà đất tây ninh khoảng 200 triệu,250,https://muaban.net/tags/mua-ban-nha-dat-tay-ninh-duoi-200-trieu,tag,ban,nha dat,tay-ninh,,10,Tags,Tags,,
nhà đất tây ninh khoảng 200 triệu,250,https://muaban.net/tags/mua-ban-nha-dat-tay-ninh-duoi-200-trieu,tag,ban,nha dat,tay-ninh,,9,Mua bán nhà đất,Tags,TPHCM,Quận Tân Phú
nhà trọ tây ninh,170,https://muaban.net/bat-dong-san/cho-thue-nha-tro-phong-tro-tay-ninh,cate,cho thue,"nha tro, phong tro",tay-ninh,,22,Cho thuê nhà đất,"Nhà trọ, Phòng trọ",Tây Ninh,
nhà đất thái bình,590,https://muaban.net/bat-dong-san/thai-binh,cate,,,thai-binh,,27,Bất động sản,Bất động sản,Thái Bình,
mua bán nhà đất thái bình,260,https://muaban.net/bat-dong-san/thai-binh,cate,,,thai-binh,,19,Bất động sản,Bất động sản,Thái Bình,
nhà đất thành phố thái bình,210,https://muaban.net/bat-dong-san/tp-thai-binh-thai-binh,cate,,,thai-binh,,29,Bất động sản,Bất động sản,Thái Bình,TP. Thái Bình
bán đất thái bình,210,https://muaban.net/bat-dong-san/ban-dat-thai-binh,cate,ban,dat,thai-binh,,23,Mua bán nhà đất,Bán đất,Thái Bình,
mua đất thái bình,70,https://muaban.net/bat-dong-san/ban-dat-thai-binh,cate,ban,dat,thai-binh,,22,Mua bán nhà đất,Bán đất,Thái Bình,
bán nhà thái bình,170,https://muaban.net/bat-dong-san/ban-nha-thai-binh,cate,ban,nha,thai-binh,,21,Mua bán nhà đất,Bán nhà,Thái Bình,
nhà đất thái nguyên,480,https://muaban.net/bat-dong-san/thai-nguyen,cate,,,thai-nguyen,,ngoai top 30,Bất động sản,Bất động sản,Thái Nguyên,
mua bán nhà đất thái nguyên,110,https://muaban.net/bat-dong-san/thai-nguyen,cate,,,thai-nguyen,,ngoai top 30,Bất động sản,Bất động sản,Thái Nguyên,
bán đất thái nguyên,170,https://muaban.net/bat-dong-san/ban-dat-thai-nguyen,cate,ban,dat,thai-nguyen,,ngoai top 30,Mua bán nhà đất,Bán đất,Thái Nguyên,
mua bán đất thái nguyên,100,https://muaban.net/bat-dong-san/ban-dat-thai-nguyen,cate,ban,dat,thai-nguyen,,24,Mua bán nhà đất,Bán đất,Thái Nguyên,
mua đất thái nguyên,100,https://muaban.net/bat-dong-san/ban-dat-thai-nguyen,cate,ban,dat,thai-nguyen,,ngoai top 30,Mua bán nhà đất,Bán đất,Thái Nguyên,
bán nhà thái nguyên không qua môi giới,170,https://muaban.net/bat-dong-san/ban-nha-thai-nguyen,cate,ban,nha,thai-nguyen,,10,Mua bán nhà đất,Bán nhà,Thái Nguyên,
phòng trọ thái nguyên,110,https://muaban.net/bat-dong-san/cho-thue-nha-tro-phong-tro-thai-nguyen,cate,cho thue,"nha tro, phong tro",thai-nguyen,,ngoai top 30,Cho thuê nhà đất,"Nhà trọ, Phòng trọ",Thái Nguyên,
nhà đất thanh hóa,390,https://muaban.net/bat-dong-san/thanh-hoa,cate,,,thanh-hoa,,16,Bất động sản,Bất động sản,Thanh Hóa,
mua bán nhà đất thanh hóa,210,https://muaban.net/bat-dong-san/thanh-hoa,cate,,,thanh-hoa,,16,Bất động sản,Bất động sản,Thanh Hóa,
bán đất thanh hóa,140,https://muaban.net/bat-dong-san/ban-dat-thanh-hoa,cate,ban,dat,thanh-hoa,,10,Mua bán nhà đất,Bán đất,Thanh Hóa,
mua bán đất thanh hóa,110,https://muaban.net/bat-dong-san/ban-dat-thanh-hoa,cate,ban,dat,thanh-hoa,,12,Mua bán nhà đất,Bán đất,Thanh Hóa,
bán đất ở huế,50,https://muaban.net/bat-dong-san/ban-dat-thua-thien-hue,cate,ban,dat,thua-thien-hue,,9,Mua bán nhà đất,Bán đất,Thừa Thiên Huế,
căn thuê nhà ở huế giá rẻ 1 triệu,210,https://muaban.net/bat-dong-san/cho-thue-nha-thua-thien-hue,cate,cho thue,nha,thua-thien-hue,,5,Cho thuê nhà đất,Thuê nhà,Thừa Thiên Huế,
thuê nhà ở huế,110,https://muaban.net/bat-dong-san/cho-thue-nha-thua-thien-hue,cate,cho thue,nha,thua-thien-hue,,7,Cho thuê nhà đất,Thuê nhà,Thừa Thiên Huế,
phòng trọ huế,390,https://muaban.net/bat-dong-san/cho-thue-nha-tro-phong-tro-thua-thien-hue,cate,cho thue,"nha tro, phong tro",thua-thien-hue,,ngoai top 30,Cho thuê nhà đất,"Nhà trọ, Phòng trọ",Thừa Thiên Huế,
nhà đất tiền giang,390,https://muaban.net/bat-dong-san/tien-giang,cate,,,tien-giang,,24,Bất động sản,Bất động sản,Tiền Giang,
nhà đất mỹ tho,320,https://muaban.net/bat-dong-san/tp-my-tho-tien-giang,cate,,,tien-giang,tp-my-tho,20,Bất động sản,Bất động sản,Tiền Giang,TP. Mỹ Tho
bán đất tân phước tiền giang,80,https://muaban.net/bat-dong-san/huyen-tan-phuoc-tien-giang,cate,,,tien-giang,huyen-tan-phuoc,21,Bất động sản,Bất động sản,Tiền Giang,Huyện Tân Phước
bán đất tiền giang,170,https://muaban.net/bat-dong-san/ban-dat-tien-giang,cate,ban,dat,tien-giang,,18,Mua bán nhà đất,Bán đất,Tiền Giang,
bán đất gò công đông,110,https://muaban.net/bat-dong-san/ban-dat-huyen-go-cong-dong-tien-giang,cate,ban,dat,tien-giang,huyen-go-cong,1,Mua bán nhà đất,Bán đất,Tiền Giang,Huyện Gò Công Đông
bán đất mỹ tho,110,https://muaban.net/bat-dong-san/ban-dat-tp-my-tho-tien-giang,cate,ban,dat,tien-giang,tp-my-tho,22,Mua bán nhà đất,Bán đất,Tiền Giang,TP. Mỹ Tho
bán đất vườn tiền giang giá rẻ,110,https://muaban.net/tags/mua-ban-dat-vuon-tien-giang,tag,ban,dat,tien-giang,,6,Tags,Tags,,
bán đất gò công tây,100,https://muaban.net/bat-dong-san/ban-dat-huyen-go-cong-tay-tien-giang,cate,ban,dat,tien-giang,huyen-go-cong,9,Mua bán nhà đất,Bán đất,Tiền Giang,Huyện Gò Công Tây
bán đất thị xã gò công,100,https://muaban.net/bat-dong-san/ban-dat-thi-xa-go-cong-tien-giang,cate,ban,dat,tien-giang,thi-xa-go-cong,9,Mua bán nhà đất,Bán đất,Tiền Giang,Thị Xã Gò Công
bán đất vườn tiền giang,100,https://muaban.net/bat-dong-san/ban-dat-tien-giang,cate,ban,dat,tien-giang,,8,Mua bán nhà đất,Bán đất,Tiền Giang,
nhà đất mỹ tho dưới 200 triệu,150,https://muaban.net/tags/mua-ban-nha-dat-tp-my-tho-tien-giang-duoi-200-trieu,tag,ban,nha dat,tien-giang,tp-my-tho,2,Tags,Tags,,
nhà đất mỹ tho giá dưới 200 triệu,150,https://muaban.net/tags/mua-ban-nha-dat-tp-my-tho-tien-giang-duoi-200-trieu,tag,ban,nha dat,tien-giang,tp-my-tho,2,Mua bán nhà đất,Tags,TPHCM,Quận 6
nhà trọ mỹ tho,260,https://muaban.net/bat-dong-san/cho-thue-nha-tro-phong-tro-tp-my-tho-tien-giang,cate,cho thue,"nha tro, phong tro",tien-giang,tp-my-tho,9,Cho thuê nhà đất,"Nhà trọ, Phòng trọ",Tiền Giang,TP. Mỹ Tho
nhà đất trà vinh,390,https://muaban.net/bat-dong-san/tra-vinh,cate,,,tra-vinh,,25,Bất động sản,Bất động sản,Trà Vinh,
mua bán nhà đất trà vinh,110,https://muaban.net/bat-dong-san/tra-vinh,cate,,,tra-vinh,,18,Bất động sản,Bất động sản,Trà Vinh,
bán đất trà vinh,170,https://muaban.net/bat-dong-san/ban-dat-tra-vinh,cate,ban,dat,tra-vinh,,22,Mua bán nhà đất,Bán đất,Trà Vinh,
mua bán đất trà vinh,110,https://muaban.net/bat-dong-san/ban-dat-tra-vinh,cate,ban,dat,tra-vinh,,24,Mua bán nhà đất,Bán đất,Trà Vinh,
mua đất trà vinh,100,https://muaban.net/bat-dong-san/ban-dat-tra-vinh,cate,ban,dat,tra-vinh,,27,Mua bán nhà đất,Bán đất,Trà Vinh,
bán nhà trà vinh,100,https://muaban.net/bat-dong-san/ban-nha-tra-vinh,cate,ban,nha,tra-vinh,,20,Mua bán nhà đất,Bán nhà,Trà Vinh,
ban nha mat tien tra vinh,50,https://muaban.net/bat-dong-san/ban-nha-mat-tien-tra-vinh,cate,ban,nha mat tien,tra-vinh,,15,Mua bán nhà đất,Bán nhà,Trà Vinh,
nhà trọ trà vinh,390,https://muaban.net/bat-dong-san/cho-thue-nha-tro-phong-tro-tra-vinh,cate,cho thue,"nha tro, phong tro",tra-vinh,,ngoai top 30,Cho thuê nhà đất,"Nhà trọ, Phòng trọ",Trà Vinh,
nhà đất tuyên quang,140,https://muaban.net/bat-dong-san/tuyen-quang,cate,,,tuyen-quang,,ngoai top 30,Bất động sản,Bất động sản,Tuyên Quang,
nhà đất vĩnh long,390,https://muaban.net/bat-dong-san/vinh-long,cate,,,vinh-long,,20,Bất động sản,Bất động sản,Vĩnh Long,
bán đất vĩnh long,110,https://muaban.net/bat-dong-san/ban-dat-vinh-long,cate,ban,dat,vinh-long,,9,Mua bán nhà đất,Bán đất,Vĩnh Long,
bán nhà vĩnh long,90,https://muaban.net/bat-dong-san/ban-nha-vinh-long,cate,ban,nha,vinh-long,,ngoai top 30,Mua bán nhà đất,Bán nhà,Vĩnh Long,
nhà trọ vĩnh long,320,https://muaban.net/bat-dong-san/cho-thue-nha-tro-phong-tro-vinh-long,cate,cho thue,"nha tro, phong tro",vinh-long,,ngoai top 30,Cho thuê nhà đất,"Nhà trọ, Phòng trọ",Vĩnh Long,
nhà đất vĩnh phúc,210,https://muaban.net/bat-dong-san/vinh-phuc,cate,,,vinh-phuc,,18,Bất động sản,Bất động sản,Vĩnh Phúc,
bán đất vĩnh phúc,170,https://muaban.net/bat-dong-san/ban-dat-vinh-phuc,cate,ban,dat,vinh-phuc,,14,Mua bán nhà đất,Bán đất,Vĩnh Phúc,
nhà đất yên bái,90,https://muaban.net/bat-dong-san/yen-bai,cate,,,yen-bai,,15,Bất động sản,Bất động sản,Yên Bái,
